order_id,customer_id,order_date,store_id,store_name,region,product_id,product_name,category,subcategory,quantity,unit_price,discount_pct,revenue,cost,gross_margin,payment_method,channel,order_status,delivery_days,inventory_on_hand,reorder_level,seller_id,rating,return_flag
O000001,C0018,2025-04-14,S002,Chennai Marina,South,P012,Non-stick Pan,Home Appliances,Kitchen,2,2199,5,4178.1,2214.39,1963.71,Credit Card,Mobile App,Delivered,3,27,32,SELLER002,2,0
O000002,C0035,2025-07-27,S003,Mumbai West,West,P007,Desk Lamp,Home,Lighting,3,999,10,2697.3,1456.54,1240.76,Debit Card,Store,Delivered,4,46,39,SELLER003,3,0
O000003,C0052,2025-10-13,S004,Delhi Select,North,P002,Smart Watch,Electronics,Wearables,4,5999,15,20396.6,11218.13,9178.47,Wallet,Web,Shipped,5,65,46,SELLER004,4,0
O000004,C0069,2025-01-26,S005,Hyderabad Hub,South,P013,USB-C Hub,Electronics,Accessories,1,2299,20,1839.2,1029.95,809.25,Net Banking,Mobile App,Processing,,84,53,SELLER005,5,0
O000005,C0086,2025-04-12,S006,Pune Market,West,P008,Yoga Mat,Sports,Fitness,2,1299,0,2598,1480.86,1117.14,UPI,Store,Returned,7,103,25,SELLER006,1,1
O000006,C0103,2025-07-25,S001,Bengaluru Central,South,P003,Coffee Maker,Home Appliances,Kitchen,3,3499,5,9972.15,5783.85,4188.3,Credit Card,Web,Cancelled,,122,32,SELLER007,2,0
O000007,C0120,2025-10-11,S002,Chennai Marina,South,P014,Office Chair,Office,Furniture,4,8999,10,32396.4,16846.13,15550.27,Debit Card,Mobile App,Delivered,9,141,39,SELLER008,3,0
O000008,C0137,2025-01-24,S003,Mumbai West,West,P009,Backpack,Fashion,Bags,1,1799,15,1529.15,810.45,718.7,Wallet,Store,Delivered,2,160,46,SELLER009,4,0
O000009,C0154,2025-04-10,S004,Delhi Select,North,P004,Running Shoes,Fashion,Footwear,2,2999,20,4798.4,2591.14,2207.26,Net Banking,Web,Delivered,3,179,53,SELLER010,5,0
O000010,C0171,2025-07-23,S005,Hyderabad Hub,South,P015,Skincare Set,Beauty,Personal Care,3,2499,0,7497,4123.35,3373.65,UPI,Mobile App,Shipped,4,18,25,SELLER011,1,0
O000011,C0188,2025-10-09,S006,Pune Market,West,P010,Water Bottle,Sports,Fitness,4,699,5,2656.2,1487.47,1168.73,Credit Card,Store,Processing,,37,32,SELLER012,2,0
O000012,C0205,2025-01-22,S001,Bengaluru Central,South,P005,Bluetooth Speaker,Electronics,Audio,1,1899,10,1709.1,974.19,734.91,Debit Card,Web,Returned,6,56,39,SELLER013,3,1
O000013,C0222,2025-04-08,S002,Chennai Marina,South,P016,Bluetooth Keyboard,Electronics,Accessories,2,2799,15,4758.3,2759.81,1998.49,Wallet,Mobile App,Cancelled,,75,46,SELLER014,4,0
O000014,C0239,2025-07-21,S003,Mumbai West,West,P011,Cotton Bedsheet,Home,Bedding,3,1599,20,3837.6,1995.55,1842.05,Net Banking,Store,Delivered,8,94,53,SELLER015,5,0
O000015,C0006,2025-10-07,S004,Delhi Select,North,P006,Laptop Stand,Office,Accessories,4,1499,0,5996,3177.88,2818.12,UPI,Web,Delivered,9,113,25,SELLER016,1,0
O000016,C0023,2025-01-20,S005,Hyderabad Hub,South,P001,Wireless Headphones,Electronics,Audio,1,2499,5,2374.05,1281.99,1092.06,Credit Card,Mobile App,Delivered,2,132,32,SELLER017,2,0
O000017,C0040,2025-04-06,S006,Pune Market,West,P012,Non-stick Pan,Home Appliances,Kitchen,2,2199,10,3958.2,2177.01,1781.19,Debit Card,Store,Shipped,3,151,39,SELLER018,3,0
O000018,C0057,2025-07-19,S001,Bengaluru Central,South,P007,Desk Lamp,Home,Lighting,3,999,15,2547.45,1426.57,1120.88,Wallet,Web,Processing,,170,46,SELLER001,4,0
O000019,C0074,2025-10-05,S002,Chennai Marina,South,P002,Smart Watch,Electronics,Wearables,4,5999,20,19196.8,10942.18,8254.62,Net Banking,Mobile App,Returned,5,9,53,SELLER002,5,1
O000020,C0091,2025-01-18,S003,Mumbai West,West,P013,USB-C Hub,Electronics,Accessories,1,2299,0,2299,1333.42,965.58,UPI,Store,Cancelled,,28,25,SELLER003,1,0
O000021,C0108,2025-04-04,S004,Delhi Select,North,P008,Yoga Mat,Sports,Fitness,2,1299,5,2468.1,1283.41,1184.69,Credit Card,Web,Delivered,7,47,32,SELLER004,2,0
O000022,C0125,2025-07-17,S005,Hyderabad Hub,South,P003,Coffee Maker,Home Appliances,Kitchen,3,3499,10,9447.3,5007.07,4440.23,Debit Card,Mobile App,Delivered,8,66,39,SELLER005,3,0
O000023,C0142,2025-10-03,S006,Pune Market,West,P014,Office Chair,Office,Furniture,4,8999,15,30596.6,16522.16,14074.44,Wallet,Store,Delivered,9,85,46,SELLER006,4,0
O000024,C0159,2025-01-16,S001,Bengaluru Central,South,P009,Backpack,Fashion,Bags,1,1799,20,1439.2,791.56,647.64,Net Banking,Web,Shipped,2,104,53,SELLER007,5,0
O000025,C0176,2025-04-02,S002,Chennai Marina,South,P004,Running Shoes,Fashion,Footwear,2,2999,0,5998,3358.88,2639.12,UPI,Mobile App,Processing,,123,25,SELLER008,1,0
O000026,C0193,2025-07-15,S003,Mumbai West,West,P015,Skincare Set,Beauty,Personal Care,3,2499,5,7122.15,4059.63,3062.52,Credit Card,Store,Returned,4,142,32,SELLER009,2,1
O000027,C0210,2025-10-01,S004,Delhi Select,North,P010,Water Bottle,Sports,Fitness,4,699,10,2516.4,1459.51,1056.89,Debit Card,Web,Cancelled,,161,39,SELLER010,3,0
O000028,C0227,2025-01-14,S005,Hyderabad Hub,South,P005,Bluetooth Speaker,Electronics,Audio,1,1899,15,1614.15,839.36,774.79,Wallet,Mobile App,Delivered,6,180,46,SELLER011,4,0
O000029,C0244,2025-04-27,S006,Pune Market,West,P016,Bluetooth Keyboard,Electronics,Accessories,2,2799,20,4478.4,2373.55,2104.85,Net Banking,Store,Delivered,7,19,53,SELLER012,5,0
O000030,C0011,2025-07-13,S001,Bengaluru Central,South,P011,Cotton Bedsheet,Home,Bedding,3,1599,0,4797,2590.38,2206.62,UPI,Web,Delivered,8,38,25,SELLER013,1,0
O000031,C0028,2025-10-26,S002,Chennai Marina,South,P006,Laptop Stand,Office,Accessories,4,1499,5,5696.2,3132.91,2563.29,Credit Card,Mobile App,Shipped,9,57,32,SELLER014,2,0
O000032,C0045,2025-01-12,S003,Mumbai West,West,P001,Wireless Headphones,Electronics,Audio,1,2499,10,2249.1,1259.5,989.6,Debit Card,Store,Processing,,76,39,SELLER015,3,0
O000033,C0062,2025-04-25,S004,Delhi Select,North,P012,Non-stick Pan,Home Appliances,Kitchen,2,2199,15,3738.3,2130.83,1607.47,Wallet,Web,Returned,3,95,46,SELLER016,4,1
O000034,C0079,2025-07-11,S005,Hyderabad Hub,South,P007,Desk Lamp,Home,Lighting,3,999,20,2397.6,1390.61,1006.99,Net Banking,Mobile App,Cancelled,,114,53,SELLER017,5,0
O000035,C0096,2025-10-24,S006,Pune Market,West,P002,Smart Watch,Electronics,Wearables,4,5999,0,23996,12477.92,11518.08,UPI,Store,Delivered,5,133,25,SELLER018,1,0
O000036,C0113,2025-01-10,S001,Bengaluru Central,South,P013,USB-C Hub,Electronics,Accessories,1,2299,5,2184.05,1157.55,1026.5,Credit Card,Web,Delivered,6,152,32,SELLER001,2,0
O000037,C0130,2025-04-23,S002,Chennai Marina,South,P008,Yoga Mat,Sports,Fitness,2,1299,10,2338.2,1262.63,1075.57,Debit Card,Mobile App,Delivered,7,171,39,SELLER002,3,0
O000038,C0147,2025-07-09,S003,Mumbai West,West,P003,Coffee Maker,Home Appliances,Kitchen,3,3499,15,8922.45,4907.35,4015.1,Wallet,Store,Shipped,8,10,46,SELLER003,4,0
O000039,C0164,2025-10-22,S004,Delhi Select,North,P014,Office Chair,Office,Furniture,4,8999,20,28796.8,16126.21,12670.59,Net Banking,Web,Processing,,29,53,SELLER004,5,0
O000040,C0181,2025-01-08,S005,Hyderabad Hub,South,P009,Backpack,Fashion,Bags,1,1799,0,1799,1025.43,773.57,UPI,Mobile App,Returned,2,48,25,SELLER005,1,1
O000041,C0198,2025-04-21,S006,Pune Market,West,P004,Running Shoes,Fashion,Footwear,2,2999,5,5698.1,3304.9,2393.2,Credit Card,Store,Cancelled,,67,32,SELLER006,2,0
O000042,C0215,2025-07-07,S001,Bengaluru Central,South,P015,Skincare Set,Beauty,Personal Care,3,2499,10,6747.3,3508.6,3238.7,Debit Card,Web,Delivered,4,86,39,SELLER007,3,0
O000043,C0232,2025-10-20,S002,Chennai Marina,South,P010,Water Bottle,Sports,Fitness,4,699,15,2376.6,1259.6,1117,Wallet,Mobile App,Delivered,5,105,46,SELLER008,4,0
O000044,C0249,2025-01-06,S003,Mumbai West,West,P005,Bluetooth Speaker,Electronics,Audio,1,1899,20,1519.2,820.37,698.83,Net Banking,Store,Delivered,6,124,53,SELLER009,5,0
O000045,C0016,2025-04-19,S004,Delhi Select,North,P016,Bluetooth Keyboard,Electronics,Accessories,2,2799,0,5598,3078.9,2519.1,UPI,Web,Shipped,7,143,25,SELLER010,1,0
O000046,C0033,2025-07-05,S005,Hyderabad Hub,South,P011,Cotton Bedsheet,Home,Bedding,3,1599,5,4557.15,2552,2005.15,Credit Card,Mobile App,Processing,,162,32,SELLER011,2,0
O000047,C0050,2025-10-18,S006,Pune Market,West,P006,Laptop Stand,Office,Accessories,4,1499,10,5396.4,3075.95,2320.45,Debit Card,Store,Returned,9,181,39,SELLER012,3,1
O000048,C0067,2025-01-04,S001,Bengaluru Central,South,P001,Wireless Headphones,Electronics,Audio,1,2499,15,2124.15,1232.01,892.14,Wallet,Web,Cancelled,,20,46,SELLER013,4,0
O000049,C0084,2025-04-17,S002,Chennai Marina,South,P012,Non-stick Pan,Home Appliances,Kitchen,2,2199,20,3518.4,1829.57,1688.83,Net Banking,Mobile App,Delivered,3,39,53,SELLER014,5,0
O000050,C0101,2025-07-03,S003,Mumbai West,West,P007,Desk Lamp,Home,Lighting,3,999,0,2997,1588.41,1408.59,UPI,Store,Delivered,4,58,25,SELLER015,1,0
O000051,C0118,2025-10-16,S004,Delhi Select,North,P002,Smart Watch,Electronics,Wearables,4,5999,5,22796.2,12309.95,10486.25,Credit Card,Web,Delivered,5,77,32,SELLER016,2,0
O000052,C0135,2025-01-02,S005,Hyderabad Hub,South,P013,USB-C Hub,Electronics,Accessories,1,2299,10,2069.1,1138.01,931.09,Debit Card,Mobile App,Shipped,6,96,39,SELLER017,3,0
O000053,C0152,2025-04-15,S006,Pune Market,West,P008,Yoga Mat,Sports,Fitness,2,1299,15,2208.3,1236.65,971.65,Wallet,Store,Processing,,115,46,SELLER018,4,0
O000054,C0169,2025-07-01,S001,Bengaluru Central,South,P003,Coffee Maker,Home Appliances,Kitchen,3,3499,20,8397.6,4786.63,3610.97,Net Banking,Web,Returned,8,134,53,SELLER001,5,1
O000055,C0186,2025-10-14,S002,Chennai Marina,South,P014,Office Chair,Office,Furniture,4,8999,0,35996,20877.68,15118.32,UPI,Mobile App,Cancelled,,153,25,SELLER002,1,0
O000056,C0203,2025-01-27,S003,Mumbai West,West,P009,Backpack,Fashion,Bags,1,1799,5,1709.05,888.71,820.34,Credit Card,Store,Delivered,2,172,32,SELLER003,2,0
O000057,C0220,2025-04-13,S004,Delhi Select,North,P004,Running Shoes,Fashion,Footwear,2,2999,10,5398.2,2861.05,2537.15,Debit Card,Web,Delivered,3,11,39,SELLER004,3,0
O000058,C0237,2025-07-26,S005,Hyderabad Hub,South,P015,Skincare Set,Beauty,Personal Care,3,2499,15,6372.45,3441.12,2931.33,Wallet,Mobile App,Delivered,4,30,46,SELLER005,4,0
O000059,C0004,2025-10-12,S006,Pune Market,West,P010,Water Bottle,Sports,Fitness,4,699,20,2236.8,1230.24,1006.56,Net Banking,Store,Shipped,5,49,53,SELLER006,5,0
O000060,C0021,2025-01-25,S001,Bengaluru Central,South,P005,Bluetooth Speaker,Electronics,Audio,1,1899,0,1899,1063.44,835.56,UPI,Web,Processing,,68,25,SELLER007,1,0
O000061,C0038,2025-04-11,S002,Chennai Marina,South,P016,Bluetooth Keyboard,Electronics,Accessories,2,2799,5,5318.1,3031.32,2286.78,Credit Card,Mobile App,Returned,7,87,32,SELLER008,2,1
O000062,C0055,2025-07-24,S003,Mumbai West,West,P011,Cotton Bedsheet,Home,Bedding,3,1599,10,4317.3,2504.03,1813.27,Debit Card,Store,Cancelled,,106,39,SELLER009,3,0
O000063,C0072,2025-10-10,S004,Delhi Select,North,P006,Laptop Stand,Office,Accessories,4,1499,15,5096.6,2650.23,2446.37,Wallet,Web,Delivered,9,125,46,SELLER010,4,0
O000064,C0089,2025-01-23,S005,Hyderabad Hub,South,P001,Wireless Headphones,Electronics,Audio,1,2499,20,1999.2,1059.58,939.62,Net Banking,Mobile App,Delivered,2,144,53,SELLER011,5,0
O000065,C0106,2025-04-09,S006,Pune Market,West,P012,Non-stick Pan,Home Appliances,Kitchen,2,2199,0,4398,2374.92,2023.08,UPI,Store,Delivered,3,163,25,SELLER012,1,0
O000066,C0123,2025-07-22,S001,Bengaluru Central,South,P007,Desk Lamp,Home,Lighting,3,999,5,2847.15,1565.93,1281.22,Credit Card,Web,Shipped,4,182,32,SELLER013,2,0
O000067,C0140,2025-10-08,S002,Chennai Marina,South,P002,Smart Watch,Electronics,Wearables,4,5999,10,21596.4,12093.98,9502.42,Debit Card,Mobile App,Processing,,21,39,SELLER014,3,0
O000068,C0157,2025-01-21,S003,Mumbai West,West,P013,USB-C Hub,Electronics,Accessories,1,2299,15,1954.15,1113.87,840.28,Wallet,Store,Returned,6,40,46,SELLER015,4,1
O000069,C0174,2025-04-07,S004,Delhi Select,North,P008,Yoga Mat,Sports,Fitness,2,1299,20,2078.4,1205.47,872.93,Net Banking,Web,Cancelled,,59,53,SELLER016,5,0
O000070,C0191,2025-07-20,S005,Hyderabad Hub,South,P003,Coffee Maker,Home Appliances,Kitchen,3,3499,0,10497,5458.44,5038.56,UPI,Mobile App,Delivered,8,78,25,SELLER017,1,0
O000071,C0208,2025-10-06,S006,Pune Market,West,P014,Office Chair,Office,Furniture,4,8999,5,34196.2,18123.99,16072.21,Credit Card,Store,Delivered,9,97,32,SELLER018,2,0
O000072,C0225,2025-01-19,S001,Bengaluru Central,South,P009,Backpack,Fashion,Bags,1,1799,10,1619.1,874.31,744.79,Debit Card,Web,Delivered,2,116,39,SELLER001,3,0
O000073,C0242,2025-04-05,S002,Chennai Marina,South,P004,Running Shoes,Fashion,Footwear,2,2999,15,5098.3,2804.07,2294.23,Wallet,Mobile App,Shipped,3,135,46,SELLER002,4,0
O000074,C0009,2025-07-18,S003,Mumbai West,West,P015,Skincare Set,Beauty,Personal Care,3,2499,20,5997.6,3358.66,2638.94,Net Banking,Store,Processing,,154,53,SELLER003,5,0
O000075,C0026,2025-10-04,S004,Delhi Select,North,P010,Water Bottle,Sports,Fitness,4,699,0,2796,1593.72,1202.28,UPI,Web,Returned,5,173,25,SELLER004,1,1
O000076,C0043,2025-01-17,S005,Hyderabad Hub,South,P005,Bluetooth Speaker,Electronics,Audio,1,1899,5,1804.05,1046.35,757.7,Credit Card,Mobile App,Cancelled,,12,32,SELLER005,2,0
O000077,C0060,2025-04-03,S006,Pune Market,West,P016,Bluetooth Keyboard,Electronics,Accessories,2,2799,10,5038.2,2619.86,2418.34,Debit Card,Store,Delivered,7,31,39,SELLER006,3,0
O000078,C0077,2025-07-16,S001,Bengaluru Central,South,P011,Cotton Bedsheet,Home,Bedding,3,1599,15,4077.45,2161.05,1916.4,Wallet,Web,Delivered,8,50,46,SELLER007,4,0
O000079,C0094,2025-10-02,S002,Chennai Marina,South,P006,Laptop Stand,Office,Accessories,4,1499,20,4796.8,2590.27,2206.53,Net Banking,Mobile App,Delivered,9,69,53,SELLER008,5,0
O000080,C0111,2025-01-15,S003,Mumbai West,West,P001,Wireless Headphones,Electronics,Audio,1,2499,0,2499,1374.45,1124.55,UPI,Store,Shipped,2,88,25,SELLER009,1,0
O000081,C0128,2025-04-01,S004,Delhi Select,North,P012,Non-stick Pan,Home Appliances,Kitchen,2,2199,5,4178.1,2339.74,1838.36,Credit Card,Web,Processing,,107,32,SELLER010,2,0
O000082,C0145,2025-07-14,S005,Hyderabad Hub,South,P007,Desk Lamp,Home,Lighting,3,999,10,2697.3,1537.46,1159.84,Debit Card,Mobile App,Returned,4,126,39,SELLER011,3,1
O000083,C0162,2025-10-27,S006,Pune Market,West,P002,Smart Watch,Electronics,Wearables,4,5999,15,20396.6,11830.03,8566.57,Wallet,Store,Cancelled,,145,46,SELLER012,4,0
O000084,C0179,2025-01-13,S001,Bengaluru Central,South,P013,USB-C Hub,Electronics,Accessories,1,2299,20,1839.2,956.38,882.82,Net Banking,Web,Delivered,6,164,53,SELLER013,5,0
O000085,C0196,2025-04-26,S002,Chennai Marina,South,P008,Yoga Mat,Sports,Fitness,2,1299,0,2598,1376.94,1221.06,UPI,Mobile App,Delivered,7,183,25,SELLER014,1,0
O000086,C0213,2025-07-12,S003,Mumbai West,West,P003,Coffee Maker,Home Appliances,Kitchen,3,3499,5,9972.15,5384.96,4587.19,Credit Card,Store,Delivered,8,22,32,SELLER015,2,0
O000087,C0230,2025-10-25,S004,Delhi Select,North,P014,Office Chair,Office,Furniture,4,8999,10,32396.4,17818.02,14578.38,Debit Card,Web,Shipped,9,41,39,SELLER016,3,0
O000088,C0247,2025-01-11,S005,Hyderabad Hub,South,P009,Backpack,Fashion,Bags,1,1799,15,1529.15,856.32,672.83,Wallet,Mobile App,Processing,,60,46,SELLER017,4,0
O000089,C0014,2025-04-24,S006,Pune Market,West,P004,Running Shoes,Fashion,Footwear,2,2999,20,4798.4,2735.09,2063.31,Net Banking,Store,Returned,3,79,53,SELLER018,5,1
O000090,C0031,2025-07-10,S001,Bengaluru Central,South,P015,Skincare Set,Beauty,Personal Care,3,2499,0,7497,4348.26,3148.74,UPI,Web,Cancelled,,98,25,SELLER001,1,0
O000091,C0048,2025-10-23,S002,Chennai Marina,South,P010,Water Bottle,Sports,Fitness,4,699,5,2656.2,1381.22,1274.98,Credit Card,Mobile App,Delivered,5,117,32,SELLER002,2,0
O000092,C0065,2025-01-09,S003,Mumbai West,West,P005,Bluetooth Speaker,Electronics,Audio,1,1899,10,1709.1,905.82,803.28,Debit Card,Store,Delivered,6,136,39,SELLER003,3,0
O000093,C0082,2025-04-22,S004,Delhi Select,North,P016,Bluetooth Keyboard,Electronics,Accessories,2,2799,15,4758.3,2569.48,2188.82,Wallet,Web,Delivered,7,155,46,SELLER004,4,0
O000094,C0099,2025-07-08,S005,Hyderabad Hub,South,P011,Cotton Bedsheet,Home,Bedding,3,1599,20,3837.6,2110.68,1726.92,Net Banking,Mobile App,Shipped,8,174,53,SELLER005,5,0
O000095,C0116,2025-10-21,S006,Pune Market,West,P006,Laptop Stand,Office,Accessories,4,1499,0,5996,3357.76,2638.24,UPI,Store,Processing,,13,25,SELLER006,1,0
O000096,C0133,2025-01-07,S001,Bengaluru Central,South,P001,Wireless Headphones,Electronics,Audio,1,2499,5,2374.05,1353.21,1020.84,Credit Card,Web,Returned,2,32,32,SELLER007,2,1
O000097,C0150,2025-04-20,S002,Chennai Marina,South,P012,Non-stick Pan,Home Appliances,Kitchen,2,2199,10,3958.2,2295.76,1662.44,Debit Card,Mobile App,Cancelled,,51,39,SELLER008,3,0
O000098,C0167,2025-07-06,S003,Mumbai West,West,P007,Desk Lamp,Home,Lighting,3,999,15,2547.45,1324.67,1222.78,Wallet,Store,Delivered,4,70,46,SELLER009,4,0
O000099,C0184,2025-10-19,S004,Delhi Select,North,P002,Smart Watch,Electronics,Wearables,4,5999,20,19196.8,10174.3,9022.5,Net Banking,Web,Delivered,5,89,53,SELLER010,5,0
O000100,C0201,2025-01-05,S005,Hyderabad Hub,South,P013,USB-C Hub,Electronics,Accessories,1,2299,0,2299,1241.46,1057.54,UPI,Mobile App,Delivered,6,108,25,SELLER011,1,0
O000101,C0218,2025-04-18,S006,Pune Market,West,P008,Yoga Mat,Sports,Fitness,2,1299,5,2468.1,1357.46,1110.64,Credit Card,Store,Shipped,7,127,32,SELLER012,2,0
O000102,C0235,2025-07-04,S001,Bengaluru Central,South,P003,Coffee Maker,Home Appliances,Kitchen,3,3499,10,9447.3,5290.49,4156.81,Debit Card,Web,Processing,,146,39,SELLER013,3,0
O000103,C0002,2025-10-17,S002,Chennai Marina,South,P014,Office Chair,Office,Furniture,4,8999,15,30596.6,17440.06,13156.54,Wallet,Mobile App,Returned,9,165,46,SELLER014,4,1
O000104,C0019,2025-01-03,S003,Mumbai West,West,P009,Backpack,Fashion,Bags,1,1799,20,1439.2,834.74,604.46,Net Banking,Store,Cancelled,,184,53,SELLER015,5,0
O000105,C0036,2025-04-16,S004,Delhi Select,North,P004,Running Shoes,Fashion,Footwear,2,2999,0,5998,3118.96,2879.04,UPI,Web,Delivered,3,23,25,SELLER016,1,0
O000106,C0053,2025-07-02,S005,Hyderabad Hub,South,P015,Skincare Set,Beauty,Personal Care,3,2499,5,7122.15,3774.74,3347.41,Credit Card,Mobile App,Delivered,4,42,32,SELLER017,2,0
O000107,C0070,2025-10-15,S006,Pune Market,West,P010,Water Bottle,Sports,Fitness,4,699,10,2516.4,1358.86,1157.54,Debit Card,Store,Delivered,5,61,39,SELLER018,3,0
O000108,C0087,2025-01-01,S001,Bengaluru Central,South,P005,Bluetooth Speaker,Electronics,Audio,1,1899,15,1614.15,887.78,726.37,Wallet,Web,Shipped,6,80,46,SELLER001,4,0
O000109,C0104,2025-04-14,S002,Chennai Marina,South,P016,Bluetooth Keyboard,Electronics,Accessories,2,2799,20,4478.4,2507.9,1970.5,Net Banking,Mobile App,Processing,,99,53,SELLER002,5,0
O000110,C0121,2025-07-27,S003,Mumbai West,West,P011,Cotton Bedsheet,Home,Bedding,3,1599,0,4797,2734.29,2062.71,UPI,Store,Returned,8,118,25,SELLER003,1,1
O000111,C0138,2025-10-13,S004,Delhi Select,North,P006,Laptop Stand,Office,Accessories,4,1499,5,5696.2,3303.8,2392.4,Credit Card,Web,Cancelled,,137,32,SELLER004,2,0
O000112,C0155,2025-01-26,S005,Hyderabad Hub,South,P001,Wireless Headphones,Electronics,Audio,1,2499,10,2249.1,1169.53,1079.57,Debit Card,Mobile App,Delivered,2,156,39,SELLER005,3,0
O000113,C0172,2025-04-12,S006,Pune Market,West,P012,Non-stick Pan,Home Appliances,Kitchen,2,2199,15,3738.3,1981.3,1757,Wallet,Store,Delivered,3,175,46,SELLER006,4,0
O000114,C0189,2025-07-25,S001,Bengaluru Central,South,P007,Desk Lamp,Home,Lighting,3,999,20,2397.6,1294.7,1102.9,Net Banking,Web,Delivered,4,14,53,SELLER007,5,0
O000115,C0206,2025-10-11,S002,Chennai Marina,South,P002,Smart Watch,Electronics,Wearables,4,5999,0,23996,13197.8,10798.2,UPI,Mobile App,Shipped,5,33,25,SELLER008,1,0
O000116,C0223,2025-01-24,S003,Mumbai West,West,P013,USB-C Hub,Electronics,Accessories,1,2299,5,2184.05,1223.07,960.98,Credit Card,Store,Processing,,52,32,SELLER009,2,0
O000117,C0240,2025-04-10,S004,Delhi Select,North,P008,Yoga Mat,Sports,Fitness,2,1299,10,2338.2,1332.77,1005.43,Debit Card,Web,Returned,7,71,39,SELLER010,3,1
O000118,C0007,2025-07-23,S005,Hyderabad Hub,South,P003,Coffee Maker,Home Appliances,Kitchen,3,3499,15,8922.45,5175.02,3747.43,Wallet,Mobile App,Cancelled,,90,46,SELLER011,4,0
O000119,C0024,2025-10-09,S006,Pune Market,West,P014,Office Chair,Office,Furniture,4,8999,20,28796.8,14974.34,13822.46,Net Banking,Store,Delivered,9,109,53,SELLER012,5,0
O000120,C0041,2025-01-22,S001,Bengaluru Central,South,P009,Backpack,Fashion,Bags,1,1799,0,1799,953.47,845.53,UPI,Web,Delivered,2,128,25,SELLER013,1,0
O000121,C0058,2025-04-08,S002,Chennai Marina,South,P004,Running Shoes,Fashion,Footwear,2,2999,5,5698.1,3076.97,2621.13,Credit Card,Mobile App,Delivered,3,147,32,SELLER014,2,0
O000122,C0075,2025-07-21,S003,Mumbai West,West,P015,Skincare Set,Beauty,Personal Care,3,2499,10,6747.3,3711.02,3036.28,Debit Card,Store,Shipped,4,166,39,SELLER015,3,0
O000123,C0092,2025-10-07,S004,Delhi Select,North,P010,Water Bottle,Sports,Fitness,4,699,15,2376.6,1330.9,1045.7,Wallet,Web,Processing,,185,46,SELLER016,4,0
O000124,C0109,2025-01-20,S005,Hyderabad Hub,South,P005,Bluetooth Speaker,Electronics,Audio,1,1899,20,1519.2,865.94,653.26,Net Banking,Mobile App,Returned,6,24,53,SELLER017,5,1
O000125,C0126,2025-04-06,S006,Pune Market,West,P016,Bluetooth Keyboard,Electronics,Accessories,2,2799,0,5598,3246.84,2351.16,UPI,Store,Cancelled,,43,25,SELLER018,1,0
O000126,C0143,2025-07-19,S001,Bengaluru Central,South,P011,Cotton Bedsheet,Home,Bedding,3,1599,5,4557.15,2369.72,2187.43,Credit Card,Web,Delivered,8,62,32,SELLER001,2,0
O000127,C0160,2025-10-05,S002,Chennai Marina,South,P006,Laptop Stand,Office,Accessories,4,1499,10,5396.4,2860.09,2536.31,Debit Card,Mobile App,Delivered,9,81,39,SELLER002,3,0
O000128,C0177,2025-01-18,S003,Mumbai West,West,P001,Wireless Headphones,Electronics,Audio,1,2499,15,2124.15,1147.04,977.11,Wallet,Store,Delivered,2,100,46,SELLER003,4,0
O000129,C0194,2025-04-04,S004,Delhi Select,North,P012,Non-stick Pan,Home Appliances,Kitchen,2,2199,20,3518.4,1935.12,1583.28,Net Banking,Web,Shipped,3,119,53,SELLER004,5,0
O000130,C0211,2025-07-17,S005,Hyderabad Hub,South,P007,Desk Lamp,Home,Lighting,3,999,0,2997,1678.32,1318.68,UPI,Mobile App,Processing,,138,25,SELLER005,1,0
O000131,C0228,2025-10-03,S006,Pune Market,West,P002,Smart Watch,Electronics,Wearables,4,5999,5,22796.2,12993.83,9802.37,Credit Card,Store,Returned,5,157,32,SELLER006,2,1
O000132,C0245,2025-01-16,S001,Bengaluru Central,South,P013,USB-C Hub,Electronics,Accessories,1,2299,10,2069.1,1200.08,869.02,Debit Card,Web,Cancelled,,176,39,SELLER007,3,0
O000133,C0012,2025-04-02,S002,Chennai Marina,South,P008,Yoga Mat,Sports,Fitness,2,1299,15,2208.3,1148.32,1059.98,Wallet,Mobile App,Delivered,7,15,46,SELLER008,4,0
O000134,C0029,2025-07-15,S003,Mumbai West,West,P003,Coffee Maker,Home Appliances,Kitchen,3,3499,20,8397.6,4450.73,3946.87,Net Banking,Store,Delivered,8,34,53,SELLER009,5,0
O000135,C0046,2025-10-01,S004,Delhi Select,North,P014,Office Chair,Office,Furniture,4,8999,0,35996,19437.84,16558.16,UPI,Web,Delivered,9,53,25,SELLER010,1,0
O000136,C0063,2025-01-14,S005,Hyderabad Hub,South,P009,Backpack,Fashion,Bags,1,1799,5,1709.05,939.98,769.07,Credit Card,Mobile App,Shipped,2,72,32,SELLER011,2,0
O000137,C0080,2025-04-27,S006,Pune Market,West,P004,Running Shoes,Fashion,Footwear,2,2999,10,5398.2,3022.99,2375.21,Debit Card,Store,Processing,,91,39,SELLER012,3,0
O000138,C0097,2025-07-13,S001,Bengaluru Central,South,P015,Skincare Set,Beauty,Personal Care,3,2499,15,6372.45,3632.3,2740.15,Wallet,Web,Returned,4,110,46,SELLER013,4,1
O000139,C0114,2025-10-26,S002,Chennai Marina,South,P010,Water Bottle,Sports,Fitness,4,699,20,2236.8,1297.34,939.46,Net Banking,Mobile App,Cancelled,,129,53,SELLER014,5,0
O000140,C0131,2025-01-12,S003,Mumbai West,West,P005,Bluetooth Speaker,Electronics,Audio,1,1899,0,1899,987.48,911.52,UPI,Store,Delivered,6,148,25,SELLER015,1,0
O000141,C0148,2025-04-25,S004,Delhi Select,North,P016,Bluetooth Keyboard,Electronics,Accessories,2,2799,5,5318.1,2818.59,2499.51,Credit Card,Web,Delivered,7,167,32,SELLER016,2,0
O000142,C0165,2025-07-11,S005,Hyderabad Hub,South,P011,Cotton Bedsheet,Home,Bedding,3,1599,10,4317.3,2331.34,1985.96,Debit Card,Mobile App,Delivered,8,186,39,SELLER017,3,0
O000143,C0182,2025-10-24,S006,Pune Market,West,P006,Laptop Stand,Office,Accessories,4,1499,15,5096.6,2803.13,2293.47,Wallet,Store,Shipped,9,25,46,SELLER018,4,0
O000144,C0199,2025-01-10,S001,Bengaluru Central,South,P001,Wireless Headphones,Electronics,Audio,1,2499,20,1999.2,1119.55,879.65,Net Banking,Web,Processing,,44,53,SELLER001,5,0
O000145,C0216,2025-04-23,S002,Chennai Marina,South,P012,Non-stick Pan,Home Appliances,Kitchen,2,2199,0,4398,2506.86,1891.14,UPI,Mobile App,Returned,3,63,25,SELLER002,1,1
O000146,C0233,2025-07-09,S003,Mumbai West,West,P007,Desk Lamp,Home,Lighting,3,999,5,2847.15,1651.35,1195.8,Credit Card,Store,Cancelled,,82,32,SELLER003,2,0
O000147,C0250,2025-10-22,S004,Delhi Select,North,P002,Smart Watch,Electronics,Wearables,4,5999,10,21596.4,11230.13,10366.27,Debit Card,Web,Delivered,5,101,39,SELLER004,3,0
O000148,C0017,2025-01-08,S005,Hyderabad Hub,South,P013,USB-C Hub,Electronics,Accessories,1,2299,15,1954.15,1035.7,918.45,Wallet,Mobile App,Delivered,6,120,46,SELLER005,4,0
O000149,C0034,2025-04-21,S006,Pune Market,West,P008,Yoga Mat,Sports,Fitness,2,1299,20,2078.4,1122.34,956.06,Net Banking,Store,Delivered,7,139,53,SELLER006,5,0
O000150,C0051,2025-07-07,S001,Bengaluru Central,South,P003,Coffee Maker,Home Appliances,Kitchen,3,3499,0,10497,5773.35,4723.65,UPI,Web,Shipped,8,158,25,SELLER007,1,0
O000151,C0068,2025-10-20,S002,Chennai Marina,South,P014,Office Chair,Office,Furniture,4,8999,5,34196.2,19149.87,15046.33,Credit Card,Mobile App,Processing,,177,32,SELLER008,2,0
O000152,C0085,2025-01-06,S003,Mumbai West,West,P009,Backpack,Fashion,Bags,1,1799,10,1619.1,922.89,696.21,Debit Card,Store,Returned,2,16,39,SELLER009,3,1
O000153,C0102,2025-04-19,S004,Delhi Select,North,P004,Running Shoes,Fashion,Footwear,2,2999,15,5098.3,2957.01,2141.29,Wallet,Web,Cancelled,,35,46,SELLER010,4,0
O000154,C0119,2025-07-05,S005,Hyderabad Hub,South,P015,Skincare Set,Beauty,Personal Care,3,2499,20,5997.6,3118.75,2878.85,Net Banking,Mobile App,Delivered,4,54,53,SELLER011,5,0
O000155,C0136,2025-10-18,S006,Pune Market,West,P010,Water Bottle,Sports,Fitness,4,699,0,2796,1481.88,1314.12,UPI,Store,Delivered,5,73,25,SELLER012,1,0
O000156,C0153,2025-01-04,S001,Bengaluru Central,South,P005,Bluetooth Speaker,Electronics,Audio,1,1899,5,1804.05,974.19,829.86,Credit Card,Web,Delivered,6,92,32,SELLER013,2,0
O000157,C0170,2025-04-17,S002,Chennai Marina,South,P016,Bluetooth Keyboard,Electronics,Accessories,2,2799,10,5038.2,2771.01,2267.19,Debit Card,Mobile App,Shipped,7,111,39,SELLER014,3,0
O000158,C0187,2025-07-03,S003,Mumbai West,West,P011,Cotton Bedsheet,Home,Bedding,3,1599,15,4077.45,2283.37,1794.08,Wallet,Store,Processing,,130,46,SELLER015,4,0
O000159,C0204,2025-10-16,S004,Delhi Select,North,P006,Laptop Stand,Office,Accessories,4,1499,20,4796.8,2734.18,2062.62,Net Banking,Web,Returned,9,149,53,SELLER016,5,1
O000160,C0221,2025-01-02,S005,Hyderabad Hub,South,P001,Wireless Headphones,Electronics,Audio,1,2499,0,2499,1449.42,1049.58,UPI,Mobile App,Cancelled,,168,25,SELLER017,1,0
O000161,C0238,2025-04-15,S006,Pune Market,West,P012,Non-stick Pan,Home Appliances,Kitchen,2,2199,5,4178.1,2172.61,2005.49,Credit Card,Store,Delivered,3,187,32,SELLER018,2,0
O000162,C0005,2025-07-01,S001,Bengaluru Central,South,P007,Desk Lamp,Home,Lighting,3,999,10,2697.3,1429.57,1267.73,Debit Card,Web,Delivered,4,26,39,SELLER001,3,0
O000163,C0022,2025-10-14,S002,Chennai Marina,South,P002,Smart Watch,Electronics,Wearables,4,5999,15,20396.6,11014.16,9382.44,Wallet,Mobile App,Delivered,5,45,46,SELLER002,4,0
O000164,C0039,2025-01-27,S003,Mumbai West,West,P013,USB-C Hub,Electronics,Accessories,1,2299,20,1839.2,1011.56,827.64,Net Banking,Store,Shipped,6,64,53,SELLER003,5,0
O000165,C0056,2025-04-13,S004,Delhi Select,North,P008,Yoga Mat,Sports,Fitness,2,1299,0,2598,1454.88,1143.12,UPI,Web,Processing,,83,25,SELLER004,1,0
O000166,C0073,2025-07-26,S005,Hyderabad Hub,South,P003,Coffee Maker,Home Appliances,Kitchen,3,3499,5,9972.15,5684.13,4288.02,Credit Card,Mobile App,Returned,8,102,32,SELLER005,2,1
O000167,C0090,2025-10-12,S006,Pune Market,West,P014,Office Chair,Office,Furniture,4,8999,10,32396.4,18789.91,13606.49,Debit Card,Store,Cancelled,,121,39,SELLER006,3,0
O000168,C0107,2025-01-25,S001,Bengaluru Central,South,P009,Backpack,Fashion,Bags,1,1799,15,1529.15,795.16,733.99,Wallet,Web,Delivered,2,140,46,SELLER007,4,0
O000169,C0124,2025-04-11,S002,Chennai Marina,South,P004,Running Shoes,Fashion,Footwear,2,2999,20,4798.4,2543.15,2255.25,Net Banking,Mobile App,Delivered,3,159,53,SELLER008,5,0
O000170,C0141,2025-07-24,S003,Mumbai West,West,P015,Skincare Set,Beauty,Personal Care,3,2499,0,7497,4048.38,3448.62,UPI,Store,Delivered,4,178,25,SELLER009,1,0
O000171,C0158,2025-10-10,S004,Delhi Select,North,P010,Water Bottle,Sports,Fitness,4,699,5,2656.2,1460.91,1195.29,Credit Card,Web,Shipped,5,17,32,SELLER010,2,0
O000172,C0175,2025-01-23,S005,Hyderabad Hub,South,P005,Bluetooth Speaker,Electronics,Audio,1,1899,10,1709.1,957.1,752,Debit Card,Mobile App,Processing,,36,39,SELLER011,3,0
O000173,C0192,2025-04-09,S006,Pune Market,West,P016,Bluetooth Keyboard,Electronics,Accessories,2,2799,15,4758.3,2712.23,2046.07,Wallet,Store,Returned,7,55,46,SELLER012,4,1
O000174,C0209,2025-07-22,S001,Bengaluru Central,South,P011,Cotton Bedsheet,Home,Bedding,3,1599,20,3837.6,2225.81,1611.79,Net Banking,Web,Cancelled,,74,53,SELLER013,5,0
O000175,C0226,2025-10-08,S002,Chennai Marina,South,P006,Laptop Stand,Office,Accessories,4,1499,0,5996,3117.92,2878.08,UPI,Mobile App,Delivered,9,93,25,SELLER014,1,0
O000176,C0243,2025-01-21,S003,Mumbai West,West,P001,Wireless Headphones,Electronics,Audio,1,2499,5,2374.05,1258.25,1115.8,Credit Card,Store,Delivered,2,112,32,SELLER015,2,0
O000177,C0010,2025-04-07,S004,Delhi Select,North,P012,Non-stick Pan,Home Appliances,Kitchen,2,2199,10,3958.2,2137.43,1820.77,Debit Card,Web,Delivered,3,131,39,SELLER016,3,0
O000178,C0027,2025-07-20,S005,Hyderabad Hub,South,P007,Desk Lamp,Home,Lighting,3,999,15,2547.45,1401.1,1146.35,Wallet,Mobile App,Shipped,4,150,46,SELLER017,4,0
O000179,C0044,2025-10-06,S006,Pune Market,West,P002,Smart Watch,Electronics,Wearables,4,5999,20,19196.8,10750.21,8446.59,Net Banking,Store,Processing,,169,53,SELLER018,5,0
O000180,C0061,2025-01-19,S001,Bengaluru Central,South,P013,USB-C Hub,Electronics,Accessories,1,2299,0,2299,1310.43,988.57,UPI,Web,Returned,6,8,25,SELLER001,1,1
O000181,C0078,2025-04-05,S002,Chennai Marina,South,P008,Yoga Mat,Sports,Fitness,2,1299,5,2468.1,1431.5,1036.6,Credit Card,Mobile App,Cancelled,,27,32,SELLER002,2,0
O000182,C0095,2025-07-18,S003,Mumbai West,West,P003,Coffee Maker,Home Appliances,Kitchen,3,3499,10,9447.3,4912.6,4534.7,Debit Card,Store,Delivered,8,46,39,SELLER003,3,0
O000183,C0112,2025-10-04,S004,Delhi Select,North,P014,Office Chair,Office,Furniture,4,8999,15,30596.6,16216.2,14380.4,Wallet,Web,Delivered,9,65,46,SELLER004,4,0
O000184,C0129,2025-01-17,S005,Hyderabad Hub,South,P009,Backpack,Fashion,Bags,1,1799,20,1439.2,777.17,662.03,Net Banking,Mobile App,Delivered,2,84,53,SELLER005,5,0
O000185,C0146,2025-04-03,S006,Pune Market,West,P004,Running Shoes,Fashion,Footwear,2,2999,0,5998,3298.9,2699.1,UPI,Store,Shipped,3,103,25,SELLER006,1,0
O000186,C0163,2025-07-16,S001,Bengaluru Central,South,P015,Skincare Set,Beauty,Personal Care,3,2499,5,7122.15,3988.4,3133.75,Credit Card,Web,Processing,,122,32,SELLER007,2,0
O000187,C0180,2025-10-02,S002,Chennai Marina,South,P010,Water Bottle,Sports,Fitness,4,699,10,2516.4,1434.35,1082.05,Debit Card,Mobile App,Returned,5,141,39,SELLER008,3,1
O000188,C0197,2025-01-15,S003,Mumbai West,West,P005,Bluetooth Speaker,Electronics,Audio,1,1899,15,1614.15,936.21,677.94,Wallet,Store,Cancelled,,160,46,SELLER009,4,0
O000189,C0214,2025-04-01,S004,Delhi Select,North,P016,Bluetooth Keyboard,Electronics,Accessories,2,2799,20,4478.4,2328.77,2149.63,Net Banking,Web,Delivered,7,179,53,SELLER010,5,0
O000190,C0231,2025-07-14,S005,Hyderabad Hub,South,P011,Cotton Bedsheet,Home,Bedding,3,1599,0,4797,2542.41,2254.59,UPI,Mobile App,Delivered,8,18,25,SELLER011,1,0
O000191,C0248,2025-10-27,S006,Pune Market,West,P006,Laptop Stand,Office,Accessories,4,1499,5,5696.2,3075.95,2620.25,Credit Card,Store,Delivered,9,37,32,SELLER012,2,0
O000192,C0015,2025-01-13,S001,Bengaluru Central,South,P001,Wireless Headphones,Electronics,Audio,1,2499,10,2249.1,1237.01,1012.09,Debit Card,Web,Shipped,2,56,39,SELLER013,3,0
O000193,C0032,2025-04-26,S002,Chennai Marina,South,P012,Non-stick Pan,Home Appliances,Kitchen,2,2199,15,3738.3,2093.45,1644.85,Wallet,Mobile App,Processing,,75,46,SELLER014,4,0
O000194,C0049,2025-07-12,S003,Mumbai West,West,P007,Desk Lamp,Home,Lighting,3,999,20,2397.6,1366.63,1030.97,Net Banking,Store,Returned,4,94,53,SELLER015,5,1
O000195,C0066,2025-10-25,S004,Delhi Select,North,P002,Smart Watch,Electronics,Wearables,4,5999,0,23996,13917.68,10078.32,UPI,Web,Cancelled,,113,25,SELLER016,1,0
O000196,C0083,2025-01-11,S005,Hyderabad Hub,South,P013,USB-C Hub,Electronics,Accessories,1,2299,5,2184.05,1135.71,1048.34,Credit Card,Mobile App,Delivered,6,132,32,SELLER017,2,0
O000197,C0100,2025-04-24,S006,Pune Market,West,P008,Yoga Mat,Sports,Fitness,2,1299,10,2338.2,1239.25,1098.95,Debit Card,Store,Delivered,7,151,39,SELLER018,3,0
O000198,C0117,2025-07-10,S001,Bengaluru Central,South,P003,Coffee Maker,Home Appliances,Kitchen,3,3499,15,8922.45,4818.12,4104.33,Wallet,Web,Delivered,8,170,46,SELLER001,4,0
O000199,C0134,2025-10-23,S002,Chennai Marina,South,P014,Office Chair,Office,Furniture,4,8999,20,28796.8,15838.24,12958.56,Net Banking,Mobile App,Shipped,9,9,53,SELLER002,5,0
O000200,C0151,2025-01-09,S003,Mumbai West,West,P009,Backpack,Fashion,Bags,1,1799,0,1799,1007.44,791.56,UPI,Store,Processing,,28,25,SELLER003,1,0
O000201,C0168,2025-04-22,S004,Delhi Select,North,P004,Running Shoes,Fashion,Footwear,2,2999,5,5698.1,3247.92,2450.18,Credit Card,Web,Returned,3,47,32,SELLER004,2,1
O000202,C0185,2025-07-08,S005,Hyderabad Hub,South,P015,Skincare Set,Beauty,Personal Care,3,2499,10,6747.3,3913.43,2833.87,Debit Card,Mobile App,Cancelled,,66,39,SELLER005,3,0
O000203,C0202,2025-10-21,S006,Pune Market,West,P010,Water Bottle,Sports,Fitness,4,699,15,2376.6,1235.83,1140.77,Wallet,Store,Delivered,5,85,46,SELLER006,4,0
O000204,C0219,2025-01-07,S001,Bengaluru Central,South,P005,Bluetooth Speaker,Electronics,Audio,1,1899,20,1519.2,805.18,714.02,Net Banking,Web,Delivered,6,104,53,SELLER007,5,0
O000205,C0236,2025-04-20,S002,Chennai Marina,South,P016,Bluetooth Keyboard,Electronics,Accessories,2,2799,0,5598,3022.92,2575.08,UPI,Mobile App,Delivered,7,123,25,SELLER008,1,0
O000206,C0003,2025-07-06,S003,Mumbai West,West,P011,Cotton Bedsheet,Home,Bedding,3,1599,5,4557.15,2506.43,2050.72,Credit Card,Store,Shipped,8,142,32,SELLER009,2,0
O000207,C0020,2025-10-19,S004,Delhi Select,North,P006,Laptop Stand,Office,Accessories,4,1499,10,5396.4,3021.98,2374.42,Debit Card,Web,Processing,,161,39,SELLER010,3,0
O000208,C0037,2025-01-05,S005,Hyderabad Hub,South,P001,Wireless Headphones,Electronics,Audio,1,2499,15,2124.15,1210.77,913.38,Wallet,Mobile App,Returned,2,180,46,SELLER011,4,1
O000209,C0054,2025-04-18,S006,Pune Market,West,P012,Non-stick Pan,Home Appliances,Kitchen,2,2199,20,3518.4,2040.67,1477.73,Net Banking,Store,Cancelled,,19,53,SELLER012,5,0
O000210,C0071,2025-07-04,S001,Bengaluru Central,South,P007,Desk Lamp,Home,Lighting,3,999,0,2997,1558.44,1438.56,UPI,Web,Delivered,4,38,25,SELLER013,1,0
O000211,C0088,2025-10-17,S002,Chennai Marina,South,P002,Smart Watch,Electronics,Wearables,4,5999,5,22796.2,12081.99,10714.21,Credit Card,Mobile App,Delivered,5,57,32,SELLER014,2,0
O000212,C0105,2025-01-03,S003,Mumbai West,West,P013,USB-C Hub,Electronics,Accessories,1,2299,10,2069.1,1117.31,951.79,Debit Card,Store,Delivered,6,76,39,SELLER015,3,0
O000213,C0122,2025-04-16,S004,Delhi Select,North,P008,Yoga Mat,Sports,Fitness,2,1299,15,2208.3,1214.57,993.73,Wallet,Web,Shipped,7,95,46,SELLER016,4,0
O000214,C0139,2025-07-02,S005,Hyderabad Hub,South,P003,Coffee Maker,Home Appliances,Kitchen,3,3499,20,8397.6,4702.66,3694.94,Net Banking,Mobile App,Processing,,114,53,SELLER017,5,0
O000215,C0156,2025-10-15,S006,Pune Market,West,P014,Office Chair,Office,Furniture,4,8999,0,35996,20517.72,15478.28,UPI,Store,Returned,9,133,25,SELLER018,1,1
O000216,C0173,2025-01-01,S001,Bengaluru Central,South,P009,Backpack,Fashion,Bags,1,1799,5,1709.05,991.25,717.8,Credit Card,Web,Cancelled,,152,32,SELLER001,2,0
O000217,C0190,2025-04-14,S002,Chennai Marina,South,P004,Running Shoes,Fashion,Footwear,2,2999,10,5398.2,2807.06,2591.14,Debit Card,Mobile App,Delivered,3,171,39,SELLER002,3,0
O000218,C0207,2025-07-27,S003,Mumbai West,West,P015,Skincare Set,Beauty,Personal Care,3,2499,15,6372.45,3377.4,2995.05,Wallet,Store,Delivered,4,10,46,SELLER003,4,0
O000219,C0224,2025-10-13,S004,Delhi Select,North,P010,Water Bottle,Sports,Fitness,4,699,20,2236.8,1207.87,1028.93,Net Banking,Web,Delivered,5,29,53,SELLER004,5,0
O000220,C0241,2025-01-26,S005,Hyderabad Hub,South,P005,Bluetooth Speaker,Electronics,Audio,1,1899,0,1899,1044.45,854.55,UPI,Mobile App,Shipped,6,48,25,SELLER005,1,0
O000221,C0008,2025-04-12,S006,Pune Market,West,P016,Bluetooth Keyboard,Electronics,Accessories,2,2799,5,5318.1,2978.14,2339.96,Credit Card,Store,Processing,,67,32,SELLER006,2,0
O000222,C0025,2025-07-25,S001,Bengaluru Central,South,P011,Cotton Bedsheet,Home,Bedding,3,1599,10,4317.3,2460.86,1856.44,Debit Card,Web,Returned,8,86,39,SELLER007,3,1
O000223,C0042,2025-10-11,S002,Chennai Marina,South,P006,Laptop Stand,Office,Accessories,4,1499,15,5096.6,2956.03,2140.57,Wallet,Mobile App,Cancelled,,105,46,SELLER008,4,0
O000224,C0059,2025-01-24,S003,Mumbai West,West,P001,Wireless Headphones,Electronics,Audio,1,2499,20,1999.2,1039.58,959.62,Net Banking,Store,Delivered,2,124,53,SELLER009,5,0
O000225,C0076,2025-04-10,S004,Delhi Select,North,P012,Non-stick Pan,Home Appliances,Kitchen,2,2199,0,4398,2330.94,2067.06,UPI,Web,Delivered,3,143,25,SELLER010,1,0
O000226,C0093,2025-07-23,S005,Hyderabad Hub,South,P007,Desk Lamp,Home,Lighting,3,999,5,2847.15,1537.46,1309.69,Credit Card,Mobile App,Delivered,4,162,32,SELLER011,2,0
O000227,C0110,2025-10-09,S006,Pune Market,West,P002,Smart Watch,Electronics,Wearables,4,5999,10,21596.4,11878.02,9718.38,Debit Card,Store,Shipped,5,181,39,SELLER012,3,0
O000228,C0127,2025-01-22,S001,Bengaluru Central,South,P013,USB-C Hub,Electronics,Accessories,1,2299,15,1954.15,1094.32,859.83,Wallet,Web,Processing,,20,46,SELLER013,4,0
O000229,C0144,2025-04-08,S002,Chennai Marina,South,P008,Yoga Mat,Sports,Fitness,2,1299,20,2078.4,1184.69,893.71,Net Banking,Mobile App,Returned,7,39,53,SELLER014,5,1
O000230,C0161,2025-07-21,S003,Mumbai West,West,P003,Coffee Maker,Home Appliances,Kitchen,3,3499,0,10497,6088.26,4408.74,UPI,Store,Cancelled,,58,25,SELLER015,1,0
O000231,C0178,2025-10-07,S004,Delhi Select,North,P014,Office Chair,Office,Furniture,4,8999,5,34196.2,17782.02,16414.18,Credit Card,Web,Delivered,9,77,32,SELLER016,2,0
O000232,C0195,2025-01-20,S005,Hyderabad Hub,South,P009,Backpack,Fashion,Bags,1,1799,10,1619.1,858.12,760.98,Debit Card,Mobile App,Delivered,2,96,39,SELLER017,3,0
O000233,C0212,2025-04-06,S006,Pune Market,West,P004,Running Shoes,Fashion,Footwear,2,2999,15,5098.3,2753.08,2345.22,Wallet,Store,Delivered,3,115,46,SELLER018,4,0
O000234,C0229,2025-07-19,S001,Bengaluru Central,South,P015,Skincare Set,Beauty,Personal Care,3,2499,20,5997.6,3298.68,2698.92,Net Banking,Web,Shipped,4,134,53,SELLER001,5,0
O000235,C0246,2025-10-05,S002,Chennai Marina,South,P010,Water Bottle,Sports,Fitness,4,699,0,2796,1565.76,1230.24,UPI,Mobile App,Processing,,153,25,SELLER002,1,0
O000236,C0013,2025-01-18,S003,Mumbai West,West,P005,Bluetooth Speaker,Electronics,Audio,1,1899,5,1804.05,1028.31,775.74,Credit Card,Store,Returned,6,172,32,SELLER003,2,1
O000237,C0030,2025-04-04,S004,Delhi Select,North,P016,Bluetooth Keyboard,Electronics,Accessories,2,2799,10,5038.2,2922.16,2116.04,Debit Card,Web,Cancelled,,11,39,SELLER004,3,0
O000238,C0047,2025-07-17,S005,Hyderabad Hub,South,P011,Cotton Bedsheet,Home,Bedding,3,1599,15,4077.45,2120.27,1957.18,Wallet,Mobile App,Delivered,8,30,46,SELLER005,4,0
O000239,C0064,2025-10-03,S006,Pune Market,West,P006,Laptop Stand,Office,Accessories,4,1499,20,4796.8,2542.3,2254.5,Net Banking,Store,Delivered,9,49,53,SELLER006,5,0
O000240,C0081,2025-01-16,S001,Bengaluru Central,South,P001,Wireless Headphones,Electronics,Audio,1,2499,0,2499,1349.46,1149.54,UPI,Web,Delivered,2,68,25,SELLER007,1,0
O000241,C0098,2025-04-02,S002,Chennai Marina,South,P012,Non-stick Pan,Home Appliances,Kitchen,2,2199,5,4178.1,2297.96,1880.14,Credit Card,Mobile App,Shipped,3,87,32,SELLER008,2,0
O000242,C0115,2025-07-15,S003,Mumbai West,West,P007,Desk Lamp,Home,Lighting,3,999,10,2697.3,1510.49,1186.81,Debit Card,Store,Processing,,106,39,SELLER009,3,0
O000243,C0132,2025-10-01,S004,Delhi Select,North,P002,Smart Watch,Electronics,Wearables,4,5999,15,20396.6,11626.06,8770.54,Wallet,Web,Returned,5,125,46,SELLER010,4,1
O000244,C0149,2025-01-14,S005,Hyderabad Hub,South,P013,USB-C Hub,Electronics,Accessories,1,2299,20,1839.2,1066.74,772.46,Net Banking,Mobile App,Cancelled,,144,53,SELLER011,5,0
O000245,C0166,2025-04-27,S006,Pune Market,West,P008,Yoga Mat,Sports,Fitness,2,1299,0,2598,1350.96,1247.04,UPI,Store,Delivered,7,163,25,SELLER012,1,0
O000246,C0183,2025-07-13,S001,Bengaluru Central,South,P003,Coffee Maker,Home Appliances,Kitchen,3,3499,5,9972.15,5285.24,4686.91,Credit Card,Web,Delivered,8,182,32,SELLER013,2,0
O000247,C0200,2025-10-26,S002,Chennai Marina,South,P014,Office Chair,Office,Furniture,4,8999,10,32396.4,17494.06,14902.34,Debit Card,Mobile App,Delivered,9,21,39,SELLER014,3,0
O000248,C0217,2025-01-12,S003,Mumbai West,West,P009,Backpack,Fashion,Bags,1,1799,15,1529.15,841.03,688.12,Wallet,Store,Shipped,2,40,46,SELLER015,4,0
O000249,C0234,2025-04-25,S004,Delhi Select,North,P004,Running Shoes,Fashion,Footwear,2,2999,20,4798.4,2687.1,2111.3,Net Banking,Web,Processing,,59,53,SELLER016,5,0
O000250,C0001,2025-07-11,S005,Hyderabad Hub,South,P015,Skincare Set,Beauty,Personal Care,3,2499,0,7497,4273.29,3223.71,UPI,Mobile App,Returned,4,78,25,SELLER017,1,1
O000251,C0018,2025-10-24,S006,Pune Market,West,P010,Water Bottle,Sports,Fitness,4,699,5,2656.2,1540.6,1115.6,Credit Card,Store,Cancelled,,97,32,SELLER018,2,0
O000252,C0035,2025-01-10,S001,Bengaluru Central,South,P005,Bluetooth Speaker,Electronics,Audio,1,1899,10,1709.1,888.73,820.37,Debit Card,Web,Delivered,6,116,39,SELLER001,3,0
O000253,C0052,2025-04-23,S002,Chennai Marina,South,P016,Bluetooth Keyboard,Electronics,Accessories,2,2799,15,4758.3,2521.9,2236.4,Wallet,Mobile App,Delivered,7,135,46,SELLER002,4,0
O000254,C0069,2025-07-09,S003,Mumbai West,West,P011,Cotton Bedsheet,Home,Bedding,3,1599,20,3837.6,2072.3,1765.3,Net Banking,Store,Delivered,8,154,53,SELLER003,5,0
O000255,C0086,2025-10-22,S004,Delhi Select,North,P006,Laptop Stand,Office,Accessories,4,1499,0,5996,3297.8,2698.2,UPI,Web,Shipped,9,173,25,SELLER004,1,0
O000256,C0103,2025-01-08,S005,Hyderabad Hub,South,P001,Wireless Headphones,Electronics,Audio,1,2499,5,2374.05,1329.47,1044.58,Credit Card,Mobile App,Processing,,12,32,SELLER005,2,0
O000257,C0120,2025-04-21,S006,Pune Market,West,P012,Non-stick Pan,Home Appliances,Kitchen,2,2199,10,3958.2,2256.17,1702.03,Debit Card,Store,Returned,3,31,39,SELLER006,3,1
O000258,C0137,2025-07-07,S001,Bengaluru Central,South,P007,Desk Lamp,Home,Lighting,3,999,15,2547.45,1477.52,1069.93,Wallet,Web,Cancelled,,50,46,SELLER007,4,0
O000259,C0154,2025-10-20,S002,Chennai Marina,South,P002,Smart Watch,Electronics,Wearables,4,5999,20,19196.8,9982.34,9214.46,Net Banking,Mobile App,Delivered,5,69,53,SELLER008,5,0
O000260,C0171,2025-01-06,S003,Mumbai West,West,P013,USB-C Hub,Electronics,Accessories,1,2299,0,2299,1218.47,1080.53,UPI,Store,Delivered,6,88,25,SELLER009,1,0
O000261,C0188,2025-04-19,S004,Delhi Select,North,P008,Yoga Mat,Sports,Fitness,2,1299,5,2468.1,1332.77,1135.33,Credit Card,Web,Delivered,7,107,32,SELLER010,2,0
O000262,C0205,2025-07-05,S005,Hyderabad Hub,South,P003,Coffee Maker,Home Appliances,Kitchen,3,3499,10,9447.3,5196.02,4251.28,Debit Card,Mobile App,Shipped,8,126,39,SELLER011,3,0
O000263,C0222,2025-10-18,S006,Pune Market,West,P014,Office Chair,Office,Furniture,4,8999,15,30596.6,17134.1,13462.5,Wallet,Store,Processing,,145,46,SELLER012,4,0
O000264,C0239,2025-01-04,S001,Bengaluru Central,South,P009,Backpack,Fashion,Bags,1,1799,20,1439.2,820.34,618.86,Net Banking,Web,Returned,2,164,53,SELLER013,5,1
O000265,C0006,2025-04-17,S002,Chennai Marina,South,P004,Running Shoes,Fashion,Footwear,2,2999,0,5998,3478.84,2519.16,UPI,Mobile App,Cancelled,,183,25,SELLER014,1,0
O000266,C0023,2025-07-03,S003,Mumbai West,West,P015,Skincare Set,Beauty,Personal Care,3,2499,5,7122.15,3703.52,3418.63,Credit Card,Store,Delivered,4,22,32,SELLER015,2,0
O000267,C0040,2025-10-16,S004,Delhi Select,North,P010,Water Bottle,Sports,Fitness,4,699,10,2516.4,1333.69,1182.71,Debit Card,Web,Delivered,5,41,39,SELLER016,3,0
O000268,C0057,2025-01-02,S005,Hyderabad Hub,South,P005,Bluetooth Speaker,Electronics,Audio,1,1899,15,1614.15,871.64,742.51,Wallet,Mobile App,Delivered,6,60,46,SELLER017,4,0
O000269,C0074,2025-04-15,S006,Pune Market,West,P016,Bluetooth Keyboard,Electronics,Accessories,2,2799,20,4478.4,2463.12,2015.28,Net Banking,Store,Shipped,7,79,53,SELLER018,5,0
O000270,C0091,2025-07-01,S001,Bengaluru Central,South,P011,Cotton Bedsheet,Home,Bedding,3,1599,0,4797,2686.32,2110.68,UPI,Web,Processing,,98,25,SELLER001,1,0
O000271,C0108,2025-10-14,S002,Chennai Marina,South,P006,Laptop Stand,Office,Accessories,4,1499,5,5696.2,3246.83,2449.37,Credit Card,Mobile App,Returned,9,117,32,SELLER002,2,1
O000272,C0125,2025-01-27,S003,Mumbai West,West,P001,Wireless Headphones,Electronics,Audio,1,2499,10,2249.1,1304.48,944.62,Debit Card,Store,Cancelled,,136,39,SELLER003,3,0
O000273,C0142,2025-04-13,S004,Delhi Select,North,P012,Non-stick Pan,Home Appliances,Kitchen,2,2199,15,3738.3,1943.92,1794.38,Wallet,Web,Delivered,3,155,46,SELLER004,4,0
O000274,C0159,2025-07-26,S005,Hyderabad Hub,South,P007,Desk Lamp,Home,Lighting,3,999,20,2397.6,1270.73,1126.87,Net Banking,Mobile App,Delivered,4,174,53,SELLER005,5,0
O000275,C0176,2025-10-12,S006,Pune Market,West,P002,Smart Watch,Electronics,Wearables,4,5999,0,23996,12957.84,11038.16,UPI,Store,Delivered,5,13,25,SELLER006,1,0
O000276,C0193,2025-01-25,S001,Bengaluru Central,South,P013,USB-C Hub,Electronics,Accessories,1,2299,5,2184.05,1201.23,982.82,Credit Card,Web,Shipped,6,32,32,SELLER007,2,0
O000277,C0210,2025-04-11,S002,Chennai Marina,South,P008,Yoga Mat,Sports,Fitness,2,1299,10,2338.2,1309.39,1028.81,Debit Card,Mobile App,Processing,,51,39,SELLER008,3,0
O000278,C0227,2025-07-24,S003,Mumbai West,West,P003,Coffee Maker,Home Appliances,Kitchen,3,3499,15,8922.45,5085.8,3836.65,Wallet,Store,Returned,8,70,46,SELLER009,4,1
O000279,C0244,2025-10-10,S004,Delhi Select,North,P014,Office Chair,Office,Furniture,4,8999,20,28796.8,16702.14,12094.66,Net Banking,Web,Cancelled,,89,53,SELLER010,5,0
O000280,C0011,2025-01-23,S005,Hyderabad Hub,South,P009,Backpack,Fashion,Bags,1,1799,0,1799,935.48,863.52,UPI,Mobile App,Delivered,2,108,25,SELLER011,1,0
O000281,C0028,2025-04-09,S006,Pune Market,West,P004,Running Shoes,Fashion,Footwear,2,2999,5,5698.1,3019.99,2678.11,Credit Card,Store,Delivered,3,127,32,SELLER012,2,0
O000282,C0045,2025-07-22,S001,Bengaluru Central,South,P015,Skincare Set,Beauty,Personal Care,3,2499,10,6747.3,3643.54,3103.76,Debit Card,Web,Delivered,4,146,39,SELLER013,3,0
O000283,C0062,2025-10-08,S002,Chennai Marina,South,P010,Water Bottle,Sports,Fitness,4,699,15,2376.6,1307.13,1069.47,Wallet,Mobile App,Shipped,5,165,46,SELLER014,4,0
O000284,C0079,2025-01-21,S003,Mumbai West,West,P005,Bluetooth Speaker,Electronics,Audio,1,1899,20,1519.2,850.75,668.45,Net Banking,Store,Processing,,184,53,SELLER015,5,0
O000285,C0096,2025-04-07,S004,Delhi Select,North,P016,Bluetooth Keyboard,Electronics,Accessories,2,2799,0,5598,3190.86,2407.14,UPI,Web,Returned,7,23,25,SELLER016,1,1
O000286,C0113,2025-07-20,S005,Hyderabad Hub,South,P011,Cotton Bedsheet,Home,Bedding,3,1599,5,4557.15,2643.15,1914,Credit Card,Mobile App,Cancelled,,42,32,SELLER017,2,0
O000287,C0130,2025-10-06,S006,Pune Market,West,P006,Laptop Stand,Office,Accessories,4,1499,10,5396.4,2806.13,2590.27,Debit Card,Store,Delivered,9,61,39,SELLER018,3,0
O000288,C0147,2025-01-19,S001,Bengaluru Central,South,P001,Wireless Headphones,Electronics,Audio,1,2499,15,2124.15,1125.8,998.35,Wallet,Web,Delivered,2,80,46,SELLER001,4,0
O000289,C0164,2025-04-05,S002,Chennai Marina,South,P012,Non-stick Pan,Home Appliances,Kitchen,2,2199,20,3518.4,1899.94,1618.46,Net Banking,Mobile App,Delivered,3,99,53,SELLER002,5,0
O000290,C0181,2025-07-18,S003,Mumbai West,West,P007,Desk Lamp,Home,Lighting,3,999,0,2997,1648.35,1348.65,UPI,Store,Shipped,4,118,25,SELLER003,1,0
O000291,C0198,2025-10-04,S004,Delhi Select,North,P002,Smart Watch,Electronics,Wearables,4,5999,5,22796.2,12765.87,10030.33,Credit Card,Web,Processing,,137,32,SELLER004,2,0
O000292,C0215,2025-01-17,S005,Hyderabad Hub,South,P013,USB-C Hub,Electronics,Accessories,1,2299,10,2069.1,1179.39,889.71,Debit Card,Mobile App,Returned,6,156,39,SELLER005,3,1
O000293,C0232,2025-04-03,S006,Pune Market,West,P008,Yoga Mat,Sports,Fitness,2,1299,15,2208.3,1280.81,927.49,Wallet,Store,Cancelled,,175,46,SELLER006,4,0
O000294,C0249,2025-07-16,S001,Bengaluru Central,South,P003,Coffee Maker,Home Appliances,Kitchen,3,3499,20,8397.6,4366.75,4030.85,Net Banking,Web,Delivered,8,14,53,SELLER007,5,0
O000295,C0016,2025-10-02,S002,Chennai Marina,South,P014,Office Chair,Office,Furniture,4,8999,0,35996,19077.88,16918.12,UPI,Mobile App,Delivered,9,33,25,SELLER008,1,0
O000296,C0033,2025-01-15,S003,Mumbai West,West,P009,Backpack,Fashion,Bags,1,1799,5,1709.05,922.89,786.16,Credit Card,Store,Delivered,2,52,32,SELLER009,2,0
O000297,C0050,2025-04-01,S004,Delhi Select,North,P004,Running Shoes,Fashion,Footwear,2,2999,10,5398.2,2969.01,2429.19,Debit Card,Web,Shipped,3,71,39,SELLER010,3,0
O000298,C0067,2025-07-14,S005,Hyderabad Hub,South,P015,Skincare Set,Beauty,Personal Care,3,2499,15,6372.45,3568.57,2803.88,Wallet,Mobile App,Processing,,90,46,SELLER011,4,0
O000299,C0084,2025-10-27,S006,Pune Market,West,P010,Water Bottle,Sports,Fitness,4,699,20,2236.8,1274.98,961.82,Net Banking,Store,Returned,5,109,53,SELLER012,5,1
O000300,C0101,2025-01-13,S001,Bengaluru Central,South,P005,Bluetooth Speaker,Electronics,Audio,1,1899,0,1899,1101.42,797.58,UPI,Web,Cancelled,,128,25,SELLER013,1,0
O000301,C0118,2025-04-26,S002,Chennai Marina,South,P016,Bluetooth Keyboard,Electronics,Accessories,2,2799,5,5318.1,2765.41,2552.69,Credit Card,Mobile App,Delivered,7,147,32,SELLER014,2,0
O000302,C0135,2025-07-12,S003,Mumbai West,West,P011,Cotton Bedsheet,Home,Bedding,3,1599,10,4317.3,2288.17,2029.13,Debit Card,Store,Delivered,8,166,39,SELLER015,3,0
O000303,C0152,2025-10-25,S004,Delhi Select,North,P006,Laptop Stand,Office,Accessories,4,1499,15,5096.6,2752.16,2344.44,Wallet,Web,Delivered,9,185,46,SELLER016,4,0
O000304,C0169,2025-01-11,S005,Hyderabad Hub,South,P001,Wireless Headphones,Electronics,Audio,1,2499,20,1999.2,1099.56,899.64,Net Banking,Mobile App,Shipped,2,24,53,SELLER017,5,0
O000305,C0186,2025-04-24,S006,Pune Market,West,P012,Non-stick Pan,Home Appliances,Kitchen,2,2199,0,4398,2462.88,1935.12,UPI,Store,Processing,,43,25,SELLER018,1,0
O000306,C0203,2025-07-10,S001,Bengaluru Central,South,P007,Desk Lamp,Home,Lighting,3,999,5,2847.15,1622.88,1224.27,Credit Card,Web,Returned,4,62,32,SELLER001,2,1
O000307,C0220,2025-10-23,S002,Chennai Marina,South,P002,Smart Watch,Electronics,Wearables,4,5999,10,21596.4,12525.91,9070.49,Debit Card,Mobile App,Cancelled,,81,39,SELLER002,3,0
O000308,C0237,2025-01-09,S003,Mumbai West,West,P013,USB-C Hub,Electronics,Accessories,1,2299,15,1954.15,1016.16,937.99,Wallet,Store,Delivered,6,100,46,SELLER003,4,0
O000309,C0004,2025-04-22,S004,Delhi Select,North,P008,Yoga Mat,Sports,Fitness,2,1299,20,2078.4,1101.55,976.85,Net Banking,Web,Delivered,7,119,53,SELLER004,5,0
O000310,C0021,2025-07-08,S005,Hyderabad Hub,South,P003,Coffee Maker,Home Appliances,Kitchen,3,3499,0,10497,5668.38,4828.62,UPI,Mobile App,Delivered,8,138,25,SELLER005,1,0
O000311,C0038,2025-10-21,S006,Pune Market,West,P014,Office Chair,Office,Furniture,4,8999,5,34196.2,18807.91,15388.29,Credit Card,Store,Shipped,9,157,32,SELLER006,2,0
O000312,C0055,2025-01-07,S001,Bengaluru Central,South,P009,Backpack,Fashion,Bags,1,1799,10,1619.1,906.7,712.4,Debit Card,Web,Processing,,176,39,SELLER007,3,0
O000313,C0072,2025-04-20,S002,Chennai Marina,South,P004,Running Shoes,Fashion,Footwear,2,2999,15,5098.3,2906.03,2192.27,Wallet,Mobile App,Returned,3,15,46,SELLER008,4,1
O000314,C0089,2025-07-06,S003,Mumbai West,West,P015,Skincare Set,Beauty,Personal Care,3,2499,20,5997.6,3478.61,2518.99,Net Banking,Store,Cancelled,,34,53,SELLER009,5,0
O000315,C0106,2025-10-19,S004,Delhi Select,North,P010,Water Bottle,Sports,Fitness,4,699,0,2796,1453.92,1342.08,UPI,Web,Delivered,5,53,25,SELLER010,1,0
O000316,C0123,2025-01-05,S005,Hyderabad Hub,South,P005,Bluetooth Speaker,Electronics,Audio,1,1899,5,1804.05,956.15,847.9,Credit Card,Mobile App,Delivered,6,72,32,SELLER011,2,0
O000317,C0140,2025-04-18,S006,Pune Market,West,P016,Bluetooth Keyboard,Electronics,Accessories,2,2799,10,5038.2,2720.63,2317.57,Debit Card,Store,Delivered,7,91,39,SELLER012,3,0
O000318,C0157,2025-07-04,S001,Bengaluru Central,South,P011,Cotton Bedsheet,Home,Bedding,3,1599,15,4077.45,2242.6,1834.85,Wallet,Web,Shipped,8,110,46,SELLER013,4,0
O000319,C0174,2025-10-17,S002,Chennai Marina,South,P006,Laptop Stand,Office,Accessories,4,1499,20,4796.8,2686.21,2110.59,Net Banking,Mobile App,Processing,,129,53,SELLER014,5,0
O000320,C0191,2025-01-03,S003,Mumbai West,West,P001,Wireless Headphones,Electronics,Audio,1,2499,0,2499,1424.43,1074.57,UPI,Store,Returned,2,148,25,SELLER015,1,1
O000321,C0208,2025-04-16,S004,Delhi Select,North,P012,Non-stick Pan,Home Appliances,Kitchen,2,2199,5,4178.1,2423.3,1754.8,Credit Card,Web,Cancelled,,167,32,SELLER016,2,0
O000322,C0225,2025-07-02,S005,Hyderabad Hub,South,P007,Desk Lamp,Home,Lighting,3,999,10,2697.3,1402.6,1294.7,Debit Card,Mobile App,Delivered,4,186,39,SELLER017,3,0
O000323,C0242,2025-10-15,S006,Pune Market,West,P002,Smart Watch,Electronics,Wearables,4,5999,15,20396.6,10810.2,9586.4,Wallet,Store,Delivered,5,25,46,SELLER018,4,0
O000324,C0009,2025-01-01,S001,Bengaluru Central,South,P013,USB-C Hub,Electronics,Accessories,1,2299,20,1839.2,993.17,846.03,Net Banking,Web,Delivered,6,44,53,SELLER001,5,0
O000325,C0026,2025-04-14,S002,Chennai Marina,South,P008,Yoga Mat,Sports,Fitness,2,1299,0,2598,1428.9,1169.1,UPI,Mobile App,Shipped,7,63,25,SELLER002,1,0
O000326,C0043,2025-07-27,S003,Mumbai West,West,P003,Coffee Maker,Home Appliances,Kitchen,3,3499,5,9972.15,5584.4,4387.75,Credit Card,Store,Processing,,82,32,SELLER003,2,0
O000327,C0060,2025-10-13,S004,Delhi Select,North,P014,Office Chair,Office,Furniture,4,8999,10,32396.4,18465.95,13930.45,Debit Card,Web,Returned,9,101,39,SELLER004,3,1
O000328,C0077,2025-01-26,S005,Hyderabad Hub,South,P009,Backpack,Fashion,Bags,1,1799,15,1529.15,886.91,642.24,Wallet,Mobile App,Cancelled,,120,46,SELLER005,4,0
O000329,C0094,2025-04-12,S006,Pune Market,West,P004,Running Shoes,Fashion,Footwear,2,2999,20,4798.4,2495.17,2303.23,Net Banking,Store,Delivered,3,139,53,SELLER006,5,0
O000330,C0111,2025-07-25,S001,Bengaluru Central,South,P015,Skincare Set,Beauty,Personal Care,3,2499,0,7497,3973.41,3523.59,UPI,Web,Delivered,4,158,25,SELLER007,1,0
O000331,C0128,2025-10-11,S002,Chennai Marina,South,P010,Water Bottle,Sports,Fitness,4,699,5,2656.2,1434.35,1221.85,Credit Card,Mobile App,Delivered,5,177,32,SELLER008,2,0
O000332,C0145,2025-01-24,S003,Mumbai West,West,P005,Bluetooth Speaker,Electronics,Audio,1,1899,10,1709.1,940,769.1,Debit Card,Store,Shipped,6,16,39,SELLER009,3,0
O000333,C0162,2025-04-10,S004,Delhi Select,North,P016,Bluetooth Keyboard,Electronics,Accessories,2,2799,15,4758.3,2664.65,2093.65,Wallet,Web,Processing,,35,46,SELLER010,4,0
O000334,C0179,2025-07-23,S005,Hyderabad Hub,South,P011,Cotton Bedsheet,Home,Bedding,3,1599,20,3837.6,2187.43,1650.17,Net Banking,Mobile App,Returned,8,54,53,SELLER011,5,1
O000335,C0196,2025-10-09,S006,Pune Market,West,P006,Laptop Stand,Office,Accessories,4,1499,0,5996,3477.68,2518.32,UPI,Store,Cancelled,,73,25,SELLER012,1,0
O000336,C0213,2025-01-22,S001,Bengaluru Central,South,P001,Wireless Headphones,Electronics,Audio,1,2499,5,2374.05,1234.51,1139.54,Credit Card,Web,Delivered,2,92,32,SELLER013,2,0
O000337,C0230,2025-04-08,S002,Chennai Marina,South,P012,Non-stick Pan,Home Appliances,Kitchen,2,2199,10,3958.2,2097.85,1860.35,Debit Card,Mobile App,Delivered,3,111,39,SELLER014,3,0
O000338,C0247,2025-07-21,S003,Mumbai West,West,P007,Desk Lamp,Home,Lighting,3,999,15,2547.45,1375.62,1171.83,Wallet,Store,Delivered,4,130,46,SELLER015,4,0
O000339,C0014,2025-10-07,S004,Delhi Select,North,P002,Smart Watch,Electronics,Wearables,4,5999,20,19196.8,10558.24,8638.56,Net Banking,Web,Shipped,5,149,53,SELLER016,5,0
O000340,C0031,2025-01-20,S005,Hyderabad Hub,South,P013,USB-C Hub,Electronics,Accessories,1,2299,0,2299,1287.44,1011.56,UPI,Mobile App,Processing,,168,25,SELLER017,1,0
O000341,C0048,2025-04-06,S006,Pune Market,West,P008,Yoga Mat,Sports,Fitness,2,1299,5,2468.1,1406.82,1061.28,Credit Card,Store,Returned,7,187,32,SELLER018,2,1
O000342,C0065,2025-07-19,S001,Bengaluru Central,South,P003,Coffee Maker,Home Appliances,Kitchen,3,3499,10,9447.3,5479.43,3967.87,Debit Card,Web,Cancelled,,26,39,SELLER001,3,0
O000343,C0082,2025-10-05,S002,Chennai Marina,South,P014,Office Chair,Office,Furniture,4,8999,15,30596.6,15910.23,14686.37,Wallet,Mobile App,Delivered,9,45,46,SELLER002,4,0
O000344,C0099,2025-01-18,S003,Mumbai West,West,P009,Backpack,Fashion,Bags,1,1799,20,1439.2,762.78,676.42,Net Banking,Store,Delivered,2,64,53,SELLER003,5,0
O000345,C0116,2025-04-04,S004,Delhi Select,North,P004,Running Shoes,Fashion,Footwear,2,2999,0,5998,3238.92,2759.08,UPI,Web,Delivered,3,83,25,SELLER004,1,0
O000346,C0133,2025-07-17,S005,Hyderabad Hub,South,P015,Skincare Set,Beauty,Personal Care,3,2499,5,7122.15,3917.18,3204.97,Credit Card,Mobile App,Shipped,4,102,32,SELLER005,2,0
O000347,C0150,2025-10-03,S006,Pune Market,West,P010,Water Bottle,Sports,Fitness,4,699,10,2516.4,1409.18,1107.22,Debit Card,Store,Processing,,121,39,SELLER006,3,0
O000348,C0167,2025-01-16,S001,Bengaluru Central,South,P005,Bluetooth Speaker,Electronics,Audio,1,1899,15,1614.15,920.07,694.08,Wallet,Web,Returned,6,140,46,SELLER007,4,1
O000349,C0184,2025-04-02,S002,Chennai Marina,South,P016,Bluetooth Keyboard,Electronics,Accessories,2,2799,20,4478.4,2597.47,1880.93,Net Banking,Mobile App,Cancelled,,159,53,SELLER008,5,0
O000350,C0201,2025-07-15,S003,Mumbai West,West,P011,Cotton Bedsheet,Home,Bedding,3,1599,0,4797,2494.44,2302.56,UPI,Store,Delivered,8,178,25,SELLER009,1,0
O000351,C0218,2025-10-01,S004,Delhi Select,North,P006,Laptop Stand,Office,Accessories,4,1499,5,5696.2,3018.99,2677.21,Credit Card,Web,Delivered,9,17,32,SELLER010,2,0
O000352,C0235,2025-01-14,S005,Hyderabad Hub,South,P001,Wireless Headphones,Electronics,Audio,1,2499,10,2249.1,1214.51,1034.59,Debit Card,Mobile App,Delivered,2,36,39,SELLER011,3,0
O000353,C0002,2025-04-27,S006,Pune Market,West,P012,Non-stick Pan,Home Appliances,Kitchen,2,2199,15,3738.3,2056.07,1682.23,Wallet,Store,Shipped,3,55,46,SELLER012,4,0
O000354,C0019,2025-07-13,S001,Bengaluru Central,South,P007,Desk Lamp,Home,Lighting,3,999,20,2397.6,1342.66,1054.94,Net Banking,Web,Processing,,74,53,SELLER013,5,0
O000355,C0036,2025-10-26,S002,Chennai Marina,South,P002,Smart Watch,Electronics,Wearables,4,5999,0,23996,13677.72,10318.28,UPI,Mobile App,Returned,5,93,25,SELLER014,1,1
O000356,C0053,2025-01-12,S003,Mumbai West,West,P013,USB-C Hub,Electronics,Accessories,1,2299,5,2184.05,1266.75,917.3,Credit Card,Store,Cancelled,,112,32,SELLER015,2,0
O000357,C0070,2025-04-25,S004,Delhi Select,North,P008,Yoga Mat,Sports,Fitness,2,1299,10,2338.2,1215.86,1122.34,Debit Card,Web,Delivered,7,131,39,SELLER016,3,0
O000358,C0087,2025-07-11,S005,Hyderabad Hub,South,P003,Coffee Maker,Home Appliances,Kitchen,3,3499,15,8922.45,4728.9,4193.55,Wallet,Mobile App,Delivered,8,150,46,SELLER017,4,0
O000359,C0104,2025-10-24,S006,Pune Market,West,P014,Office Chair,Office,Furniture,4,8999,20,28796.8,15550.27,13246.53,Net Banking,Store,Delivered,9,169,53,SELLER018,5,0
O000360,C0121,2025-01-10,S001,Bengaluru Central,South,P009,Backpack,Fashion,Bags,1,1799,0,1799,989.45,809.55,UPI,Web,Shipped,2,8,25,SELLER001,1,0
O000361,C0138,2025-04-23,S002,Chennai Marina,South,P004,Running Shoes,Fashion,Footwear,2,2999,5,5698.1,3190.94,2507.16,Credit Card,Mobile App,Processing,,27,32,SELLER002,2,0
O000362,C0155,2025-07-09,S003,Mumbai West,West,P015,Skincare Set,Beauty,Personal Care,3,2499,10,6747.3,3845.96,2901.34,Debit Card,Store,Returned,4,46,39,SELLER003,3,1
O000363,C0172,2025-10-22,S004,Delhi Select,North,P010,Water Bottle,Sports,Fitness,4,699,15,2376.6,1378.43,998.17,Wallet,Web,Cancelled,,65,46,SELLER004,4,0
O000364,C0189,2025-01-08,S005,Hyderabad Hub,South,P005,Bluetooth Speaker,Electronics,Audio,1,1899,20,1519.2,789.98,729.22,Net Banking,Mobile App,Delivered,6,84,53,SELLER005,5,0
O000365,C0206,2025-04-21,S006,Pune Market,West,P016,Bluetooth Keyboard,Electronics,Accessories,2,2799,0,5598,2966.94,2631.06,UPI,Store,Delivered,7,103,25,SELLER006,1,0
O000366,C0223,2025-07-07,S001,Bengaluru Central,South,P011,Cotton Bedsheet,Home,Bedding,3,1599,5,4557.15,2460.86,2096.29,Credit Card,Web,Delivered,8,122,32,SELLER007,2,0
O000367,C0240,2025-10-20,S002,Chennai Marina,South,P006,Laptop Stand,Office,Accessories,4,1499,10,5396.4,2968.02,2428.38,Debit Card,Mobile App,Shipped,9,141,39,SELLER008,3,0
O000368,C0007,2025-01-06,S003,Mumbai West,West,P001,Wireless Headphones,Electronics,Audio,1,2499,15,2124.15,1189.52,934.63,Wallet,Store,Processing,,160,46,SELLER009,4,0
O000369,C0024,2025-04-19,S004,Delhi Select,North,P012,Non-stick Pan,Home Appliances,Kitchen,2,2199,20,3518.4,2005.49,1512.91,Net Banking,Web,Returned,3,179,53,SELLER010,5,1
O000370,C0041,2025-07-05,S005,Hyderabad Hub,South,P007,Desk Lamp,Home,Lighting,3,999,0,2997,1738.26,1258.74,UPI,Mobile App,Cancelled,,18,25,SELLER011,1,0
O000371,C0058,2025-10-18,S006,Pune Market,West,P002,Smart Watch,Electronics,Wearables,4,5999,5,22796.2,11854.02,10942.18,Credit Card,Store,Delivered,5,37,32,SELLER012,2,0
O000372,C0075,2025-01-04,S001,Bengaluru Central,South,P013,USB-C Hub,Electronics,Accessories,1,2299,10,2069.1,1096.62,972.48,Debit Card,Web,Delivered,6,56,39,SELLER013,3,0
O000373,C0092,2025-04-17,S002,Chennai Marina,South,P008,Yoga Mat,Sports,Fitness,2,1299,15,2208.3,1192.48,1015.82,Wallet,Mobile App,Delivered,7,75,46,SELLER014,4,0
O000374,C0109,2025-07-03,S003,Mumbai West,West,P003,Coffee Maker,Home Appliances,Kitchen,3,3499,20,8397.6,4618.68,3778.92,Net Banking,Store,Shipped,8,94,53,SELLER015,5,0
O000375,C0126,2025-10-16,S004,Delhi Select,North,P014,Office Chair,Office,Furniture,4,8999,0,35996,20157.76,15838.24,UPI,Web,Processing,,113,25,SELLER016,1,0
O000376,C0143,2025-01-02,S005,Hyderabad Hub,South,P009,Backpack,Fashion,Bags,1,1799,5,1709.05,974.16,734.89,Credit Card,Mobile App,Returned,2,132,32,SELLER017,2,1
O000377,C0160,2025-04-15,S006,Pune Market,West,P004,Running Shoes,Fashion,Footwear,2,2999,10,5398.2,3130.96,2267.24,Debit Card,Store,Cancelled,,151,39,SELLER018,3,0
O000378,C0177,2025-07-01,S001,Bengaluru Central,South,P015,Skincare Set,Beauty,Personal Care,3,2499,15,6372.45,3313.67,3058.78,Wallet,Web,Delivered,4,170,46,SELLER001,4,0
O000379,C0194,2025-10-14,S002,Chennai Marina,South,P010,Water Bottle,Sports,Fitness,4,699,20,2236.8,1185.5,1051.3,Net Banking,Mobile App,Delivered,5,9,53,SELLER002,5,0
O000380,C0211,2025-01-27,S003,Mumbai West,West,P005,Bluetooth Speaker,Electronics,Audio,1,1899,0,1899,1025.46,873.54,UPI,Store,Delivered,6,28,25,SELLER003,1,0
O000381,C0228,2025-04-13,S004,Delhi Select,North,P016,Bluetooth Keyboard,Electronics,Accessories,2,2799,5,5318.1,2924.96,2393.14,Credit Card,Web,Shipped,7,47,32,SELLER004,2,0
O000382,C0245,2025-07-26,S005,Hyderabad Hub,South,P011,Cotton Bedsheet,Home,Bedding,3,1599,10,4317.3,2417.69,1899.61,Debit Card,Mobile App,Processing,,66,39,SELLER005,3,0
O000383,C0012,2025-10-12,S006,Pune Market,West,P006,Laptop Stand,Office,Accessories,4,1499,15,5096.6,2905.06,2191.54,Wallet,Store,Returned,9,85,46,SELLER006,4,1
O000384,C0029,2025-01-25,S001,Bengaluru Central,South,P001,Wireless Headphones,Electronics,Audio,1,2499,20,1999.2,1159.54,839.66,Net Banking,Web,Cancelled,,104,53,SELLER007,5,0
O000385,C0046,2025-04-11,S002,Chennai Marina,South,P012,Non-stick Pan,Home Appliances,Kitchen,2,2199,0,4398,2286.96,2111.04,UPI,Mobile App,Delivered,3,123,25,SELLER008,1,0
O000386,C0063,2025-07-24,S003,Mumbai West,West,P007,Desk Lamp,Home,Lighting,3,999,5,2847.15,1508.99,1338.16,Credit Card,Store,Delivered,4,142,32,SELLER009,2,0
O000387,C0080,2025-10-10,S004,Delhi Select,North,P002,Smart Watch,Electronics,Wearables,4,5999,10,21596.4,11662.06,9934.34,Debit Card,Web,Delivered,5,161,39,SELLER010,3,0
O000388,C0097,2025-01-23,S005,Hyderabad Hub,South,P013,USB-C Hub,Electronics,Accessories,1,2299,15,1954.15,1074.78,879.37,Wallet,Mobile App,Shipped,6,180,46,SELLER011,4,0
O000389,C0114,2025-04-09,S006,Pune Market,West,P008,Yoga Mat,Sports,Fitness,2,1299,20,2078.4,1163.9,914.5,Net Banking,Store,Processing,,19,53,SELLER012,5,0
O000390,C0131,2025-07-22,S001,Bengaluru Central,South,P003,Coffee Maker,Home Appliances,Kitchen,3,3499,0,10497,5983.29,4513.71,UPI,Web,Returned,8,38,25,SELLER013,1,1
O000391,C0148,2025-10-08,S002,Chennai Marina,South,P014,Office Chair,Office,Furniture,4,8999,5,34196.2,19833.8,14362.4,Credit Card,Mobile App,Cancelled,,57,32,SELLER014,2,0
O000392,C0165,2025-01-21,S003,Mumbai West,West,P009,Backpack,Fashion,Bags,1,1799,10,1619.1,841.93,777.17,Debit Card,Store,Delivered,2,76,39,SELLER015,3,0
O000393,C0182,2025-04-07,S004,Delhi Select,North,P004,Running Shoes,Fashion,Footwear,2,2999,15,5098.3,2702.1,2396.2,Wallet,Web,Delivered,3,95,46,SELLER016,4,0
O000394,C0199,2025-07-20,S005,Hyderabad Hub,South,P015,Skincare Set,Beauty,Personal Care,3,2499,20,5997.6,3238.7,2758.9,Net Banking,Mobile App,Delivered,4,114,53,SELLER017,5,0
O000395,C0216,2025-10-06,S006,Pune Market,West,P010,Water Bottle,Sports,Fitness,4,699,0,2796,1537.8,1258.2,UPI,Store,Shipped,5,133,25,SELLER018,1,0
O000396,C0233,2025-01-19,S001,Bengaluru Central,South,P005,Bluetooth Speaker,Electronics,Audio,1,1899,5,1804.05,1010.27,793.78,Credit Card,Web,Processing,,152,32,SELLER001,2,0
O000397,C0250,2025-04-05,S002,Chennai Marina,South,P016,Bluetooth Keyboard,Electronics,Accessories,2,2799,10,5038.2,2871.77,2166.43,Debit Card,Mobile App,Returned,7,171,39,SELLER002,3,1
O000398,C0017,2025-07-18,S003,Mumbai West,West,P011,Cotton Bedsheet,Home,Bedding,3,1599,15,4077.45,2364.92,1712.53,Wallet,Store,Cancelled,,10,46,SELLER003,4,0
O000399,C0034,2025-10-04,S004,Delhi Select,North,P006,Laptop Stand,Office,Accessories,4,1499,20,4796.8,2494.34,2302.46,Net Banking,Web,Delivered,9,29,53,SELLER004,5,0
O000400,C0051,2025-01-17,S005,Hyderabad Hub,South,P001,Wireless Headphones,Electronics,Audio,1,2499,0,2499,1324.47,1174.53,UPI,Mobile App,Delivered,2,48,25,SELLER005,1,0
O000401,C0068,2025-04-03,S006,Pune Market,West,P012,Non-stick Pan,Home Appliances,Kitchen,2,2199,5,4178.1,2256.17,1921.93,Credit Card,Store,Delivered,3,67,32,SELLER006,2,0
O000402,C0085,2025-07-16,S001,Bengaluru Central,South,P007,Desk Lamp,Home,Lighting,3,999,10,2697.3,1483.52,1213.78,Debit Card,Web,Shipped,4,86,39,SELLER007,3,0
O000403,C0102,2025-10-02,S002,Chennai Marina,South,P002,Smart Watch,Electronics,Wearables,4,5999,15,20396.6,11422.1,8974.5,Wallet,Mobile App,Processing,,105,46,SELLER008,4,0
O000404,C0119,2025-01-15,S003,Mumbai West,West,P013,USB-C Hub,Electronics,Accessories,1,2299,20,1839.2,1048.34,790.86,Net Banking,Store,Returned,6,124,53,SELLER009,5,1
O000405,C0136,2025-04-01,S004,Delhi Select,North,P008,Yoga Mat,Sports,Fitness,2,1299,0,2598,1506.84,1091.16,UPI,Web,Cancelled,,143,25,SELLER010,1,0
O000406,C0153,2025-07-14,S005,Hyderabad Hub,South,P003,Coffee Maker,Home Appliances,Kitchen,3,3499,5,9972.15,5185.52,4786.63,Credit Card,Mobile App,Delivered,8,162,32,SELLER011,2,0
O000407,C0170,2025-10-27,S006,Pune Market,West,P014,Office Chair,Office,Furniture,4,8999,10,32396.4,17170.09,15226.31,Debit Card,Store,Delivered,9,181,39,SELLER012,3,0
O000408,C0187,2025-01-13,S001,Bengaluru Central,South,P009,Backpack,Fashion,Bags,1,1799,15,1529.15,825.74,703.41,Wallet,Web,Delivered,2,20,46,SELLER013,4,0
O000409,C0204,2025-04-26,S002,Chennai Marina,South,P004,Running Shoes,Fashion,Footwear,2,2999,20,4798.4,2639.12,2159.28,Net Banking,Mobile App,Shipped,3,39,53,SELLER014,5,0
O000410,C0221,2025-07-12,S003,Mumbai West,West,P015,Skincare Set,Beauty,Personal Care,3,2499,0,7497,4198.32,3298.68,UPI,Store,Processing,,58,25,SELLER015,1,0
O000411,C0238,2025-10-25,S004,Delhi Select,North,P010,Water Bottle,Sports,Fitness,4,699,5,2656.2,1514.03,1142.17,Credit Card,Web,Returned,5,77,32,SELLER016,2,1
O000412,C0005,2025-01-11,S005,Hyderabad Hub,South,P005,Bluetooth Speaker,Electronics,Audio,1,1899,10,1709.1,991.28,717.82,Debit Card,Mobile App,Cancelled,,96,39,SELLER017,3,0
O000413,C0022,2025-04-24,S006,Pune Market,West,P016,Bluetooth Keyboard,Electronics,Accessories,2,2799,15,4758.3,2474.32,2283.98,Wallet,Store,Delivered,7,115,46,SELLER018,4,0
O000414,C0039,2025-07-10,S001,Bengaluru Central,South,P011,Cotton Bedsheet,Home,Bedding,3,1599,20,3837.6,2033.93,1803.67,Net Banking,Web,Delivered,8,134,53,SELLER001,5,0
O000415,C0056,2025-10-23,S002,Chennai Marina,South,P006,Laptop Stand,Office,Accessories,4,1499,0,5996,3237.84,2758.16,UPI,Mobile App,Delivered,9,153,25,SELLER002,1,0
O000416,C0073,2025-01-09,S003,Mumbai West,West,P001,Wireless Headphones,Electronics,Audio,1,2499,5,2374.05,1305.73,1068.32,Credit Card,Store,Shipped,2,172,32,SELLER003,2,0
O000417,C0090,2025-04-22,S004,Delhi Select,North,P012,Non-stick Pan,Home Appliances,Kitchen,2,2199,10,3958.2,2216.59,1741.61,Debit Card,Web,Processing,,11,39,SELLER004,3,0
O000418,C0107,2025-07-08,S005,Hyderabad Hub,South,P007,Desk Lamp,Home,Lighting,3,999,15,2547.45,1452.05,1095.4,Wallet,Mobile App,Returned,4,30,46,SELLER005,4,1
O000419,C0124,2025-10-21,S006,Pune Market,West,P002,Smart Watch,Electronics,Wearables,4,5999,20,19196.8,11134.14,8062.66,Net Banking,Store,Cancelled,,49,53,SELLER006,5,0
O000420,C0141,2025-01-07,S001,Bengaluru Central,South,P013,USB-C Hub,Electronics,Accessories,1,2299,0,2299,1195.48,1103.52,UPI,Web,Delivered,6,68,25,SELLER007,1,0
O000421,C0158,2025-04-20,S002,Chennai Marina,South,P008,Yoga Mat,Sports,Fitness,2,1299,5,2468.1,1308.09,1160.01,Credit Card,Mobile App,Delivered,7,87,32,SELLER008,2,0
O000422,C0175,2025-07-06,S003,Mumbai West,West,P003,Coffee Maker,Home Appliances,Kitchen,3,3499,10,9447.3,5101.54,4345.76,Debit Card,Store,Delivered,8,106,39,SELLER009,3,0
O000423,C0192,2025-10-19,S004,Delhi Select,North,P014,Office Chair,Office,Furniture,4,8999,15,30596.6,16828.13,13768.47,Wallet,Web,Shipped,9,125,46,SELLER010,4,0
O000424,C0209,2025-01-05,S005,Hyderabad Hub,South,P009,Backpack,Fashion,Bags,1,1799,20,1439.2,805.95,633.25,Net Banking,Mobile App,Processing,,144,53,SELLER011,5,0
O000425,C0226,2025-04-18,S006,Pune Market,West,P004,Running Shoes,Fashion,Footwear,2,2999,0,5998,3418.86,2579.14,UPI,Store,Returned,3,163,25,SELLER012,1,1
O000426,C0243,2025-07-04,S001,Bengaluru Central,South,P015,Skincare Set,Beauty,Personal Care,3,2499,5,7122.15,4130.85,2991.3,Credit Card,Web,Cancelled,,182,32,SELLER013,2,0
O000427,C0010,2025-10-17,S002,Chennai Marina,South,P010,Water Bottle,Sports,Fitness,4,699,10,2516.4,1308.53,1207.87,Debit Card,Mobile App,Delivered,5,21,39,SELLER014,3,0
O000428,C0027,2025-01-03,S003,Mumbai West,West,P005,Bluetooth Speaker,Electronics,Audio,1,1899,15,1614.15,855.5,758.65,Wallet,Store,Delivered,6,40,46,SELLER015,4,0
O000429,C0044,2025-04-16,S004,Delhi Select,North,P016,Bluetooth Keyboard,Electronics,Accessories,2,2799,20,4478.4,2418.34,2060.06,Net Banking,Web,Delivered,7,59,53,SELLER016,5,0
O000430,C0061,2025-07-02,S005,Hyderabad Hub,South,P011,Cotton Bedsheet,Home,Bedding,3,1599,0,4797,2638.35,2158.65,UPI,Mobile App,Shipped,8,78,25,SELLER017,1,0
O000431,C0078,2025-10-15,S006,Pune Market,West,P006,Laptop Stand,Office,Accessories,4,1499,5,5696.2,3189.87,2506.33,Credit Card,Store,Processing,,97,32,SELLER018,2,0
O000432,C0095,2025-01-01,S001,Bengaluru Central,South,P001,Wireless Headphones,Electronics,Audio,1,2499,10,2249.1,1281.99,967.11,Debit Card,Web,Returned,2,116,39,SELLER001,3,1
O000433,C0112,2025-04-14,S002,Chennai Marina,South,P012,Non-stick Pan,Home Appliances,Kitchen,2,2199,15,3738.3,2168.21,1570.09,Wallet,Mobile App,Cancelled,,135,46,SELLER002,4,0
O000434,C0129,2025-07-27,S003,Mumbai West,West,P007,Desk Lamp,Home,Lighting,3,999,20,2397.6,1246.75,1150.85,Net Banking,Store,Delivered,4,154,53,SELLER003,5,0
O000435,C0146,2025-10-13,S004,Delhi Select,North,P002,Smart Watch,Electronics,Wearables,4,5999,0,23996,12717.88,11278.12,UPI,Web,Delivered,5,173,25,SELLER004,1,0
O000436,C0163,2025-01-26,S005,Hyderabad Hub,South,P013,USB-C Hub,Electronics,Accessories,1,2299,5,2184.05,1179.39,1004.66,Credit Card,Mobile App,Delivered,6,12,32,SELLER005,2,0
O000437,C0180,2025-04-12,S006,Pune Market,West,P008,Yoga Mat,Sports,Fitness,2,1299,10,2338.2,1286.01,1052.19,Debit Card,Store,Shipped,7,31,39,SELLER006,3,0
O000438,C0197,2025-07-25,S001,Bengaluru Central,South,P003,Coffee Maker,Home Appliances,Kitchen,3,3499,15,8922.45,4996.57,3925.88,Wallet,Web,Processing,,50,46,SELLER007,4,0
O000439,C0214,2025-10-11,S002,Chennai Marina,South,P014,Office Chair,Office,Furniture,4,8999,20,28796.8,16414.18,12382.62,Net Banking,Mobile App,Returned,9,69,53,SELLER008,5,1
O000440,C0231,2025-01-24,S003,Mumbai West,West,P009,Backpack,Fashion,Bags,1,1799,0,1799,1043.42,755.58,UPI,Store,Cancelled,,88,25,SELLER009,1,0
O000441,C0248,2025-04-10,S004,Delhi Select,North,P004,Running Shoes,Fashion,Footwear,2,2999,5,5698.1,2963.01,2735.09,Credit Card,Web,Delivered,3,107,32,SELLER010,2,0
O000442,C0015,2025-07-23,S005,Hyderabad Hub,South,P015,Skincare Set,Beauty,Personal Care,3,2499,10,6747.3,3576.07,3171.23,Debit Card,Mobile App,Delivered,4,126,39,SELLER011,3,0
O000443,C0032,2025-10-09,S006,Pune Market,West,P010,Water Bottle,Sports,Fitness,4,699,15,2376.6,1283.36,1093.24,Wallet,Store,Delivered,5,145,46,SELLER012,4,0
O000444,C0049,2025-01-22,S001,Bengaluru Central,South,P005,Bluetooth Speaker,Electronics,Audio,1,1899,20,1519.2,835.56,683.64,Net Banking,Web,Shipped,6,164,53,SELLER013,5,0
O000445,C0066,2025-04-08,S002,Chennai Marina,South,P016,Bluetooth Keyboard,Electronics,Accessories,2,2799,0,5598,3134.88,2463.12,UPI,Mobile App,Processing,,183,25,SELLER014,1,0
O000446,C0083,2025-07-21,S003,Mumbai West,West,P011,Cotton Bedsheet,Home,Bedding,3,1599,5,4557.15,2597.58,1959.57,Credit Card,Store,Returned,8,22,32,SELLER015,2,1
O000447,C0100,2025-10-07,S004,Delhi Select,North,P006,Laptop Stand,Office,Accessories,4,1499,10,5396.4,3129.91,2266.49,Debit Card,Web,Cancelled,,41,39,SELLER016,3,0
O000448,C0117,2025-01-20,S005,Hyderabad Hub,South,P001,Wireless Headphones,Electronics,Audio,1,2499,15,2124.15,1104.56,1019.59,Wallet,Mobile App,Delivered,2,60,46,SELLER017,4,0
O000449,C0134,2025-04-06,S006,Pune Market,West,P012,Non-stick Pan,Home Appliances,Kitchen,2,2199,20,3518.4,1864.75,1653.65,Net Banking,Store,Delivered,3,79,53,SELLER018,5,0
O000450,C0151,2025-07-19,S001,Bengaluru Central,South,P007,Desk Lamp,Home,Lighting,3,999,0,2997,1618.38,1378.62,UPI,Web,Delivered,4,98,25,SELLER001,1,0
O000451,C0168,2025-10-05,S002,Chennai Marina,South,P002,Smart Watch,Electronics,Wearables,4,5999,5,22796.2,12537.91,10258.29,Credit Card,Mobile App,Shipped,5,117,32,SELLER002,2,0
O000452,C0185,2025-01-18,S003,Mumbai West,West,P013,USB-C Hub,Electronics,Accessories,1,2299,10,2069.1,1158.7,910.4,Debit Card,Store,Processing,,136,39,SELLER003,3,0
O000453,C0202,2025-04-04,S004,Delhi Select,North,P008,Yoga Mat,Sports,Fitness,2,1299,15,2208.3,1258.73,949.57,Wallet,Web,Returned,7,155,46,SELLER004,4,1
O000454,C0219,2025-07-17,S005,Hyderabad Hub,South,P003,Coffee Maker,Home Appliances,Kitchen,3,3499,20,8397.6,4870.61,3526.99,Net Banking,Mobile App,Cancelled,,174,53,SELLER005,5,0
O000455,C0236,2025-10-03,S006,Pune Market,West,P014,Office Chair,Office,Furniture,4,8999,0,35996,18717.92,17278.08,UPI,Store,Delivered,9,13,25,SELLER006,1,0
O000456,C0003,2025-01-16,S001,Bengaluru Central,South,P009,Backpack,Fashion,Bags,1,1799,5,1709.05,905.8,803.25,Credit Card,Web,Delivered,2,32,32,SELLER007,2,0
O000457,C0020,2025-04-02,S002,Chennai Marina,South,P004,Running Shoes,Fashion,Footwear,2,2999,10,5398.2,2915.03,2483.17,Debit Card,Mobile App,Delivered,3,51,39,SELLER008,3,0
O000458,C0037,2025-07-15,S003,Mumbai West,West,P015,Skincare Set,Beauty,Personal Care,3,2499,15,6372.45,3504.85,2867.6,Wallet,Store,Shipped,4,70,46,SELLER009,4,0
O000459,C0054,2025-10-01,S004,Delhi Select,North,P010,Water Bottle,Sports,Fitness,4,699,20,2236.8,1252.61,984.19,Net Banking,Web,Processing,,89,53,SELLER010,5,0
O000460,C0071,2025-01-14,S005,Hyderabad Hub,South,P005,Bluetooth Speaker,Electronics,Audio,1,1899,0,1899,1082.43,816.57,UPI,Mobile App,Returned,6,108,25,SELLER011,1,1
O000461,C0088,2025-04-27,S006,Pune Market,West,P016,Bluetooth Keyboard,Electronics,Accessories,2,2799,5,5318.1,3084.5,2233.6,Credit Card,Store,Cancelled,,127,32,SELLER012,2,0
O000462,C0105,2025-07-13,S001,Bengaluru Central,South,P011,Cotton Bedsheet,Home,Bedding,3,1599,10,4317.3,2245,2072.3,Debit Card,Web,Delivered,8,146,39,SELLER013,3,0
O000463,C0122,2025-10-26,S002,Chennai Marina,South,P006,Laptop Stand,Office,Accessories,4,1499,15,5096.6,2701.2,2395.4,Wallet,Mobile App,Delivered,9,165,46,SELLER014,4,0
O000464,C0139,2025-01-12,S003,Mumbai West,West,P001,Wireless Headphones,Electronics,Audio,1,2499,20,1999.2,1079.57,919.63,Net Banking,Store,Delivered,2,184,53,SELLER015,5,0
O000465,C0156,2025-04-25,S004,Delhi Select,North,P012,Non-stick Pan,Home Appliances,Kitchen,2,2199,0,4398,2418.9,1979.1,UPI,Web,Shipped,3,23,25,SELLER016,1,0
O000466,C0173,2025-07-11,S005,Hyderabad Hub,South,P007,Desk Lamp,Home,Lighting,3,999,5,2847.15,1594.4,1252.75,Credit Card,Mobile App,Processing,,42,32,SELLER017,2,0
O000467,C0190,2025-10-24,S006,Pune Market,West,P002,Smart Watch,Electronics,Wearables,4,5999,10,21596.4,12309.95,9286.45,Debit Card,Store,Returned,5,61,39,SELLER018,3,1
O000468,C0207,2025-01-10,S001,Bengaluru Central,South,P013,USB-C Hub,Electronics,Accessories,1,2299,15,1954.15,1133.41,820.74,Wallet,Web,Cancelled,,80,46,SELLER001,4,0
O000469,C0224,2025-04-23,S002,Chennai Marina,South,P008,Yoga Mat,Sports,Fitness,2,1299,20,2078.4,1080.77,997.63,Net Banking,Mobile App,Delivered,7,99,53,SELLER002,5,0
O000470,C0241,2025-07-09,S003,Mumbai West,West,P003,Coffee Maker,Home Appliances,Kitchen,3,3499,0,10497,5563.41,4933.59,UPI,Store,Delivered,8,118,25,SELLER003,1,0
O000471,C0008,2025-10-22,S004,Delhi Select,North,P014,Office Chair,Office,Furniture,4,8999,5,34196.2,18465.95,15730.25,Credit Card,Web,Delivered,9,137,32,SELLER004,2,0
O000472,C0025,2025-01-08,S005,Hyderabad Hub,South,P009,Backpack,Fashion,Bags,1,1799,10,1619.1,890.5,728.6,Debit Card,Mobile App,Shipped,2,156,39,SELLER005,3,0
O000473,C0042,2025-04-21,S006,Pune Market,West,P004,Running Shoes,Fashion,Footwear,2,2999,15,5098.3,2855.05,2243.25,Wallet,Store,Processing,,175,46,SELLER006,4,0
O000474,C0059,2025-07-07,S001,Bengaluru Central,South,P015,Skincare Set,Beauty,Personal Care,3,2499,20,5997.6,3418.63,2578.97,Net Banking,Web,Returned,4,14,53,SELLER007,5,1
O000475,C0076,2025-10-20,S002,Chennai Marina,South,P010,Water Bottle,Sports,Fitness,4,699,0,2796,1621.68,1174.32,UPI,Mobile App,Cancelled,,33,25,SELLER008,1,0
O000476,C0093,2025-01-06,S003,Mumbai West,West,P005,Bluetooth Speaker,Electronics,Audio,1,1899,5,1804.05,938.11,865.94,Credit Card,Store,Delivered,6,52,32,SELLER009,2,0
O000477,C0110,2025-04-19,S004,Delhi Select,North,P016,Bluetooth Keyboard,Electronics,Accessories,2,2799,10,5038.2,2670.25,2367.95,Debit Card,Web,Delivered,7,71,39,SELLER010,3,0
O000478,C0127,2025-07-05,S005,Hyderabad Hub,South,P011,Cotton Bedsheet,Home,Bedding,3,1599,15,4077.45,2201.82,1875.63,Wallet,Mobile App,Delivered,8,90,46,SELLER011,4,0
O000479,C0144,2025-10-18,S006,Pune Market,West,P006,Laptop Stand,Office,Accessories,4,1499,20,4796.8,2638.24,2158.56,Net Banking,Store,Shipped,9,109,53,SELLER012,5,0
O000480,C0161,2025-01-04,S001,Bengaluru Central,South,P001,Wireless Headphones,Electronics,Audio,1,2499,0,2499,1399.44,1099.56,UPI,Web,Processing,,128,25,SELLER013,1,0
O000481,C0178,2025-04-17,S002,Chennai Marina,South,P012,Non-stick Pan,Home Appliances,Kitchen,2,2199,5,4178.1,2381.52,1796.58,Credit Card,Mobile App,Returned,3,147,32,SELLER014,2,1
O000482,C0195,2025-07-03,S003,Mumbai West,West,P007,Desk Lamp,Home,Lighting,3,999,10,2697.3,1564.43,1132.87,Debit Card,Store,Cancelled,,166,39,SELLER015,3,0
O000483,C0212,2025-10-16,S004,Delhi Select,North,P002,Smart Watch,Electronics,Wearables,4,5999,15,20396.6,10606.23,9790.37,Wallet,Web,Delivered,5,185,46,SELLER016,4,0
O000484,C0229,2025-01-02,S005,Hyderabad Hub,South,P013,USB-C Hub,Electronics,Accessories,1,2299,20,1839.2,974.78,864.42,Net Banking,Mobile App,Delivered,6,24,53,SELLER017,5,0
O000485,C0246,2025-04-15,S006,Pune Market,West,P008,Yoga Mat,Sports,Fitness,2,1299,0,2598,1402.92,1195.08,UPI,Store,Delivered,7,43,25,SELLER018,1,0
O000486,C0013,2025-07-01,S001,Bengaluru Central,South,P003,Coffee Maker,Home Appliances,Kitchen,3,3499,5,9972.15,5484.68,4487.47,Credit Card,Web,Shipped,8,62,32,SELLER001,2,0
O000487,C0030,2025-10-14,S002,Chennai Marina,South,P014,Office Chair,Office,Furniture,4,8999,10,32396.4,18141.98,14254.42,Debit Card,Mobile App,Processing,,81,39,SELLER002,3,0
O000488,C0047,2025-01-27,S003,Mumbai West,West,P009,Backpack,Fashion,Bags,1,1799,15,1529.15,871.62,657.53,Wallet,Store,Returned,2,100,46,SELLER003,4,1
O000489,C0064,2025-04-13,S004,Delhi Select,North,P004,Running Shoes,Fashion,Footwear,2,2999,20,4798.4,2783.07,2015.33,Net Banking,Web,Cancelled,,119,53,SELLER004,5,0
O000490,C0081,2025-07-26,S005,Hyderabad Hub,South,P015,Skincare Set,Beauty,Personal Care,3,2499,0,7497,3898.44,3598.56,UPI,Mobile App,Delivered,4,138,25,SELLER005,1,0
O000491,C0098,2025-10-12,S006,Pune Market,West,P010,Water Bottle,Sports,Fitness,4,699,5,2656.2,1407.79,1248.41,Credit Card,Store,Delivered,5,157,32,SELLER006,2,0
O000492,C0115,2025-01-25,S001,Bengaluru Central,South,P005,Bluetooth Speaker,Electronics,Audio,1,1899,10,1709.1,922.91,786.19,Debit Card,Web,Delivered,6,176,39,SELLER007,3,0
O000493,C0132,2025-04-11,S002,Chennai Marina,South,P016,Bluetooth Keyboard,Electronics,Accessories,2,2799,15,4758.3,2617.07,2141.23,Wallet,Mobile App,Shipped,7,15,46,SELLER008,4,0
O000494,C0149,2025-07-24,S003,Mumbai West,West,P011,Cotton Bedsheet,Home,Bedding,3,1599,20,3837.6,2149.06,1688.54,Net Banking,Store,Processing,,34,53,SELLER009,5,0
O000495,C0166,2025-10-10,S004,Delhi Select,North,P006,Laptop Stand,Office,Accessories,4,1499,0,5996,3417.72,2578.28,UPI,Web,Returned,9,53,25,SELLER010,1,1
O000496,C0183,2025-01-23,S005,Hyderabad Hub,South,P001,Wireless Headphones,Electronics,Audio,1,2499,5,2374.05,1376.95,997.1,Credit Card,Mobile App,Cancelled,,72,32,SELLER011,2,0
O000497,C0200,2025-04-09,S006,Pune Market,West,P012,Non-stick Pan,Home Appliances,Kitchen,2,2199,10,3958.2,2058.26,1899.94,Debit Card,Store,Delivered,3,91,39,SELLER012,3,0
O000498,C0217,2025-07-22,S001,Bengaluru Central,South,P007,Desk Lamp,Home,Lighting,3,999,15,2547.45,1350.15,1197.3,Wallet,Web,Delivered,4,110,46,SELLER013,4,0
O000499,C0234,2025-10-08,S002,Chennai Marina,South,P002,Smart Watch,Electronics,Wearables,4,5999,20,19196.8,10366.27,8830.53,Net Banking,Mobile App,Delivered,5,129,53,SELLER014,5,0
O000500,C0001,2025-01-21,S003,Mumbai West,West,P013,USB-C Hub,Electronics,Accessories,1,2299,0,2299,1264.45,1034.55,UPI,Store,Shipped,6,148,25,SELLER015,1,0
O000501,C0018,2025-04-07,S004,Delhi Select,North,P008,Yoga Mat,Sports,Fitness,2,1299,5,2468.1,1382.14,1085.96,Credit Card,Web,Processing,,167,32,SELLER016,2,0
O000502,C0035,2025-07-20,S005,Hyderabad Hub,South,P003,Coffee Maker,Home Appliances,Kitchen,3,3499,10,9447.3,5384.96,4062.34,Debit Card,Mobile App,Returned,8,186,39,SELLER017,3,1
O000503,C0052,2025-10-06,S006,Pune Market,West,P014,Office Chair,Office,Furniture,4,8999,15,30596.6,17746.03,12850.57,Wallet,Store,Cancelled,,25,46,SELLER018,4,0
O000504,C0069,2025-01-19,S001,Bengaluru Central,South,P009,Backpack,Fashion,Bags,1,1799,20,1439.2,748.38,690.82,Net Banking,Web,Delivered,2,44,53,SELLER001,5,0
O000505,C0086,2025-04-05,S002,Chennai Marina,South,P004,Running Shoes,Fashion,Footwear,2,2999,0,5998,3178.94,2819.06,UPI,Mobile App,Delivered,3,63,25,SELLER002,1,0
O000506,C0103,2025-07-18,S003,Mumbai West,West,P015,Skincare Set,Beauty,Personal Care,3,2499,5,7122.15,3845.96,3276.19,Credit Card,Store,Delivered,4,82,32,SELLER003,2,0
O000507,C0120,2025-10-04,S004,Delhi Select,North,P010,Water Bottle,Sports,Fitness,4,699,10,2516.4,1384.02,1132.38,Debit Card,Web,Shipped,5,101,39,SELLER004,3,0
O000508,C0137,2025-01-17,S005,Hyderabad Hub,South,P005,Bluetooth Speaker,Electronics,Audio,1,1899,15,1614.15,903.92,710.23,Wallet,Mobile App,Processing,,120,46,SELLER005,4,0
O000509,C0154,2025-04-03,S006,Pune Market,West,P016,Bluetooth Keyboard,Electronics,Accessories,2,2799,20,4478.4,2552.69,1925.71,Net Banking,Store,Returned,7,139,53,SELLER006,5,1
O000510,C0171,2025-07-16,S001,Bengaluru Central,South,P011,Cotton Bedsheet,Home,Bedding,3,1599,0,4797,2782.26,2014.74,UPI,Web,Cancelled,,158,25,SELLER007,1,0
O000511,C0188,2025-10-02,S002,Chennai Marina,South,P006,Laptop Stand,Office,Accessories,4,1499,5,5696.2,2962.02,2734.18,Credit Card,Mobile App,Delivered,9,177,32,SELLER008,2,0
O000512,C0205,2025-01-15,S003,Mumbai West,West,P001,Wireless Headphones,Electronics,Audio,1,2499,10,2249.1,1192.02,1057.08,Debit Card,Store,Delivered,2,16,39,SELLER009,3,0
O000513,C0222,2025-04-01,S004,Delhi Select,North,P012,Non-stick Pan,Home Appliances,Kitchen,2,2199,15,3738.3,2018.68,1719.62,Wallet,Web,Delivered,3,35,46,SELLER010,4,0
O000514,C0239,2025-07-14,S005,Hyderabad Hub,South,P007,Desk Lamp,Home,Lighting,3,999,20,2397.6,1318.68,1078.92,Net Banking,Mobile App,Shipped,4,54,53,SELLER011,5,0
O000515,C0006,2025-10-27,S006,Pune Market,West,P002,Smart Watch,Electronics,Wearables,4,5999,0,23996,13437.76,10558.24,UPI,Store,Processing,,73,25,SELLER012,1,0
O000516,C0023,2025-01-13,S001,Bengaluru Central,South,P013,USB-C Hub,Electronics,Accessories,1,2299,5,2184.05,1244.91,939.14,Credit Card,Web,Returned,6,92,32,SELLER013,2,1
O000517,C0040,2025-04-26,S002,Chennai Marina,South,P008,Yoga Mat,Sports,Fitness,2,1299,10,2338.2,1356.16,982.04,Debit Card,Mobile App,Cancelled,,111,39,SELLER014,3,0
O000518,C0057,2025-07-12,S003,Mumbai West,West,P003,Coffee Maker,Home Appliances,Kitchen,3,3499,15,8922.45,4639.67,4282.78,Wallet,Store,Delivered,8,130,46,SELLER015,4,0
O000519,C0074,2025-10-25,S004,Delhi Select,North,P014,Office Chair,Office,Furniture,4,8999,20,28796.8,15262.3,13534.5,Net Banking,Web,Delivered,9,149,53,SELLER016,5,0
O000520,C0091,2025-01-11,S005,Hyderabad Hub,South,P009,Backpack,Fashion,Bags,1,1799,0,1799,971.46,827.54,UPI,Mobile App,Delivered,2,168,25,SELLER017,1,0
O000521,C0108,2025-04-24,S006,Pune Market,West,P004,Running Shoes,Fashion,Footwear,2,2999,5,5698.1,3133.96,2564.14,Credit Card,Store,Shipped,3,187,32,SELLER018,2,0
O000522,C0125,2025-07-10,S001,Bengaluru Central,South,P015,Skincare Set,Beauty,Personal Care,3,2499,10,6747.3,3778.49,2968.81,Debit Card,Web,Processing,,26,39,SELLER001,3,0
O000523,C0142,2025-10-23,S002,Chennai Marina,South,P010,Water Bottle,Sports,Fitness,4,699,15,2376.6,1354.66,1021.94,Wallet,Mobile App,Returned,5,45,46,SELLER002,4,1
O000524,C0159,2025-01-09,S003,Mumbai West,West,P005,Bluetooth Speaker,Electronics,Audio,1,1899,20,1519.2,881.14,638.06,Net Banking,Store,Cancelled,,64,53,SELLER003,5,0
O000525,C0176,2025-04-22,S004,Delhi Select,North,P016,Bluetooth Keyboard,Electronics,Accessories,2,2799,0,5598,2910.96,2687.04,UPI,Web,Delivered,7,83,25,SELLER004,1,0
O000526,C0193,2025-07-08,S005,Hyderabad Hub,South,P011,Cotton Bedsheet,Home,Bedding,3,1599,5,4557.15,2415.29,2141.86,Credit Card,Mobile App,Delivered,8,102,32,SELLER005,2,0
O000527,C0210,2025-10-21,S006,Pune Market,West,P006,Laptop Stand,Office,Accessories,4,1499,10,5396.4,2914.06,2482.34,Debit Card,Store,Delivered,9,121,39,SELLER006,3,0
O000528,C0227,2025-01-07,S001,Bengaluru Central,South,P001,Wireless Headphones,Electronics,Audio,1,2499,15,2124.15,1168.28,955.87,Wallet,Web,Shipped,2,140,46,SELLER007,4,0
O000529,C0244,2025-04-20,S002,Chennai Marina,South,P012,Non-stick Pan,Home Appliances,Kitchen,2,2199,20,3518.4,1970.3,1548.1,Net Banking,Mobile App,Processing,,159,53,SELLER008,5,0
O000530,C0011,2025-07-06,S003,Mumbai West,West,P007,Desk Lamp,Home,Lighting,3,999,0,2997,1708.29,1288.71,UPI,Store,Returned,4,178,25,SELLER009,1,1
O000531,C0028,2025-10-19,S004,Delhi Select,North,P002,Smart Watch,Electronics,Wearables,4,5999,5,22796.2,13221.8,9574.4,Credit Card,Web,Cancelled,,17,32,SELLER010,2,0
O000532,C0045,2025-01-05,S005,Hyderabad Hub,South,P013,USB-C Hub,Electronics,Accessories,1,2299,10,2069.1,1075.93,993.17,Debit Card,Mobile App,Delivered,6,36,39,SELLER011,3,0
O000533,C0062,2025-04-18,S006,Pune Market,West,P008,Yoga Mat,Sports,Fitness,2,1299,15,2208.3,1170.4,1037.9,Wallet,Store,Delivered,7,55,46,SELLER012,4,0
O000534,C0079,2025-07-04,S001,Bengaluru Central,South,P003,Coffee Maker,Home Appliances,Kitchen,3,3499,20,8397.6,4534.7,3862.9,Net Banking,Web,Delivered,8,74,53,SELLER013,5,0
O000535,C0096,2025-10-17,S002,Chennai Marina,South,P014,Office Chair,Office,Furniture,4,8999,0,35996,19797.8,16198.2,UPI,Mobile App,Shipped,9,93,25,SELLER014,1,0
O000536,C0113,2025-01-03,S003,Mumbai West,West,P009,Backpack,Fashion,Bags,1,1799,5,1709.05,957.07,751.98,Credit Card,Store,Processing,,112,32,SELLER015,2,0
O000537,C0130,2025-04-16,S004,Delhi Select,North,P004,Running Shoes,Fashion,Footwear,2,2999,10,5398.2,3076.97,2321.23,Debit Card,Web,Returned,3,131,39,SELLER016,3,1
O000538,C0147,2025-07-02,S005,Hyderabad Hub,South,P015,Skincare Set,Beauty,Personal Care,3,2499,15,6372.45,3696.02,2676.43,Wallet,Mobile App,Cancelled,,150,46,SELLER017,4,0
O000539,C0164,2025-10-15,S006,Pune Market,West,P010,Water Bottle,Sports,Fitness,4,699,20,2236.8,1163.14,1073.66,Net Banking,Store,Delivered,5,169,53,SELLER018,5,0
O000540,C0181,2025-01-01,S001,Bengaluru Central,South,P005,Bluetooth Speaker,Electronics,Audio,1,1899,0,1899,1006.47,892.53,UPI,Web,Delivered,6,8,25,SELLER001,1,0
O000541,C0198,2025-04-14,S002,Chennai Marina,South,P016,Bluetooth Keyboard,Electronics,Accessories,2,2799,5,5318.1,2871.77,2446.33,Credit Card,Mobile App,Delivered,7,27,32,SELLER002,2,0
O000542,C0215,2025-07-27,S003,Mumbai West,West,P011,Cotton Bedsheet,Home,Bedding,3,1599,10,4317.3,2374.52,1942.78,Debit Card,Store,Shipped,8,46,39,SELLER003,3,0
O000543,C0232,2025-10-13,S004,Delhi Select,North,P006,Laptop Stand,Office,Accessories,4,1499,15,5096.6,2854.1,2242.5,Wallet,Web,Processing,,65,46,SELLER004,4,0
O000544,C0249,2025-01-26,S005,Hyderabad Hub,South,P001,Wireless Headphones,Electronics,Audio,1,2499,20,1999.2,1139.54,859.66,Net Banking,Mobile App,Returned,2,84,53,SELLER005,5,1
O000545,C0016,2025-04-12,S006,Pune Market,West,P012,Non-stick Pan,Home Appliances,Kitchen,2,2199,0,4398,2550.84,1847.16,UPI,Store,Cancelled,,103,25,SELLER006,1,0
O000546,C0033,2025-07-25,S001,Bengaluru Central,South,P007,Desk Lamp,Home,Lighting,3,999,5,2847.15,1480.52,1366.63,Credit Card,Web,Delivered,4,122,32,SELLER007,2,0
O000547,C0050,2025-10-11,S002,Chennai Marina,South,P002,Smart Watch,Electronics,Wearables,4,5999,10,21596.4,11446.09,10150.31,Debit Card,Mobile App,Delivered,5,141,39,SELLER008,3,0
O000548,C0067,2025-01-24,S003,Mumbai West,West,P013,USB-C Hub,Electronics,Accessories,1,2299,15,1954.15,1055.24,898.91,Wallet,Store,Delivered,6,160,46,SELLER009,4,0
O000549,C0084,2025-04-10,S004,Delhi Select,North,P008,Yoga Mat,Sports,Fitness,2,1299,20,2078.4,1143.12,935.28,Net Banking,Web,Shipped,7,179,53,SELLER010,5,0
O000550,C0101,2025-07-23,S005,Hyderabad Hub,South,P003,Coffee Maker,Home Appliances,Kitchen,3,3499,0,10497,5878.32,4618.68,UPI,Mobile App,Processing,,18,25,SELLER011,1,0
O000551,C0118,2025-10-09,S006,Pune Market,West,P014,Office Chair,Office,Furniture,4,8999,5,34196.2,19491.83,14704.37,Credit Card,Store,Returned,9,37,32,SELLER012,2,1
O000552,C0135,2025-01-22,S001,Bengaluru Central,South,P009,Backpack,Fashion,Bags,1,1799,10,1619.1,939.08,680.02,Debit Card,Web,Cancelled,,56,39,SELLER013,3,0
O000553,C0152,2025-04-08,S002,Chennai Marina,South,P004,Running Shoes,Fashion,Footwear,2,2999,15,5098.3,2651.12,2447.18,Wallet,Mobile App,Delivered,3,75,46,SELLER014,4,0
O000554,C0169,2025-07-21,S003,Mumbai West,West,P015,Skincare Set,Beauty,Personal Care,3,2499,20,5997.6,3178.73,2818.87,Net Banking,Store,Delivered,4,94,53,SELLER015,5,0
O000555,C0186,2025-10-07,S004,Delhi Select,North,P010,Water Bottle,Sports,Fitness,4,699,0,2796,1509.84,1286.16,UPI,Web,Delivered,5,113,25,SELLER016,1,0
O000556,C0203,2025-01-20,S005,Hyderabad Hub,South,P005,Bluetooth Speaker,Electronics,Audio,1,1899,5,1804.05,992.23,811.82,Credit Card,Mobile App,Shipped,6,132,32,SELLER017,2,0
O000557,C0220,2025-04-06,S006,Pune Market,West,P016,Bluetooth Keyboard,Electronics,Accessories,2,2799,10,5038.2,2821.39,2216.81,Debit Card,Store,Processing,,151,39,SELLER018,3,0
O000558,C0237,2025-07-19,S001,Bengaluru Central,South,P011,Cotton Bedsheet,Home,Bedding,3,1599,15,4077.45,2324.15,1753.3,Wallet,Web,Returned,8,170,46,SELLER001,4,1
O000559,C0004,2025-10-05,S002,Chennai Marina,South,P006,Laptop Stand,Office,Accessories,4,1499,20,4796.8,2782.14,2014.66,Net Banking,Mobile App,Cancelled,,9,53,SELLER002,5,0
O000560,C0021,2025-01-18,S003,Mumbai West,West,P001,Wireless Headphones,Electronics,Audio,1,2499,0,2499,1299.48,1199.52,UPI,Store,Delivered,2,28,25,SELLER003,1,0
O000561,C0038,2025-04-04,S004,Delhi Select,North,P012,Non-stick Pan,Home Appliances,Kitchen,2,2199,5,4178.1,2214.39,1963.71,Credit Card,Web,Delivered,3,47,32,SELLER004,2,0
O000562,C0055,2025-07-17,S005,Hyderabad Hub,South,P007,Desk Lamp,Home,Lighting,3,999,10,2697.3,1456.54,1240.76,Debit Card,Mobile App,Delivered,4,66,39,SELLER005,3,0
O000563,C0072,2025-10-03,S006,Pune Market,West,P002,Smart Watch,Electronics,Wearables,4,5999,15,20396.6,11218.13,9178.47,Wallet,Store,Shipped,5,85,46,SELLER006,4,0
O000564,C0089,2025-01-16,S001,Bengaluru Central,South,P013,USB-C Hub,Electronics,Accessories,1,2299,20,1839.2,1029.95,809.25,Net Banking,Web,Processing,,104,53,SELLER007,5,0
O000565,C0106,2025-04-02,S002,Chennai Marina,South,P008,Yoga Mat,Sports,Fitness,2,1299,0,2598,1480.86,1117.14,UPI,Mobile App,Returned,7,123,25,SELLER008,1,1
O000566,C0123,2025-07-15,S003,Mumbai West,West,P003,Coffee Maker,Home Appliances,Kitchen,3,3499,5,9972.15,5783.85,4188.3,Credit Card,Store,Cancelled,,142,32,SELLER009,2,0
O000567,C0140,2025-10-01,S004,Delhi Select,North,P014,Office Chair,Office,Furniture,4,8999,10,32396.4,16846.13,15550.27,Debit Card,Web,Delivered,9,161,39,SELLER010,3,0
O000568,C0157,2025-01-14,S005,Hyderabad Hub,South,P009,Backpack,Fashion,Bags,1,1799,15,1529.15,810.45,718.7,Wallet,Mobile App,Delivered,2,180,46,SELLER011,4,0
O000569,C0174,2025-04-27,S006,Pune Market,West,P004,Running Shoes,Fashion,Footwear,2,2999,20,4798.4,2591.14,2207.26,Net Banking,Store,Delivered,3,19,53,SELLER012,5,0
O000570,C0191,2025-07-13,S001,Bengaluru Central,South,P015,Skincare Set,Beauty,Personal Care,3,2499,0,7497,4123.35,3373.65,UPI,Web,Shipped,4,38,25,SELLER013,1,0
O000571,C0208,2025-10-26,S002,Chennai Marina,South,P010,Water Bottle,Sports,Fitness,4,699,5,2656.2,1487.47,1168.73,Credit Card,Mobile App,Processing,,57,32,SELLER014,2,0
O000572,C0225,2025-01-12,S003,Mumbai West,West,P005,Bluetooth Speaker,Electronics,Audio,1,1899,10,1709.1,974.19,734.91,Debit Card,Store,Returned,6,76,39,SELLER015,3,1
O000573,C0242,2025-04-25,S004,Delhi Select,North,P016,Bluetooth Keyboard,Electronics,Accessories,2,2799,15,4758.3,2759.81,1998.49,Wallet,Web,Cancelled,,95,46,SELLER016,4,0
O000574,C0009,2025-07-11,S005,Hyderabad Hub,South,P011,Cotton Bedsheet,Home,Bedding,3,1599,20,3837.6,1995.55,1842.05,Net Banking,Mobile App,Delivered,8,114,53,SELLER017,5,0
O000575,C0026,2025-10-24,S006,Pune Market,West,P006,Laptop Stand,Office,Accessories,4,1499,0,5996,3177.88,2818.12,UPI,Store,Delivered,9,133,25,SELLER018,1,0
O000576,C0043,2025-01-10,S001,Bengaluru Central,South,P001,Wireless Headphones,Electronics,Audio,1,2499,5,2374.05,1281.99,1092.06,Credit Card,Web,Delivered,2,152,32,SELLER001,2,0
O000577,C0060,2025-04-23,S002,Chennai Marina,South,P012,Non-stick Pan,Home Appliances,Kitchen,2,2199,10,3958.2,2177.01,1781.19,Debit Card,Mobile App,Shipped,3,171,39,SELLER002,3,0
O000578,C0077,2025-07-09,S003,Mumbai West,West,P007,Desk Lamp,Home,Lighting,3,999,15,2547.45,1426.57,1120.88,Wallet,Store,Processing,,10,46,SELLER003,4,0
O000579,C0094,2025-10-22,S004,Delhi Select,North,P002,Smart Watch,Electronics,Wearables,4,5999,20,19196.8,10942.18,8254.62,Net Banking,Web,Returned,5,29,53,SELLER004,5,1
O000580,C0111,2025-01-08,S005,Hyderabad Hub,South,P013,USB-C Hub,Electronics,Accessories,1,2299,0,2299,1333.42,965.58,UPI,Mobile App,Cancelled,,48,25,SELLER005,1,0
O000581,C0128,2025-04-21,S006,Pune Market,West,P008,Yoga Mat,Sports,Fitness,2,1299,5,2468.1,1283.41,1184.69,Credit Card,Store,Delivered,7,67,32,SELLER006,2,0
O000582,C0145,2025-07-07,S001,Bengaluru Central,South,P003,Coffee Maker,Home Appliances,Kitchen,3,3499,10,9447.3,5007.07,4440.23,Debit Card,Web,Delivered,8,86,39,SELLER007,3,0
O000583,C0162,2025-10-20,S002,Chennai Marina,South,P014,Office Chair,Office,Furniture,4,8999,15,30596.6,16522.16,14074.44,Wallet,Mobile App,Delivered,9,105,46,SELLER008,4,0
O000584,C0179,2025-01-06,S003,Mumbai West,West,P009,Backpack,Fashion,Bags,1,1799,20,1439.2,791.56,647.64,Net Banking,Store,Shipped,2,124,53,SELLER009,5,0
O000585,C0196,2025-04-19,S004,Delhi Select,North,P004,Running Shoes,Fashion,Footwear,2,2999,0,5998,3358.88,2639.12,UPI,Web,Processing,,143,25,SELLER010,1,0
O000586,C0213,2025-07-05,S005,Hyderabad Hub,South,P015,Skincare Set,Beauty,Personal Care,3,2499,5,7122.15,4059.63,3062.52,Credit Card,Mobile App,Returned,4,162,32,SELLER011,2,1
O000587,C0230,2025-10-18,S006,Pune Market,West,P010,Water Bottle,Sports,Fitness,4,699,10,2516.4,1459.51,1056.89,Debit Card,Store,Cancelled,,181,39,SELLER012,3,0
O000588,C0247,2025-01-04,S001,Bengaluru Central,South,P005,Bluetooth Speaker,Electronics,Audio,1,1899,15,1614.15,839.36,774.79,Wallet,Web,Delivered,6,20,46,SELLER013,4,0
O000589,C0014,2025-04-17,S002,Chennai Marina,South,P016,Bluetooth Keyboard,Electronics,Accessories,2,2799,20,4478.4,2373.55,2104.85,Net Banking,Mobile App,Delivered,7,39,53,SELLER014,5,0
O000590,C0031,2025-07-03,S003,Mumbai West,West,P011,Cotton Bedsheet,Home,Bedding,3,1599,0,4797,2590.38,2206.62,UPI,Store,Delivered,8,58,25,SELLER015,1,0
O000591,C0048,2025-10-16,S004,Delhi Select,North,P006,Laptop Stand,Office,Accessories,4,1499,5,5696.2,3132.91,2563.29,Credit Card,Web,Shipped,9,77,32,SELLER016,2,0
O000592,C0065,2025-01-02,S005,Hyderabad Hub,South,P001,Wireless Headphones,Electronics,Audio,1,2499,10,2249.1,1259.5,989.6,Debit Card,Mobile App,Processing,,96,39,SELLER017,3,0
O000593,C0082,2025-04-15,S006,Pune Market,West,P012,Non-stick Pan,Home Appliances,Kitchen,2,2199,15,3738.3,2130.83,1607.47,Wallet,Store,Returned,3,115,46,SELLER018,4,1
O000594,C0099,2025-07-01,S001,Bengaluru Central,South,P007,Desk Lamp,Home,Lighting,3,999,20,2397.6,1390.61,1006.99,Net Banking,Web,Cancelled,,134,53,SELLER001,5,0
O000595,C0116,2025-10-14,S002,Chennai Marina,South,P002,Smart Watch,Electronics,Wearables,4,5999,0,23996,12477.92,11518.08,UPI,Mobile App,Delivered,5,153,25,SELLER002,1,0
O000596,C0133,2025-01-27,S003,Mumbai West,West,P013,USB-C Hub,Electronics,Accessories,1,2299,5,2184.05,1157.55,1026.5,Credit Card,Store,Delivered,6,172,32,SELLER003,2,0
O000597,C0150,2025-04-13,S004,Delhi Select,North,P008,Yoga Mat,Sports,Fitness,2,1299,10,2338.2,1262.63,1075.57,Debit Card,Web,Delivered,7,11,39,SELLER004,3,0
O000598,C0167,2025-07-26,S005,Hyderabad Hub,South,P003,Coffee Maker,Home Appliances,Kitchen,3,3499,15,8922.45,4907.35,4015.1,Wallet,Mobile App,Shipped,8,30,46,SELLER005,4,0
O000599,C0184,2025-10-12,S006,Pune Market,West,P014,Office Chair,Office,Furniture,4,8999,20,28796.8,16126.21,12670.59,Net Banking,Store,Processing,,49,53,SELLER006,5,0
O000600,C0201,2025-01-25,S001,Bengaluru Central,South,P009,Backpack,Fashion,Bags,1,1799,0,1799,1025.43,773.57,UPI,Web,Returned,2,68,25,SELLER007,1,1
O000601,C0218,2025-04-11,S002,Chennai Marina,South,P004,Running Shoes,Fashion,Footwear,2,2999,5,5698.1,3304.9,2393.2,Credit Card,Mobile App,Cancelled,,87,32,SELLER008,2,0
O000602,C0235,2025-07-24,S003,Mumbai West,West,P015,Skincare Set,Beauty,Personal Care,3,2499,10,6747.3,3508.6,3238.7,Debit Card,Store,Delivered,4,106,39,SELLER009,3,0
O000603,C0002,2025-10-10,S004,Delhi Select,North,P010,Water Bottle,Sports,Fitness,4,699,15,2376.6,1259.6,1117,Wallet,Web,Delivered,5,125,46,SELLER010,4,0
O000604,C0019,2025-01-23,S005,Hyderabad Hub,South,P005,Bluetooth Speaker,Electronics,Audio,1,1899,20,1519.2,820.37,698.83,Net Banking,Mobile App,Delivered,6,144,53,SELLER011,5,0
O000605,C0036,2025-04-09,S006,Pune Market,West,P016,Bluetooth Keyboard,Electronics,Accessories,2,2799,0,5598,3078.9,2519.1,UPI,Store,Shipped,7,163,25,SELLER012,1,0
O000606,C0053,2025-07-22,S001,Bengaluru Central,South,P011,Cotton Bedsheet,Home,Bedding,3,1599,5,4557.15,2552,2005.15,Credit Card,Web,Processing,,182,32,SELLER013,2,0
O000607,C0070,2025-10-08,S002,Chennai Marina,South,P006,Laptop Stand,Office,Accessories,4,1499,10,5396.4,3075.95,2320.45,Debit Card,Mobile App,Returned,9,21,39,SELLER014,3,1
O000608,C0087,2025-01-21,S003,Mumbai West,West,P001,Wireless Headphones,Electronics,Audio,1,2499,15,2124.15,1232.01,892.14,Wallet,Store,Cancelled,,40,46,SELLER015,4,0
O000609,C0104,2025-04-07,S004,Delhi Select,North,P012,Non-stick Pan,Home Appliances,Kitchen,2,2199,20,3518.4,1829.57,1688.83,Net Banking,Web,Delivered,3,59,53,SELLER016,5,0
O000610,C0121,2025-07-20,S005,Hyderabad Hub,South,P007,Desk Lamp,Home,Lighting,3,999,0,2997,1588.41,1408.59,UPI,Mobile App,Delivered,4,78,25,SELLER017,1,0
O000611,C0138,2025-10-06,S006,Pune Market,West,P002,Smart Watch,Electronics,Wearables,4,5999,5,22796.2,12309.95,10486.25,Credit Card,Store,Delivered,5,97,32,SELLER018,2,0
O000612,C0155,2025-01-19,S001,Bengaluru Central,South,P013,USB-C Hub,Electronics,Accessories,1,2299,10,2069.1,1138.01,931.09,Debit Card,Web,Shipped,6,116,39,SELLER001,3,0
O000613,C0172,2025-04-05,S002,Chennai Marina,South,P008,Yoga Mat,Sports,Fitness,2,1299,15,2208.3,1236.65,971.65,Wallet,Mobile App,Processing,,135,46,SELLER002,4,0
O000614,C0189,2025-07-18,S003,Mumbai West,West,P003,Coffee Maker,Home Appliances,Kitchen,3,3499,20,8397.6,4786.63,3610.97,Net Banking,Store,Returned,8,154,53,SELLER003,5,1
O000615,C0206,2025-10-04,S004,Delhi Select,North,P014,Office Chair,Office,Furniture,4,8999,0,35996,20877.68,15118.32,UPI,Web,Cancelled,,173,25,SELLER004,1,0
O000616,C0223,2025-01-17,S005,Hyderabad Hub,South,P009,Backpack,Fashion,Bags,1,1799,5,1709.05,888.71,820.34,Credit Card,Mobile App,Delivered,2,12,32,SELLER005,2,0
O000617,C0240,2025-04-03,S006,Pune Market,West,P004,Running Shoes,Fashion,Footwear,2,2999,10,5398.2,2861.05,2537.15,Debit Card,Store,Delivered,3,31,39,SELLER006,3,0
O000618,C0007,2025-07-16,S001,Bengaluru Central,South,P015,Skincare Set,Beauty,Personal Care,3,2499,15,6372.45,3441.12,2931.33,Wallet,Web,Delivered,4,50,46,SELLER007,4,0
O000619,C0024,2025-10-02,S002,Chennai Marina,South,P010,Water Bottle,Sports,Fitness,4,699,20,2236.8,1230.24,1006.56,Net Banking,Mobile App,Shipped,5,69,53,SELLER008,5,0
O000620,C0041,2025-01-15,S003,Mumbai West,West,P005,Bluetooth Speaker,Electronics,Audio,1,1899,0,1899,1063.44,835.56,UPI,Store,Processing,,88,25,SELLER009,1,0
O000621,C0058,2025-04-01,S004,Delhi Select,North,P016,Bluetooth Keyboard,Electronics,Accessories,2,2799,5,5318.1,3031.32,2286.78,Credit Card,Web,Returned,7,107,32,SELLER010,2,1
O000622,C0075,2025-07-14,S005,Hyderabad Hub,South,P011,Cotton Bedsheet,Home,Bedding,3,1599,10,4317.3,2504.03,1813.27,Debit Card,Mobile App,Cancelled,,126,39,SELLER011,3,0
O000623,C0092,2025-10-27,S006,Pune Market,West,P006,Laptop Stand,Office,Accessories,4,1499,15,5096.6,2650.23,2446.37,Wallet,Store,Delivered,9,145,46,SELLER012,4,0
O000624,C0109,2025-01-13,S001,Bengaluru Central,South,P001,Wireless Headphones,Electronics,Audio,1,2499,20,1999.2,1059.58,939.62,Net Banking,Web,Delivered,2,164,53,SELLER013,5,0
O000625,C0126,2025-04-26,S002,Chennai Marina,South,P012,Non-stick Pan,Home Appliances,Kitchen,2,2199,0,4398,2374.92,2023.08,UPI,Mobile App,Delivered,3,183,25,SELLER014,1,0
O000626,C0143,2025-07-12,S003,Mumbai West,West,P007,Desk Lamp,Home,Lighting,3,999,5,2847.15,1565.93,1281.22,Credit Card,Store,Shipped,4,22,32,SELLER015,2,0
O000627,C0160,2025-10-25,S004,Delhi Select,North,P002,Smart Watch,Electronics,Wearables,4,5999,10,21596.4,12093.98,9502.42,Debit Card,Web,Processing,,41,39,SELLER016,3,0
O000628,C0177,2025-01-11,S005,Hyderabad Hub,South,P013,USB-C Hub,Electronics,Accessories,1,2299,15,1954.15,1113.87,840.28,Wallet,Mobile App,Returned,6,60,46,SELLER017,4,1
O000629,C0194,2025-04-24,S006,Pune Market,West,P008,Yoga Mat,Sports,Fitness,2,1299,20,2078.4,1205.47,872.93,Net Banking,Store,Cancelled,,79,53,SELLER018,5,0
O000630,C0211,2025-07-10,S001,Bengaluru Central,South,P003,Coffee Maker,Home Appliances,Kitchen,3,3499,0,10497,5458.44,5038.56,UPI,Web,Delivered,8,98,25,SELLER001,1,0
O000631,C0228,2025-10-23,S002,Chennai Marina,South,P014,Office Chair,Office,Furniture,4,8999,5,34196.2,18123.99,16072.21,Credit Card,Mobile App,Delivered,9,117,32,SELLER002,2,0
O000632,C0245,2025-01-09,S003,Mumbai West,West,P009,Backpack,Fashion,Bags,1,1799,10,1619.1,874.31,744.79,Debit Card,Store,Delivered,2,136,39,SELLER003,3,0
O000633,C0012,2025-04-22,S004,Delhi Select,North,P004,Running Shoes,Fashion,Footwear,2,2999,15,5098.3,2804.07,2294.23,Wallet,Web,Shipped,3,155,46,SELLER004,4,0
O000634,C0029,2025-07-08,S005,Hyderabad Hub,South,P015,Skincare Set,Beauty,Personal Care,3,2499,20,5997.6,3358.66,2638.94,Net Banking,Mobile App,Processing,,174,53,SELLER005,5,0
O000635,C0046,2025-10-21,S006,Pune Market,West,P010,Water Bottle,Sports,Fitness,4,699,0,2796,1593.72,1202.28,UPI,Store,Returned,5,13,25,SELLER006,1,1
O000636,C0063,2025-01-07,S001,Bengaluru Central,South,P005,Bluetooth Speaker,Electronics,Audio,1,1899,5,1804.05,1046.35,757.7,Credit Card,Web,Cancelled,,32,32,SELLER007,2,0
O000637,C0080,2025-04-20,S002,Chennai Marina,South,P016,Bluetooth Keyboard,Electronics,Accessories,2,2799,10,5038.2,2619.86,2418.34,Debit Card,Mobile App,Delivered,7,51,39,SELLER008,3,0
O000638,C0097,2025-07-06,S003,Mumbai West,West,P011,Cotton Bedsheet,Home,Bedding,3,1599,15,4077.45,2161.05,1916.4,Wallet,Store,Delivered,8,70,46,SELLER009,4,0
O000639,C0114,2025-10-19,S004,Delhi Select,North,P006,Laptop Stand,Office,Accessories,4,1499,20,4796.8,2590.27,2206.53,Net Banking,Web,Delivered,9,89,53,SELLER010,5,0
O000640,C0131,2025-01-05,S005,Hyderabad Hub,South,P001,Wireless Headphones,Electronics,Audio,1,2499,0,2499,1374.45,1124.55,UPI,Mobile App,Shipped,2,108,25,SELLER011,1,0
O000641,C0148,2025-04-18,S006,Pune Market,West,P012,Non-stick Pan,Home Appliances,Kitchen,2,2199,5,4178.1,2339.74,1838.36,Credit Card,Store,Processing,,127,32,SELLER012,2,0
O000642,C0165,2025-07-04,S001,Bengaluru Central,South,P007,Desk Lamp,Home,Lighting,3,999,10,2697.3,1537.46,1159.84,Debit Card,Web,Returned,4,146,39,SELLER013,3,1
O000643,C0182,2025-10-17,S002,Chennai Marina,South,P002,Smart Watch,Electronics,Wearables,4,5999,15,20396.6,11830.03,8566.57,Wallet,Mobile App,Cancelled,,165,46,SELLER014,4,0
O000644,C0199,2025-01-03,S003,Mumbai West,West,P013,USB-C Hub,Electronics,Accessories,1,2299,20,1839.2,956.38,882.82,Net Banking,Store,Delivered,6,184,53,SELLER015,5,0
O000645,C0216,2025-04-16,S004,Delhi Select,North,P008,Yoga Mat,Sports,Fitness,2,1299,0,2598,1376.94,1221.06,UPI,Web,Delivered,7,23,25,SELLER016,1,0
O000646,C0233,2025-07-02,S005,Hyderabad Hub,South,P003,Coffee Maker,Home Appliances,Kitchen,3,3499,5,9972.15,5384.96,4587.19,Credit Card,Mobile App,Delivered,8,42,32,SELLER017,2,0
O000647,C0250,2025-10-15,S006,Pune Market,West,P014,Office Chair,Office,Furniture,4,8999,10,32396.4,17818.02,14578.38,Debit Card,Store,Shipped,9,61,39,SELLER018,3,0
O000648,C0017,2025-01-01,S001,Bengaluru Central,South,P009,Backpack,Fashion,Bags,1,1799,15,1529.15,856.32,672.83,Wallet,Web,Processing,,80,46,SELLER001,4,0
O000649,C0034,2025-04-14,S002,Chennai Marina,South,P004,Running Shoes,Fashion,Footwear,2,2999,20,4798.4,2735.09,2063.31,Net Banking,Mobile App,Returned,3,99,53,SELLER002,5,1
O000650,C0051,2025-07-27,S003,Mumbai West,West,P015,Skincare Set,Beauty,Personal Care,3,2499,0,7497,4348.26,3148.74,UPI,Store,Cancelled,,118,25,SELLER003,1,0
O000651,C0068,2025-10-13,S004,Delhi Select,North,P010,Water Bottle,Sports,Fitness,4,699,5,2656.2,1381.22,1274.98,Credit Card,Web,Delivered,5,137,32,SELLER004,2,0
O000652,C0085,2025-01-26,S005,Hyderabad Hub,South,P005,Bluetooth Speaker,Electronics,Audio,1,1899,10,1709.1,905.82,803.28,Debit Card,Mobile App,Delivered,6,156,39,SELLER005,3,0
O000653,C0102,2025-04-12,S006,Pune Market,West,P016,Bluetooth Keyboard,Electronics,Accessories,2,2799,15,4758.3,2569.48,2188.82,Wallet,Store,Delivered,7,175,46,SELLER006,4,0
O000654,C0119,2025-07-25,S001,Bengaluru Central,South,P011,Cotton Bedsheet,Home,Bedding,3,1599,20,3837.6,2110.68,1726.92,Net Banking,Web,Shipped,8,14,53,SELLER007,5,0
O000655,C0136,2025-10-11,S002,Chennai Marina,South,P006,Laptop Stand,Office,Accessories,4,1499,0,5996,3357.76,2638.24,UPI,Mobile App,Processing,,33,25,SELLER008,1,0
O000656,C0153,2025-01-24,S003,Mumbai West,West,P001,Wireless Headphones,Electronics,Audio,1,2499,5,2374.05,1353.21,1020.84,Credit Card,Store,Returned,2,52,32,SELLER009,2,1
O000657,C0170,2025-04-10,S004,Delhi Select,North,P012,Non-stick Pan,Home Appliances,Kitchen,2,2199,10,3958.2,2295.76,1662.44,Debit Card,Web,Cancelled,,71,39,SELLER010,3,0
O000658,C0187,2025-07-23,S005,Hyderabad Hub,South,P007,Desk Lamp,Home,Lighting,3,999,15,2547.45,1324.67,1222.78,Wallet,Mobile App,Delivered,4,90,46,SELLER011,4,0
O000659,C0204,2025-10-09,S006,Pune Market,West,P002,Smart Watch,Electronics,Wearables,4,5999,20,19196.8,10174.3,9022.5,Net Banking,Store,Delivered,5,109,53,SELLER012,5,0
O000660,C0221,2025-01-22,S001,Bengaluru Central,South,P013,USB-C Hub,Electronics,Accessories,1,2299,0,2299,1241.46,1057.54,UPI,Web,Delivered,6,128,25,SELLER013,1,0
O000661,C0238,2025-04-08,S002,Chennai Marina,South,P008,Yoga Mat,Sports,Fitness,2,1299,5,2468.1,1357.46,1110.64,Credit Card,Mobile App,Shipped,7,147,32,SELLER014,2,0
O000662,C0005,2025-07-21,S003,Mumbai West,West,P003,Coffee Maker,Home Appliances,Kitchen,3,3499,10,9447.3,5290.49,4156.81,Debit Card,Store,Processing,,166,39,SELLER015,3,0
O000663,C0022,2025-10-07,S004,Delhi Select,North,P014,Office Chair,Office,Furniture,4,8999,15,30596.6,17440.06,13156.54,Wallet,Web,Returned,9,185,46,SELLER016,4,1
O000664,C0039,2025-01-20,S005,Hyderabad Hub,South,P009,Backpack,Fashion,Bags,1,1799,20,1439.2,834.74,604.46,Net Banking,Mobile App,Cancelled,,24,53,SELLER017,5,0
O000665,C0056,2025-04-06,S006,Pune Market,West,P004,Running Shoes,Fashion,Footwear,2,2999,0,5998,3118.96,2879.04,UPI,Store,Delivered,3,43,25,SELLER018,1,0
O000666,C0073,2025-07-19,S001,Bengaluru Central,South,P015,Skincare Set,Beauty,Personal Care,3,2499,5,7122.15,3774.74,3347.41,Credit Card,Web,Delivered,4,62,32,SELLER001,2,0
O000667,C0090,2025-10-05,S002,Chennai Marina,South,P010,Water Bottle,Sports,Fitness,4,699,10,2516.4,1358.86,1157.54,Debit Card,Mobile App,Delivered,5,81,39,SELLER002,3,0
O000668,C0107,2025-01-18,S003,Mumbai West,West,P005,Bluetooth Speaker,Electronics,Audio,1,1899,15,1614.15,887.78,726.37,Wallet,Store,Shipped,6,100,46,SELLER003,4,0
O000669,C0124,2025-04-04,S004,Delhi Select,North,P016,Bluetooth Keyboard,Electronics,Accessories,2,2799,20,4478.4,2507.9,1970.5,Net Banking,Web,Processing,,119,53,SELLER004,5,0
O000670,C0141,2025-07-17,S005,Hyderabad Hub,South,P011,Cotton Bedsheet,Home,Bedding,3,1599,0,4797,2734.29,2062.71,UPI,Mobile App,Returned,8,138,25,SELLER005,1,1
O000671,C0158,2025-10-03,S006,Pune Market,West,P006,Laptop Stand,Office,Accessories,4,1499,5,5696.2,3303.8,2392.4,Credit Card,Store,Cancelled,,157,32,SELLER006,2,0
O000672,C0175,2025-01-16,S001,Bengaluru Central,South,P001,Wireless Headphones,Electronics,Audio,1,2499,10,2249.1,1169.53,1079.57,Debit Card,Web,Delivered,2,176,39,SELLER007,3,0
O000673,C0192,2025-04-02,S002,Chennai Marina,South,P012,Non-stick Pan,Home Appliances,Kitchen,2,2199,15,3738.3,1981.3,1757,Wallet,Mobile App,Delivered,3,15,46,SELLER008,4,0
O000674,C0209,2025-07-15,S003,Mumbai West,West,P007,Desk Lamp,Home,Lighting,3,999,20,2397.6,1294.7,1102.9,Net Banking,Store,Delivered,4,34,53,SELLER009,5,0
O000675,C0226,2025-10-01,S004,Delhi Select,North,P002,Smart Watch,Electronics,Wearables,4,5999,0,23996,13197.8,10798.2,UPI,Web,Shipped,5,53,25,SELLER010,1,0
O000676,C0243,2025-01-14,S005,Hyderabad Hub,South,P013,USB-C Hub,Electronics,Accessories,1,2299,5,2184.05,1223.07,960.98,Credit Card,Mobile App,Processing,,72,32,SELLER011,2,0
O000677,C0010,2025-04-27,S006,Pune Market,West,P008,Yoga Mat,Sports,Fitness,2,1299,10,2338.2,1332.77,1005.43,Debit Card,Store,Returned,7,91,39,SELLER012,3,1
O000678,C0027,2025-07-13,S001,Bengaluru Central,South,P003,Coffee Maker,Home Appliances,Kitchen,3,3499,15,8922.45,5175.02,3747.43,Wallet,Web,Cancelled,,110,46,SELLER013,4,0
O000679,C0044,2025-10-26,S002,Chennai Marina,South,P014,Office Chair,Office,Furniture,4,8999,20,28796.8,14974.34,13822.46,Net Banking,Mobile App,Delivered,9,129,53,SELLER014,5,0
O000680,C0061,2025-01-12,S003,Mumbai West,West,P009,Backpack,Fashion,Bags,1,1799,0,1799,953.47,845.53,UPI,Store,Delivered,2,148,25,SELLER015,1,0
O000681,C0078,2025-04-25,S004,Delhi Select,North,P004,Running Shoes,Fashion,Footwear,2,2999,5,5698.1,3076.97,2621.13,Credit Card,Web,Delivered,3,167,32,SELLER016,2,0
O000682,C0095,2025-07-11,S005,Hyderabad Hub,South,P015,Skincare Set,Beauty,Personal Care,3,2499,10,6747.3,3711.02,3036.28,Debit Card,Mobile App,Shipped,4,186,39,SELLER017,3,0
O000683,C0112,2025-10-24,S006,Pune Market,West,P010,Water Bottle,Sports,Fitness,4,699,15,2376.6,1330.9,1045.7,Wallet,Store,Processing,,25,46,SELLER018,4,0
O000684,C0129,2025-01-10,S001,Bengaluru Central,South,P005,Bluetooth Speaker,Electronics,Audio,1,1899,20,1519.2,865.94,653.26,Net Banking,Web,Returned,6,44,53,SELLER001,5,1
O000685,C0146,2025-04-23,S002,Chennai Marina,South,P016,Bluetooth Keyboard,Electronics,Accessories,2,2799,0,5598,3246.84,2351.16,UPI,Mobile App,Cancelled,,63,25,SELLER002,1,0
O000686,C0163,2025-07-09,S003,Mumbai West,West,P011,Cotton Bedsheet,Home,Bedding,3,1599,5,4557.15,2369.72,2187.43,Credit Card,Store,Delivered,8,82,32,SELLER003,2,0
O000687,C0180,2025-10-22,S004,Delhi Select,North,P006,Laptop Stand,Office,Accessories,4,1499,10,5396.4,2860.09,2536.31,Debit Card,Web,Delivered,9,101,39,SELLER004,3,0
O000688,C0197,2025-01-08,S005,Hyderabad Hub,South,P001,Wireless Headphones,Electronics,Audio,1,2499,15,2124.15,1147.04,977.11,Wallet,Mobile App,Delivered,2,120,46,SELLER005,4,0
O000689,C0214,2025-04-21,S006,Pune Market,West,P012,Non-stick Pan,Home Appliances,Kitchen,2,2199,20,3518.4,1935.12,1583.28,Net Banking,Store,Shipped,3,139,53,SELLER006,5,0
O000690,C0231,2025-07-07,S001,Bengaluru Central,South,P007,Desk Lamp,Home,Lighting,3,999,0,2997,1678.32,1318.68,UPI,Web,Processing,,158,25,SELLER007,1,0
O000691,C0248,2025-10-20,S002,Chennai Marina,South,P002,Smart Watch,Electronics,Wearables,4,5999,5,22796.2,12993.83,9802.37,Credit Card,Mobile App,Returned,5,177,32,SELLER008,2,1
O000692,C0015,2025-01-06,S003,Mumbai West,West,P013,USB-C Hub,Electronics,Accessories,1,2299,10,2069.1,1200.08,869.02,Debit Card,Store,Cancelled,,16,39,SELLER009,3,0
O000693,C0032,2025-04-19,S004,Delhi Select,North,P008,Yoga Mat,Sports,Fitness,2,1299,15,2208.3,1148.32,1059.98,Wallet,Web,Delivered,7,35,46,SELLER010,4,0
O000694,C0049,2025-07-05,S005,Hyderabad Hub,South,P003,Coffee Maker,Home Appliances,Kitchen,3,3499,20,8397.6,4450.73,3946.87,Net Banking,Mobile App,Delivered,8,54,53,SELLER011,5,0
O000695,C0066,2025-10-18,S006,Pune Market,West,P014,Office Chair,Office,Furniture,4,8999,0,35996,19437.84,16558.16,UPI,Store,Delivered,9,73,25,SELLER012,1,0
O000696,C0083,2025-01-04,S001,Bengaluru Central,South,P009,Backpack,Fashion,Bags,1,1799,5,1709.05,939.98,769.07,Credit Card,Web,Shipped,2,92,32,SELLER013,2,0
O000697,C0100,2025-04-17,S002,Chennai Marina,South,P004,Running Shoes,Fashion,Footwear,2,2999,10,5398.2,3022.99,2375.21,Debit Card,Mobile App,Processing,,111,39,SELLER014,3,0
O000698,C0117,2025-07-03,S003,Mumbai West,West,P015,Skincare Set,Beauty,Personal Care,3,2499,15,6372.45,3632.3,2740.15,Wallet,Store,Returned,4,130,46,SELLER015,4,1
O000699,C0134,2025-10-16,S004,Delhi Select,North,P010,Water Bottle,Sports,Fitness,4,699,20,2236.8,1297.34,939.46,Net Banking,Web,Cancelled,,149,53,SELLER016,5,0
O000700,C0151,2025-01-02,S005,Hyderabad Hub,South,P005,Bluetooth Speaker,Electronics,Audio,1,1899,0,1899,987.48,911.52,UPI,Mobile App,Delivered,6,168,25,SELLER017,1,0
O000701,C0168,2025-04-15,S006,Pune Market,West,P016,Bluetooth Keyboard,Electronics,Accessories,2,2799,5,5318.1,2818.59,2499.51,Credit Card,Store,Delivered,7,187,32,SELLER018,2,0
O000702,C0185,2025-07-01,S001,Bengaluru Central,South,P011,Cotton Bedsheet,Home,Bedding,3,1599,10,4317.3,2331.34,1985.96,Debit Card,Web,Delivered,8,26,39,SELLER001,3,0
O000703,C0202,2025-10-14,S002,Chennai Marina,South,P006,Laptop Stand,Office,Accessories,4,1499,15,5096.6,2803.13,2293.47,Wallet,Mobile App,Shipped,9,45,46,SELLER002,4,0
O000704,C0219,2025-01-27,S003,Mumbai West,West,P001,Wireless Headphones,Electronics,Audio,1,2499,20,1999.2,1119.55,879.65,Net Banking,Store,Processing,,64,53,SELLER003,5,0
O000705,C0236,2025-04-13,S004,Delhi Select,North,P012,Non-stick Pan,Home Appliances,Kitchen,2,2199,0,4398,2506.86,1891.14,UPI,Web,Returned,3,83,25,SELLER004,1,1
O000706,C0003,2025-07-26,S005,Hyderabad Hub,South,P007,Desk Lamp,Home,Lighting,3,999,5,2847.15,1651.35,1195.8,Credit Card,Mobile App,Cancelled,,102,32,SELLER005,2,0
O000707,C0020,2025-10-12,S006,Pune Market,West,P002,Smart Watch,Electronics,Wearables,4,5999,10,21596.4,11230.13,10366.27,Debit Card,Store,Delivered,5,121,39,SELLER006,3,0
O000708,C0037,2025-01-25,S001,Bengaluru Central,South,P013,USB-C Hub,Electronics,Accessories,1,2299,15,1954.15,1035.7,918.45,Wallet,Web,Delivered,6,140,46,SELLER007,4,0
O000709,C0054,2025-04-11,S002,Chennai Marina,South,P008,Yoga Mat,Sports,Fitness,2,1299,20,2078.4,1122.34,956.06,Net Banking,Mobile App,Delivered,7,159,53,SELLER008,5,0
O000710,C0071,2025-07-24,S003,Mumbai West,West,P003,Coffee Maker,Home Appliances,Kitchen,3,3499,0,10497,5773.35,4723.65,UPI,Store,Shipped,8,178,25,SELLER009,1,0
O000711,C0088,2025-10-10,S004,Delhi Select,North,P014,Office Chair,Office,Furniture,4,8999,5,34196.2,19149.87,15046.33,Credit Card,Web,Processing,,17,32,SELLER010,2,0
O000712,C0105,2025-01-23,S005,Hyderabad Hub,South,P009,Backpack,Fashion,Bags,1,1799,10,1619.1,922.89,696.21,Debit Card,Mobile App,Returned,2,36,39,SELLER011,3,1
O000713,C0122,2025-04-09,S006,Pune Market,West,P004,Running Shoes,Fashion,Footwear,2,2999,15,5098.3,2957.01,2141.29,Wallet,Store,Cancelled,,55,46,SELLER012,4,0
O000714,C0139,2025-07-22,S001,Bengaluru Central,South,P015,Skincare Set,Beauty,Personal Care,3,2499,20,5997.6,3118.75,2878.85,Net Banking,Web,Delivered,4,74,53,SELLER013,5,0
O000715,C0156,2025-10-08,S002,Chennai Marina,South,P010,Water Bottle,Sports,Fitness,4,699,0,2796,1481.88,1314.12,UPI,Mobile App,Delivered,5,93,25,SELLER014,1,0
O000716,C0173,2025-01-21,S003,Mumbai West,West,P005,Bluetooth Speaker,Electronics,Audio,1,1899,5,1804.05,974.19,829.86,Credit Card,Store,Delivered,6,112,32,SELLER015,2,0
O000717,C0190,2025-04-07,S004,Delhi Select,North,P016,Bluetooth Keyboard,Electronics,Accessories,2,2799,10,5038.2,2771.01,2267.19,Debit Card,Web,Shipped,7,131,39,SELLER016,3,0
O000718,C0207,2025-07-20,S005,Hyderabad Hub,South,P011,Cotton Bedsheet,Home,Bedding,3,1599,15,4077.45,2283.37,1794.08,Wallet,Mobile App,Processing,,150,46,SELLER017,4,0
O000719,C0224,2025-10-06,S006,Pune Market,West,P006,Laptop Stand,Office,Accessories,4,1499,20,4796.8,2734.18,2062.62,Net Banking,Store,Returned,9,169,53,SELLER018,5,1
O000720,C0241,2025-01-19,S001,Bengaluru Central,South,P001,Wireless Headphones,Electronics,Audio,1,2499,0,2499,1449.42,1049.58,UPI,Web,Cancelled,,8,25,SELLER001,1,0
O000721,C0008,2025-04-05,S002,Chennai Marina,South,P012,Non-stick Pan,Home Appliances,Kitchen,2,2199,5,4178.1,2172.61,2005.49,Credit Card,Mobile App,Delivered,3,27,32,SELLER002,2,0
O000722,C0025,2025-07-18,S003,Mumbai West,West,P007,Desk Lamp,Home,Lighting,3,999,10,2697.3,1429.57,1267.73,Debit Card,Store,Delivered,4,46,39,SELLER003,3,0
O000723,C0042,2025-10-04,S004,Delhi Select,North,P002,Smart Watch,Electronics,Wearables,4,5999,15,20396.6,11014.16,9382.44,Wallet,Web,Delivered,5,65,46,SELLER004,4,0
O000724,C0059,2025-01-17,S005,Hyderabad Hub,South,P013,USB-C Hub,Electronics,Accessories,1,2299,20,1839.2,1011.56,827.64,Net Banking,Mobile App,Shipped,6,84,53,SELLER005,5,0
O000725,C0076,2025-04-03,S006,Pune Market,West,P008,Yoga Mat,Sports,Fitness,2,1299,0,2598,1454.88,1143.12,UPI,Store,Processing,,103,25,SELLER006,1,0
O000726,C0093,2025-07-16,S001,Bengaluru Central,South,P003,Coffee Maker,Home Appliances,Kitchen,3,3499,5,9972.15,5684.13,4288.02,Credit Card,Web,Returned,8,122,32,SELLER007,2,1
O000727,C0110,2025-10-02,S002,Chennai Marina,South,P014,Office Chair,Office,Furniture,4,8999,10,32396.4,18789.91,13606.49,Debit Card,Mobile App,Cancelled,,141,39,SELLER008,3,0
O000728,C0127,2025-01-15,S003,Mumbai West,West,P009,Backpack,Fashion,Bags,1,1799,15,1529.15,795.16,733.99,Wallet,Store,Delivered,2,160,46,SELLER009,4,0
O000729,C0144,2025-04-01,S004,Delhi Select,North,P004,Running Shoes,Fashion,Footwear,2,2999,20,4798.4,2543.15,2255.25,Net Banking,Web,Delivered,3,179,53,SELLER010,5,0
O000730,C0161,2025-07-14,S005,Hyderabad Hub,South,P015,Skincare Set,Beauty,Personal Care,3,2499,0,7497,4048.38,3448.62,UPI,Mobile App,Delivered,4,18,25,SELLER011,1,0
O000731,C0178,2025-10-27,S006,Pune Market,West,P010,Water Bottle,Sports,Fitness,4,699,5,2656.2,1460.91,1195.29,Credit Card,Store,Shipped,5,37,32,SELLER012,2,0
O000732,C0195,2025-01-13,S001,Bengaluru Central,South,P005,Bluetooth Speaker,Electronics,Audio,1,1899,10,1709.1,957.1,752,Debit Card,Web,Processing,,56,39,SELLER013,3,0
O000733,C0212,2025-04-26,S002,Chennai Marina,South,P016,Bluetooth Keyboard,Electronics,Accessories,2,2799,15,4758.3,2712.23,2046.07,Wallet,Mobile App,Returned,7,75,46,SELLER014,4,1
O000734,C0229,2025-07-12,S003,Mumbai West,West,P011,Cotton Bedsheet,Home,Bedding,3,1599,20,3837.6,2225.81,1611.79,Net Banking,Store,Cancelled,,94,53,SELLER015,5,0
O000735,C0246,2025-10-25,S004,Delhi Select,North,P006,Laptop Stand,Office,Accessories,4,1499,0,5996,3117.92,2878.08,UPI,Web,Delivered,9,113,25,SELLER016,1,0
O000736,C0013,2025-01-11,S005,Hyderabad Hub,South,P001,Wireless Headphones,Electronics,Audio,1,2499,5,2374.05,1258.25,1115.8,Credit Card,Mobile App,Delivered,2,132,32,SELLER017,2,0
O000737,C0030,2025-04-24,S006,Pune Market,West,P012,Non-stick Pan,Home Appliances,Kitchen,2,2199,10,3958.2,2137.43,1820.77,Debit Card,Store,Delivered,3,151,39,SELLER018,3,0
O000738,C0047,2025-07-10,S001,Bengaluru Central,South,P007,Desk Lamp,Home,Lighting,3,999,15,2547.45,1401.1,1146.35,Wallet,Web,Shipped,4,170,46,SELLER001,4,0
O000739,C0064,2025-10-23,S002,Chennai Marina,South,P002,Smart Watch,Electronics,Wearables,4,5999,20,19196.8,10750.21,8446.59,Net Banking,Mobile App,Processing,,9,53,SELLER002,5,0
O000740,C0081,2025-01-09,S003,Mumbai West,West,P013,USB-C Hub,Electronics,Accessories,1,2299,0,2299,1310.43,988.57,UPI,Store,Returned,6,28,25,SELLER003,1,1
O000741,C0098,2025-04-22,S004,Delhi Select,North,P008,Yoga Mat,Sports,Fitness,2,1299,5,2468.1,1431.5,1036.6,Credit Card,Web,Cancelled,,47,32,SELLER004,2,0
O000742,C0115,2025-07-08,S005,Hyderabad Hub,South,P003,Coffee Maker,Home Appliances,Kitchen,3,3499,10,9447.3,4912.6,4534.7,Debit Card,Mobile App,Delivered,8,66,39,SELLER005,3,0
O000743,C0132,2025-10-21,S006,Pune Market,West,P014,Office Chair,Office,Furniture,4,8999,15,30596.6,16216.2,14380.4,Wallet,Store,Delivered,9,85,46,SELLER006,4,0
O000744,C0149,2025-01-07,S001,Bengaluru Central,South,P009,Backpack,Fashion,Bags,1,1799,20,1439.2,777.17,662.03,Net Banking,Web,Delivered,2,104,53,SELLER007,5,0
O000745,C0166,2025-04-20,S002,Chennai Marina,South,P004,Running Shoes,Fashion,Footwear,2,2999,0,5998,3298.9,2699.1,UPI,Mobile App,Shipped,3,123,25,SELLER008,1,0
O000746,C0183,2025-07-06,S003,Mumbai West,West,P015,Skincare Set,Beauty,Personal Care,3,2499,5,7122.15,3988.4,3133.75,Credit Card,Store,Processing,,142,32,SELLER009,2,0
O000747,C0200,2025-10-19,S004,Delhi Select,North,P010,Water Bottle,Sports,Fitness,4,699,10,2516.4,1434.35,1082.05,Debit Card,Web,Returned,5,161,39,SELLER010,3,1
O000748,C0217,2025-01-05,S005,Hyderabad Hub,South,P005,Bluetooth Speaker,Electronics,Audio,1,1899,15,1614.15,936.21,677.94,Wallet,Mobile App,Cancelled,,180,46,SELLER011,4,0
O000749,C0234,2025-04-18,S006,Pune Market,West,P016,Bluetooth Keyboard,Electronics,Accessories,2,2799,20,4478.4,2328.77,2149.63,Net Banking,Store,Delivered,7,19,53,SELLER012,5,0
O000750,C0001,2025-07-04,S001,Bengaluru Central,South,P011,Cotton Bedsheet,Home,Bedding,3,1599,0,4797,2542.41,2254.59,UPI,Web,Delivered,8,38,25,SELLER013,1,0
O000751,C0018,2025-10-17,S002,Chennai Marina,South,P006,Laptop Stand,Office,Accessories,4,1499,5,5696.2,3075.95,2620.25,Credit Card,Mobile App,Delivered,9,57,32,SELLER014,2,0
O000752,C0035,2025-01-03,S003,Mumbai West,West,P001,Wireless Headphones,Electronics,Audio,1,2499,10,2249.1,1237.01,1012.09,Debit Card,Store,Shipped,2,76,39,SELLER015,3,0
O000753,C0052,2025-04-16,S004,Delhi Select,North,P012,Non-stick Pan,Home Appliances,Kitchen,2,2199,15,3738.3,2093.45,1644.85,Wallet,Web,Processing,,95,46,SELLER016,4,0
O000754,C0069,2025-07-02,S005,Hyderabad Hub,South,P007,Desk Lamp,Home,Lighting,3,999,20,2397.6,1366.63,1030.97,Net Banking,Mobile App,Returned,4,114,53,SELLER017,5,1
O000755,C0086,2025-10-15,S006,Pune Market,West,P002,Smart Watch,Electronics,Wearables,4,5999,0,23996,13917.68,10078.32,UPI,Store,Cancelled,,133,25,SELLER018,1,0
O000756,C0103,2025-01-01,S001,Bengaluru Central,South,P013,USB-C Hub,Electronics,Accessories,1,2299,5,2184.05,1135.71,1048.34,Credit Card,Web,Delivered,6,152,32,SELLER001,2,0
O000757,C0120,2025-04-14,S002,Chennai Marina,South,P008,Yoga Mat,Sports,Fitness,2,1299,10,2338.2,1239.25,1098.95,Debit Card,Mobile App,Delivered,7,171,39,SELLER002,3,0
O000758,C0137,2025-07-27,S003,Mumbai West,West,P003,Coffee Maker,Home Appliances,Kitchen,3,3499,15,8922.45,4818.12,4104.33,Wallet,Store,Delivered,8,10,46,SELLER003,4,0
O000759,C0154,2025-10-13,S004,Delhi Select,North,P014,Office Chair,Office,Furniture,4,8999,20,28796.8,15838.24,12958.56,Net Banking,Web,Shipped,9,29,53,SELLER004,5,0
O000760,C0171,2025-01-26,S005,Hyderabad Hub,South,P009,Backpack,Fashion,Bags,1,1799,0,1799,1007.44,791.56,UPI,Mobile App,Processing,,48,25,SELLER005,1,0
O000761,C0188,2025-04-12,S006,Pune Market,West,P004,Running Shoes,Fashion,Footwear,2,2999,5,5698.1,3247.92,2450.18,Credit Card,Store,Returned,3,67,32,SELLER006,2,1
O000762,C0205,2025-07-25,S001,Bengaluru Central,South,P015,Skincare Set,Beauty,Personal Care,3,2499,10,6747.3,3913.43,2833.87,Debit Card,Web,Cancelled,,86,39,SELLER007,3,0
O000763,C0222,2025-10-11,S002,Chennai Marina,South,P010,Water Bottle,Sports,Fitness,4,699,15,2376.6,1235.83,1140.77,Wallet,Mobile App,Delivered,5,105,46,SELLER008,4,0
O000764,C0239,2025-01-24,S003,Mumbai West,West,P005,Bluetooth Speaker,Electronics,Audio,1,1899,20,1519.2,805.18,714.02,Net Banking,Store,Delivered,6,124,53,SELLER009,5,0
O000765,C0006,2025-04-10,S004,Delhi Select,North,P016,Bluetooth Keyboard,Electronics,Accessories,2,2799,0,5598,3022.92,2575.08,UPI,Web,Delivered,7,143,25,SELLER010,1,0
O000766,C0023,2025-07-23,S005,Hyderabad Hub,South,P011,Cotton Bedsheet,Home,Bedding,3,1599,5,4557.15,2506.43,2050.72,Credit Card,Mobile App,Shipped,8,162,32,SELLER011,2,0
O000767,C0040,2025-10-09,S006,Pune Market,West,P006,Laptop Stand,Office,Accessories,4,1499,10,5396.4,3021.98,2374.42,Debit Card,Store,Processing,,181,39,SELLER012,3,0
O000768,C0057,2025-01-22,S001,Bengaluru Central,South,P001,Wireless Headphones,Electronics,Audio,1,2499,15,2124.15,1210.77,913.38,Wallet,Web,Returned,2,20,46,SELLER013,4,1
O000769,C0074,2025-04-08,S002,Chennai Marina,South,P012,Non-stick Pan,Home Appliances,Kitchen,2,2199,20,3518.4,2040.67,1477.73,Net Banking,Mobile App,Cancelled,,39,53,SELLER014,5,0
O000770,C0091,2025-07-21,S003,Mumbai West,West,P007,Desk Lamp,Home,Lighting,3,999,0,2997,1558.44,1438.56,UPI,Store,Delivered,4,58,25,SELLER015,1,0
O000771,C0108,2025-10-07,S004,Delhi Select,North,P002,Smart Watch,Electronics,Wearables,4,5999,5,22796.2,12081.99,10714.21,Credit Card,Web,Delivered,5,77,32,SELLER016,2,0
O000772,C0125,2025-01-20,S005,Hyderabad Hub,South,P013,USB-C Hub,Electronics,Accessories,1,2299,10,2069.1,1117.31,951.79,Debit Card,Mobile App,Delivered,6,96,39,SELLER017,3,0
O000773,C0142,2025-04-06,S006,Pune Market,West,P008,Yoga Mat,Sports,Fitness,2,1299,15,2208.3,1214.57,993.73,Wallet,Store,Shipped,7,115,46,SELLER018,4,0
O000774,C0159,2025-07-19,S001,Bengaluru Central,South,P003,Coffee Maker,Home Appliances,Kitchen,3,3499,20,8397.6,4702.66,3694.94,Net Banking,Web,Processing,,134,53,SELLER001,5,0
O000775,C0176,2025-10-05,S002,Chennai Marina,South,P014,Office Chair,Office,Furniture,4,8999,0,35996,20517.72,15478.28,UPI,Mobile App,Returned,9,153,25,SELLER002,1,1
O000776,C0193,2025-01-18,S003,Mumbai West,West,P009,Backpack,Fashion,Bags,1,1799,5,1709.05,991.25,717.8,Credit Card,Store,Cancelled,,172,32,SELLER003,2,0
O000777,C0210,2025-04-04,S004,Delhi Select,North,P004,Running Shoes,Fashion,Footwear,2,2999,10,5398.2,2807.06,2591.14,Debit Card,Web,Delivered,3,11,39,SELLER004,3,0
O000778,C0227,2025-07-17,S005,Hyderabad Hub,South,P015,Skincare Set,Beauty,Personal Care,3,2499,15,6372.45,3377.4,2995.05,Wallet,Mobile App,Delivered,4,30,46,SELLER005,4,0
O000779,C0244,2025-10-03,S006,Pune Market,West,P010,Water Bottle,Sports,Fitness,4,699,20,2236.8,1207.87,1028.93,Net Banking,Store,Delivered,5,49,53,SELLER006,5,0
O000780,C0011,2025-01-16,S001,Bengaluru Central,South,P005,Bluetooth Speaker,Electronics,Audio,1,1899,0,1899,1044.45,854.55,UPI,Web,Shipped,6,68,25,SELLER007,1,0
O000781,C0028,2025-04-02,S002,Chennai Marina,South,P016,Bluetooth Keyboard,Electronics,Accessories,2,2799,5,5318.1,2978.14,2339.96,Credit Card,Mobile App,Processing,,87,32,SELLER008,2,0
O000782,C0045,2025-07-15,S003,Mumbai West,West,P011,Cotton Bedsheet,Home,Bedding,3,1599,10,4317.3,2460.86,1856.44,Debit Card,Store,Returned,8,106,39,SELLER009,3,1
O000783,C0062,2025-10-01,S004,Delhi Select,North,P006,Laptop Stand,Office,Accessories,4,1499,15,5096.6,2956.03,2140.57,Wallet,Web,Cancelled,,125,46,SELLER010,4,0
O000784,C0079,2025-01-14,S005,Hyderabad Hub,South,P001,Wireless Headphones,Electronics,Audio,1,2499,20,1999.2,1039.58,959.62,Net Banking,Mobile App,Delivered,2,144,53,SELLER011,5,0
O000785,C0096,2025-04-27,S006,Pune Market,West,P012,Non-stick Pan,Home Appliances,Kitchen,2,2199,0,4398,2330.94,2067.06,UPI,Store,Delivered,3,163,25,SELLER012,1,0
O000786,C0113,2025-07-13,S001,Bengaluru Central,South,P007,Desk Lamp,Home,Lighting,3,999,5,2847.15,1537.46,1309.69,Credit Card,Web,Delivered,4,182,32,SELLER013,2,0
O000787,C0130,2025-10-26,S002,Chennai Marina,South,P002,Smart Watch,Electronics,Wearables,4,5999,10,21596.4,11878.02,9718.38,Debit Card,Mobile App,Shipped,5,21,39,SELLER014,3,0
O000788,C0147,2025-01-12,S003,Mumbai West,West,P013,USB-C Hub,Electronics,Accessories,1,2299,15,1954.15,1094.32,859.83,Wallet,Store,Processing,,40,46,SELLER015,4,0
O000789,C0164,2025-04-25,S004,Delhi Select,North,P008,Yoga Mat,Sports,Fitness,2,1299,20,2078.4,1184.69,893.71,Net Banking,Web,Returned,7,59,53,SELLER016,5,1
O000790,C0181,2025-07-11,S005,Hyderabad Hub,South,P003,Coffee Maker,Home Appliances,Kitchen,3,3499,0,10497,6088.26,4408.74,UPI,Mobile App,Cancelled,,78,25,SELLER017,1,0
O000791,C0198,2025-10-24,S006,Pune Market,West,P014,Office Chair,Office,Furniture,4,8999,5,34196.2,17782.02,16414.18,Credit Card,Store,Delivered,9,97,32,SELLER018,2,0
O000792,C0215,2025-01-10,S001,Bengaluru Central,South,P009,Backpack,Fashion,Bags,1,1799,10,1619.1,858.12,760.98,Debit Card,Web,Delivered,2,116,39,SELLER001,3,0
O000793,C0232,2025-04-23,S002,Chennai Marina,South,P004,Running Shoes,Fashion,Footwear,2,2999,15,5098.3,2753.08,2345.22,Wallet,Mobile App,Delivered,3,135,46,SELLER002,4,0
O000794,C0249,2025-07-09,S003,Mumbai West,West,P015,Skincare Set,Beauty,Personal Care,3,2499,20,5997.6,3298.68,2698.92,Net Banking,Store,Shipped,4,154,53,SELLER003,5,0
O000795,C0016,2025-10-22,S004,Delhi Select,North,P010,Water Bottle,Sports,Fitness,4,699,0,2796,1565.76,1230.24,UPI,Web,Processing,,173,25,SELLER004,1,0
O000796,C0033,2025-01-08,S005,Hyderabad Hub,South,P005,Bluetooth Speaker,Electronics,Audio,1,1899,5,1804.05,1028.31,775.74,Credit Card,Mobile App,Returned,6,12,32,SELLER005,2,1
O000797,C0050,2025-04-21,S006,Pune Market,West,P016,Bluetooth Keyboard,Electronics,Accessories,2,2799,10,5038.2,2922.16,2116.04,Debit Card,Store,Cancelled,,31,39,SELLER006,3,0
O000798,C0067,2025-07-07,S001,Bengaluru Central,South,P011,Cotton Bedsheet,Home,Bedding,3,1599,15,4077.45,2120.27,1957.18,Wallet,Web,Delivered,8,50,46,SELLER007,4,0
O000799,C0084,2025-10-20,S002,Chennai Marina,South,P006,Laptop Stand,Office,Accessories,4,1499,20,4796.8,2542.3,2254.5,Net Banking,Mobile App,Delivered,9,69,53,SELLER008,5,0
O000800,C0101,2025-01-06,S003,Mumbai West,West,P001,Wireless Headphones,Electronics,Audio,1,2499,0,2499,1349.46,1149.54,UPI,Store,Delivered,2,88,25,SELLER009,1,0
O000801,C0118,2025-04-19,S004,Delhi Select,North,P012,Non-stick Pan,Home Appliances,Kitchen,2,2199,5,4178.1,2297.96,1880.14,Credit Card,Web,Shipped,3,107,32,SELLER010,2,0
O000802,C0135,2025-07-05,S005,Hyderabad Hub,South,P007,Desk Lamp,Home,Lighting,3,999,10,2697.3,1510.49,1186.81,Debit Card,Mobile App,Processing,,126,39,SELLER011,3,0
O000803,C0152,2025-10-18,S006,Pune Market,West,P002,Smart Watch,Electronics,Wearables,4,5999,15,20396.6,11626.06,8770.54,Wallet,Store,Returned,5,145,46,SELLER012,4,1
O000804,C0169,2025-01-04,S001,Bengaluru Central,South,P013,USB-C Hub,Electronics,Accessories,1,2299,20,1839.2,1066.74,772.46,Net Banking,Web,Cancelled,,164,53,SELLER013,5,0
O000805,C0186,2025-04-17,S002,Chennai Marina,South,P008,Yoga Mat,Sports,Fitness,2,1299,0,2598,1350.96,1247.04,UPI,Mobile App,Delivered,7,183,25,SELLER014,1,0
O000806,C0203,2025-07-03,S003,Mumbai West,West,P003,Coffee Maker,Home Appliances,Kitchen,3,3499,5,9972.15,5285.24,4686.91,Credit Card,Store,Delivered,8,22,32,SELLER015,2,0
O000807,C0220,2025-10-16,S004,Delhi Select,North,P014,Office Chair,Office,Furniture,4,8999,10,32396.4,17494.06,14902.34,Debit Card,Web,Delivered,9,41,39,SELLER016,3,0
O000808,C0237,2025-01-02,S005,Hyderabad Hub,South,P009,Backpack,Fashion,Bags,1,1799,15,1529.15,841.03,688.12,Wallet,Mobile App,Shipped,2,60,46,SELLER017,4,0
O000809,C0004,2025-04-15,S006,Pune Market,West,P004,Running Shoes,Fashion,Footwear,2,2999,20,4798.4,2687.1,2111.3,Net Banking,Store,Processing,,79,53,SELLER018,5,0
O000810,C0021,2025-07-01,S001,Bengaluru Central,South,P015,Skincare Set,Beauty,Personal Care,3,2499,0,7497,4273.29,3223.71,UPI,Web,Returned,4,98,25,SELLER001,1,1
O000811,C0038,2025-10-14,S002,Chennai Marina,South,P010,Water Bottle,Sports,Fitness,4,699,5,2656.2,1540.6,1115.6,Credit Card,Mobile App,Cancelled,,117,32,SELLER002,2,0
O000812,C0055,2025-01-27,S003,Mumbai West,West,P005,Bluetooth Speaker,Electronics,Audio,1,1899,10,1709.1,888.73,820.37,Debit Card,Store,Delivered,6,136,39,SELLER003,3,0
O000813,C0072,2025-04-13,S004,Delhi Select,North,P016,Bluetooth Keyboard,Electronics,Accessories,2,2799,15,4758.3,2521.9,2236.4,Wallet,Web,Delivered,7,155,46,SELLER004,4,0
O000814,C0089,2025-07-26,S005,Hyderabad Hub,South,P011,Cotton Bedsheet,Home,Bedding,3,1599,20,3837.6,2072.3,1765.3,Net Banking,Mobile App,Delivered,8,174,53,SELLER005,5,0
O000815,C0106,2025-10-12,S006,Pune Market,West,P006,Laptop Stand,Office,Accessories,4,1499,0,5996,3297.8,2698.2,UPI,Store,Shipped,9,13,25,SELLER006,1,0
O000816,C0123,2025-01-25,S001,Bengaluru Central,South,P001,Wireless Headphones,Electronics,Audio,1,2499,5,2374.05,1329.47,1044.58,Credit Card,Web,Processing,,32,32,SELLER007,2,0
O000817,C0140,2025-04-11,S002,Chennai Marina,South,P012,Non-stick Pan,Home Appliances,Kitchen,2,2199,10,3958.2,2256.17,1702.03,Debit Card,Mobile App,Returned,3,51,39,SELLER008,3,1
O000818,C0157,2025-07-24,S003,Mumbai West,West,P007,Desk Lamp,Home,Lighting,3,999,15,2547.45,1477.52,1069.93,Wallet,Store,Cancelled,,70,46,SELLER009,4,0
O000819,C0174,2025-10-10,S004,Delhi Select,North,P002,Smart Watch,Electronics,Wearables,4,5999,20,19196.8,9982.34,9214.46,Net Banking,Web,Delivered,5,89,53,SELLER010,5,0
O000820,C0191,2025-01-23,S005,Hyderabad Hub,South,P013,USB-C Hub,Electronics,Accessories,1,2299,0,2299,1218.47,1080.53,UPI,Mobile App,Delivered,6,108,25,SELLER011,1,0
O000821,C0208,2025-04-09,S006,Pune Market,West,P008,Yoga Mat,Sports,Fitness,2,1299,5,2468.1,1332.77,1135.33,Credit Card,Store,Delivered,7,127,32,SELLER012,2,0
O000822,C0225,2025-07-22,S001,Bengaluru Central,South,P003,Coffee Maker,Home Appliances,Kitchen,3,3499,10,9447.3,5196.02,4251.28,Debit Card,Web,Shipped,8,146,39,SELLER013,3,0
O000823,C0242,2025-10-08,S002,Chennai Marina,South,P014,Office Chair,Office,Furniture,4,8999,15,30596.6,17134.1,13462.5,Wallet,Mobile App,Processing,,165,46,SELLER014,4,0
O000824,C0009,2025-01-21,S003,Mumbai West,West,P009,Backpack,Fashion,Bags,1,1799,20,1439.2,820.34,618.86,Net Banking,Store,Returned,2,184,53,SELLER015,5,1
O000825,C0026,2025-04-07,S004,Delhi Select,North,P004,Running Shoes,Fashion,Footwear,2,2999,0,5998,3478.84,2519.16,UPI,Web,Cancelled,,23,25,SELLER016,1,0
O000826,C0043,2025-07-20,S005,Hyderabad Hub,South,P015,Skincare Set,Beauty,Personal Care,3,2499,5,7122.15,3703.52,3418.63,Credit Card,Mobile App,Delivered,4,42,32,SELLER017,2,0
O000827,C0060,2025-10-06,S006,Pune Market,West,P010,Water Bottle,Sports,Fitness,4,699,10,2516.4,1333.69,1182.71,Debit Card,Store,Delivered,5,61,39,SELLER018,3,0
O000828,C0077,2025-01-19,S001,Bengaluru Central,South,P005,Bluetooth Speaker,Electronics,Audio,1,1899,15,1614.15,871.64,742.51,Wallet,Web,Delivered,6,80,46,SELLER001,4,0
O000829,C0094,2025-04-05,S002,Chennai Marina,South,P016,Bluetooth Keyboard,Electronics,Accessories,2,2799,20,4478.4,2463.12,2015.28,Net Banking,Mobile App,Shipped,7,99,53,SELLER002,5,0
O000830,C0111,2025-07-18,S003,Mumbai West,West,P011,Cotton Bedsheet,Home,Bedding,3,1599,0,4797,2686.32,2110.68,UPI,Store,Processing,,118,25,SELLER003,1,0
O000831,C0128,2025-10-04,S004,Delhi Select,North,P006,Laptop Stand,Office,Accessories,4,1499,5,5696.2,3246.83,2449.37,Credit Card,Web,Returned,9,137,32,SELLER004,2,1
O000832,C0145,2025-01-17,S005,Hyderabad Hub,South,P001,Wireless Headphones,Electronics,Audio,1,2499,10,2249.1,1304.48,944.62,Debit Card,Mobile App,Cancelled,,156,39,SELLER005,3,0
O000833,C0162,2025-04-03,S006,Pune Market,West,P012,Non-stick Pan,Home Appliances,Kitchen,2,2199,15,3738.3,1943.92,1794.38,Wallet,Store,Delivered,3,175,46,SELLER006,4,0
O000834,C0179,2025-07-16,S001,Bengaluru Central,South,P007,Desk Lamp,Home,Lighting,3,999,20,2397.6,1270.73,1126.87,Net Banking,Web,Delivered,4,14,53,SELLER007,5,0
O000835,C0196,2025-10-02,S002,Chennai Marina,South,P002,Smart Watch,Electronics,Wearables,4,5999,0,23996,12957.84,11038.16,UPI,Mobile App,Delivered,5,33,25,SELLER008,1,0
O000836,C0213,2025-01-15,S003,Mumbai West,West,P013,USB-C Hub,Electronics,Accessories,1,2299,5,2184.05,1201.23,982.82,Credit Card,Store,Shipped,6,52,32,SELLER009,2,0
O000837,C0230,2025-04-01,S004,Delhi Select,North,P008,Yoga Mat,Sports,Fitness,2,1299,10,2338.2,1309.39,1028.81,Debit Card,Web,Processing,,71,39,SELLER010,3,0
O000838,C0247,2025-07-14,S005,Hyderabad Hub,South,P003,Coffee Maker,Home Appliances,Kitchen,3,3499,15,8922.45,5085.8,3836.65,Wallet,Mobile App,Returned,8,90,46,SELLER011,4,1
O000839,C0014,2025-10-27,S006,Pune Market,West,P014,Office Chair,Office,Furniture,4,8999,20,28796.8,16702.14,12094.66,Net Banking,Store,Cancelled,,109,53,SELLER012,5,0
O000840,C0031,2025-01-13,S001,Bengaluru Central,South,P009,Backpack,Fashion,Bags,1,1799,0,1799,935.48,863.52,UPI,Web,Delivered,2,128,25,SELLER013,1,0
O000841,C0048,2025-04-26,S002,Chennai Marina,South,P004,Running Shoes,Fashion,Footwear,2,2999,5,5698.1,3019.99,2678.11,Credit Card,Mobile App,Delivered,3,147,32,SELLER014,2,0
O000842,C0065,2025-07-12,S003,Mumbai West,West,P015,Skincare Set,Beauty,Personal Care,3,2499,10,6747.3,3643.54,3103.76,Debit Card,Store,Delivered,4,166,39,SELLER015,3,0
O000843,C0082,2025-10-25,S004,Delhi Select,North,P010,Water Bottle,Sports,Fitness,4,699,15,2376.6,1307.13,1069.47,Wallet,Web,Shipped,5,185,46,SELLER016,4,0
O000844,C0099,2025-01-11,S005,Hyderabad Hub,South,P005,Bluetooth Speaker,Electronics,Audio,1,1899,20,1519.2,850.75,668.45,Net Banking,Mobile App,Processing,,24,53,SELLER017,5,0
O000845,C0116,2025-04-24,S006,Pune Market,West,P016,Bluetooth Keyboard,Electronics,Accessories,2,2799,0,5598,3190.86,2407.14,UPI,Store,Returned,7,43,25,SELLER018,1,1
O000846,C0133,2025-07-10,S001,Bengaluru Central,South,P011,Cotton Bedsheet,Home,Bedding,3,1599,5,4557.15,2643.15,1914,Credit Card,Web,Cancelled,,62,32,SELLER001,2,0
O000847,C0150,2025-10-23,S002,Chennai Marina,South,P006,Laptop Stand,Office,Accessories,4,1499,10,5396.4,2806.13,2590.27,Debit Card,Mobile App,Delivered,9,81,39,SELLER002,3,0
O000848,C0167,2025-01-09,S003,Mumbai West,West,P001,Wireless Headphones,Electronics,Audio,1,2499,15,2124.15,1125.8,998.35,Wallet,Store,Delivered,2,100,46,SELLER003,4,0
O000849,C0184,2025-04-22,S004,Delhi Select,North,P012,Non-stick Pan,Home Appliances,Kitchen,2,2199,20,3518.4,1899.94,1618.46,Net Banking,Web,Delivered,3,119,53,SELLER004,5,0
O000850,C0201,2025-07-08,S005,Hyderabad Hub,South,P007,Desk Lamp,Home,Lighting,3,999,0,2997,1648.35,1348.65,UPI,Mobile App,Shipped,4,138,25,SELLER005,1,0
O000851,C0218,2025-10-21,S006,Pune Market,West,P002,Smart Watch,Electronics,Wearables,4,5999,5,22796.2,12765.87,10030.33,Credit Card,Store,Processing,,157,32,SELLER006,2,0
O000852,C0235,2025-01-07,S001,Bengaluru Central,South,P013,USB-C Hub,Electronics,Accessories,1,2299,10,2069.1,1179.39,889.71,Debit Card,Web,Returned,6,176,39,SELLER007,3,1
O000853,C0002,2025-04-20,S002,Chennai Marina,South,P008,Yoga Mat,Sports,Fitness,2,1299,15,2208.3,1280.81,927.49,Wallet,Mobile App,Cancelled,,15,46,SELLER008,4,0
O000854,C0019,2025-07-06,S003,Mumbai West,West,P003,Coffee Maker,Home Appliances,Kitchen,3,3499,20,8397.6,4366.75,4030.85,Net Banking,Store,Delivered,8,34,53,SELLER009,5,0
O000855,C0036,2025-10-19,S004,Delhi Select,North,P014,Office Chair,Office,Furniture,4,8999,0,35996,19077.88,16918.12,UPI,Web,Delivered,9,53,25,SELLER010,1,0
O000856,C0053,2025-01-05,S005,Hyderabad Hub,South,P009,Backpack,Fashion,Bags,1,1799,5,1709.05,922.89,786.16,Credit Card,Mobile App,Delivered,2,72,32,SELLER011,2,0
O000857,C0070,2025-04-18,S006,Pune Market,West,P004,Running Shoes,Fashion,Footwear,2,2999,10,5398.2,2969.01,2429.19,Debit Card,Store,Shipped,3,91,39,SELLER012,3,0
O000858,C0087,2025-07-04,S001,Bengaluru Central,South,P015,Skincare Set,Beauty,Personal Care,3,2499,15,6372.45,3568.57,2803.88,Wallet,Web,Processing,,110,46,SELLER013,4,0
O000859,C0104,2025-10-17,S002,Chennai Marina,South,P010,Water Bottle,Sports,Fitness,4,699,20,2236.8,1274.98,961.82,Net Banking,Mobile App,Returned,5,129,53,SELLER014,5,1
O000860,C0121,2025-01-03,S003,Mumbai West,West,P005,Bluetooth Speaker,Electronics,Audio,1,1899,0,1899,1101.42,797.58,UPI,Store,Cancelled,,148,25,SELLER015,1,0
O000861,C0138,2025-04-16,S004,Delhi Select,North,P016,Bluetooth Keyboard,Electronics,Accessories,2,2799,5,5318.1,2765.41,2552.69,Credit Card,Web,Delivered,7,167,32,SELLER016,2,0
O000862,C0155,2025-07-02,S005,Hyderabad Hub,South,P011,Cotton Bedsheet,Home,Bedding,3,1599,10,4317.3,2288.17,2029.13,Debit Card,Mobile App,Delivered,8,186,39,SELLER017,3,0
O000863,C0172,2025-10-15,S006,Pune Market,West,P006,Laptop Stand,Office,Accessories,4,1499,15,5096.6,2752.16,2344.44,Wallet,Store,Delivered,9,25,46,SELLER018,4,0
O000864,C0189,2025-01-01,S001,Bengaluru Central,South,P001,Wireless Headphones,Electronics,Audio,1,2499,20,1999.2,1099.56,899.64,Net Banking,Web,Shipped,2,44,53,SELLER001,5,0
O000865,C0206,2025-04-14,S002,Chennai Marina,South,P012,Non-stick Pan,Home Appliances,Kitchen,2,2199,0,4398,2462.88,1935.12,UPI,Mobile App,Processing,,63,25,SELLER002,1,0
O000866,C0223,2025-07-27,S003,Mumbai West,West,P007,Desk Lamp,Home,Lighting,3,999,5,2847.15,1622.88,1224.27,Credit Card,Store,Returned,4,82,32,SELLER003,2,1
O000867,C0240,2025-10-13,S004,Delhi Select,North,P002,Smart Watch,Electronics,Wearables,4,5999,10,21596.4,12525.91,9070.49,Debit Card,Web,Cancelled,,101,39,SELLER004,3,0
O000868,C0007,2025-01-26,S005,Hyderabad Hub,South,P013,USB-C Hub,Electronics,Accessories,1,2299,15,1954.15,1016.16,937.99,Wallet,Mobile App,Delivered,6,120,46,SELLER005,4,0
O000869,C0024,2025-04-12,S006,Pune Market,West,P008,Yoga Mat,Sports,Fitness,2,1299,20,2078.4,1101.55,976.85,Net Banking,Store,Delivered,7,139,53,SELLER006,5,0
O000870,C0041,2025-07-25,S001,Bengaluru Central,South,P003,Coffee Maker,Home Appliances,Kitchen,3,3499,0,10497,5668.38,4828.62,UPI,Web,Delivered,8,158,25,SELLER007,1,0
O000871,C0058,2025-10-11,S002,Chennai Marina,South,P014,Office Chair,Office,Furniture,4,8999,5,34196.2,18807.91,15388.29,Credit Card,Mobile App,Shipped,9,177,32,SELLER008,2,0
O000872,C0075,2025-01-24,S003,Mumbai West,West,P009,Backpack,Fashion,Bags,1,1799,10,1619.1,906.7,712.4,Debit Card,Store,Processing,,16,39,SELLER009,3,0
O000873,C0092,2025-04-10,S004,Delhi Select,North,P004,Running Shoes,Fashion,Footwear,2,2999,15,5098.3,2906.03,2192.27,Wallet,Web,Returned,3,35,46,SELLER010,4,1
O000874,C0109,2025-07-23,S005,Hyderabad Hub,South,P015,Skincare Set,Beauty,Personal Care,3,2499,20,5997.6,3478.61,2518.99,Net Banking,Mobile App,Cancelled,,54,53,SELLER011,5,0
O000875,C0126,2025-10-09,S006,Pune Market,West,P010,Water Bottle,Sports,Fitness,4,699,0,2796,1453.92,1342.08,UPI,Store,Delivered,5,73,25,SELLER012,1,0
O000876,C0143,2025-01-22,S001,Bengaluru Central,South,P005,Bluetooth Speaker,Electronics,Audio,1,1899,5,1804.05,956.15,847.9,Credit Card,Web,Delivered,6,92,32,SELLER013,2,0
O000877,C0160,2025-04-08,S002,Chennai Marina,South,P016,Bluetooth Keyboard,Electronics,Accessories,2,2799,10,5038.2,2720.63,2317.57,Debit Card,Mobile App,Delivered,7,111,39,SELLER014,3,0
O000878,C0177,2025-07-21,S003,Mumbai West,West,P011,Cotton Bedsheet,Home,Bedding,3,1599,15,4077.45,2242.6,1834.85,Wallet,Store,Shipped,8,130,46,SELLER015,4,0
O000879,C0194,2025-10-07,S004,Delhi Select,North,P006,Laptop Stand,Office,Accessories,4,1499,20,4796.8,2686.21,2110.59,Net Banking,Web,Processing,,149,53,SELLER016,5,0
O000880,C0211,2025-01-20,S005,Hyderabad Hub,South,P001,Wireless Headphones,Electronics,Audio,1,2499,0,2499,1424.43,1074.57,UPI,Mobile App,Returned,2,168,25,SELLER017,1,1
O000881,C0228,2025-04-06,S006,Pune Market,West,P012,Non-stick Pan,Home Appliances,Kitchen,2,2199,5,4178.1,2423.3,1754.8,Credit Card,Store,Cancelled,,187,32,SELLER018,2,0
O000882,C0245,2025-07-19,S001,Bengaluru Central,South,P007,Desk Lamp,Home,Lighting,3,999,10,2697.3,1402.6,1294.7,Debit Card,Web,Delivered,4,26,39,SELLER001,3,0
O000883,C0012,2025-10-05,S002,Chennai Marina,South,P002,Smart Watch,Electronics,Wearables,4,5999,15,20396.6,10810.2,9586.4,Wallet,Mobile App,Delivered,5,45,46,SELLER002,4,0
O000884,C0029,2025-01-18,S003,Mumbai West,West,P013,USB-C Hub,Electronics,Accessories,1,2299,20,1839.2,993.17,846.03,Net Banking,Store,Delivered,6,64,53,SELLER003,5,0
O000885,C0046,2025-04-04,S004,Delhi Select,North,P008,Yoga Mat,Sports,Fitness,2,1299,0,2598,1428.9,1169.1,UPI,Web,Shipped,7,83,25,SELLER004,1,0
O000886,C0063,2025-07-17,S005,Hyderabad Hub,South,P003,Coffee Maker,Home Appliances,Kitchen,3,3499,5,9972.15,5584.4,4387.75,Credit Card,Mobile App,Processing,,102,32,SELLER005,2,0
O000887,C0080,2025-10-03,S006,Pune Market,West,P014,Office Chair,Office,Furniture,4,8999,10,32396.4,18465.95,13930.45,Debit Card,Store,Returned,9,121,39,SELLER006,3,1
O000888,C0097,2025-01-16,S001,Bengaluru Central,South,P009,Backpack,Fashion,Bags,1,1799,15,1529.15,886.91,642.24,Wallet,Web,Cancelled,,140,46,SELLER007,4,0
O000889,C0114,2025-04-02,S002,Chennai Marina,South,P004,Running Shoes,Fashion,Footwear,2,2999,20,4798.4,2495.17,2303.23,Net Banking,Mobile App,Delivered,3,159,53,SELLER008,5,0
O000890,C0131,2025-07-15,S003,Mumbai West,West,P015,Skincare Set,Beauty,Personal Care,3,2499,0,7497,3973.41,3523.59,UPI,Store,Delivered,4,178,25,SELLER009,1,0
O000891,C0148,2025-10-01,S004,Delhi Select,North,P010,Water Bottle,Sports,Fitness,4,699,5,2656.2,1434.35,1221.85,Credit Card,Web,Delivered,5,17,32,SELLER010,2,0
O000892,C0165,2025-01-14,S005,Hyderabad Hub,South,P005,Bluetooth Speaker,Electronics,Audio,1,1899,10,1709.1,940,769.1,Debit Card,Mobile App,Shipped,6,36,39,SELLER011,3,0
O000893,C0182,2025-04-27,S006,Pune Market,West,P016,Bluetooth Keyboard,Electronics,Accessories,2,2799,15,4758.3,2664.65,2093.65,Wallet,Store,Processing,,55,46,SELLER012,4,0
O000894,C0199,2025-07-13,S001,Bengaluru Central,South,P011,Cotton Bedsheet,Home,Bedding,3,1599,20,3837.6,2187.43,1650.17,Net Banking,Web,Returned,8,74,53,SELLER013,5,1
O000895,C0216,2025-10-26,S002,Chennai Marina,South,P006,Laptop Stand,Office,Accessories,4,1499,0,5996,3477.68,2518.32,UPI,Mobile App,Cancelled,,93,25,SELLER014,1,0
O000896,C0233,2025-01-12,S003,Mumbai West,West,P001,Wireless Headphones,Electronics,Audio,1,2499,5,2374.05,1234.51,1139.54,Credit Card,Store,Delivered,2,112,32,SELLER015,2,0
O000897,C0250,2025-04-25,S004,Delhi Select,North,P012,Non-stick Pan,Home Appliances,Kitchen,2,2199,10,3958.2,2097.85,1860.35,Debit Card,Web,Delivered,3,131,39,SELLER016,3,0
O000898,C0017,2025-07-11,S005,Hyderabad Hub,South,P007,Desk Lamp,Home,Lighting,3,999,15,2547.45,1375.62,1171.83,Wallet,Mobile App,Delivered,4,150,46,SELLER017,4,0
O000899,C0034,2025-10-24,S006,Pune Market,West,P002,Smart Watch,Electronics,Wearables,4,5999,20,19196.8,10558.24,8638.56,Net Banking,Store,Shipped,5,169,53,SELLER018,5,0
O000900,C0051,2025-01-10,S001,Bengaluru Central,South,P013,USB-C Hub,Electronics,Accessories,1,2299,0,2299,1287.44,1011.56,UPI,Web,Processing,,8,25,SELLER001,1,0
O000901,C0068,2025-04-23,S002,Chennai Marina,South,P008,Yoga Mat,Sports,Fitness,2,1299,5,2468.1,1406.82,1061.28,Credit Card,Mobile App,Returned,7,27,32,SELLER002,2,1
O000902,C0085,2025-07-09,S003,Mumbai West,West,P003,Coffee Maker,Home Appliances,Kitchen,3,3499,10,9447.3,5479.43,3967.87,Debit Card,Store,Cancelled,,46,39,SELLER003,3,0
O000903,C0102,2025-10-22,S004,Delhi Select,North,P014,Office Chair,Office,Furniture,4,8999,15,30596.6,15910.23,14686.37,Wallet,Web,Delivered,9,65,46,SELLER004,4,0
O000904,C0119,2025-01-08,S005,Hyderabad Hub,South,P009,Backpack,Fashion,Bags,1,1799,20,1439.2,762.78,676.42,Net Banking,Mobile App,Delivered,2,84,53,SELLER005,5,0
O000905,C0136,2025-04-21,S006,Pune Market,West,P004,Running Shoes,Fashion,Footwear,2,2999,0,5998,3238.92,2759.08,UPI,Store,Delivered,3,103,25,SELLER006,1,0
O000906,C0153,2025-07-07,S001,Bengaluru Central,South,P015,Skincare Set,Beauty,Personal Care,3,2499,5,7122.15,3917.18,3204.97,Credit Card,Web,Shipped,4,122,32,SELLER007,2,0
O000907,C0170,2025-10-20,S002,Chennai Marina,South,P010,Water Bottle,Sports,Fitness,4,699,10,2516.4,1409.18,1107.22,Debit Card,Mobile App,Processing,,141,39,SELLER008,3,0
O000908,C0187,2025-01-06,S003,Mumbai West,West,P005,Bluetooth Speaker,Electronics,Audio,1,1899,15,1614.15,920.07,694.08,Wallet,Store,Returned,6,160,46,SELLER009,4,1
O000909,C0204,2025-04-19,S004,Delhi Select,North,P016,Bluetooth Keyboard,Electronics,Accessories,2,2799,20,4478.4,2597.47,1880.93,Net Banking,Web,Cancelled,,179,53,SELLER010,5,0
O000910,C0221,2025-07-05,S005,Hyderabad Hub,South,P011,Cotton Bedsheet,Home,Bedding,3,1599,0,4797,2494.44,2302.56,UPI,Mobile App,Delivered,8,18,25,SELLER011,1,0
O000911,C0238,2025-10-18,S006,Pune Market,West,P006,Laptop Stand,Office,Accessories,4,1499,5,5696.2,3018.99,2677.21,Credit Card,Store,Delivered,9,37,32,SELLER012,2,0
O000912,C0005,2025-01-04,S001,Bengaluru Central,South,P001,Wireless Headphones,Electronics,Audio,1,2499,10,2249.1,1214.51,1034.59,Debit Card,Web,Delivered,2,56,39,SELLER013,3,0
O000913,C0022,2025-04-17,S002,Chennai Marina,South,P012,Non-stick Pan,Home Appliances,Kitchen,2,2199,15,3738.3,2056.07,1682.23,Wallet,Mobile App,Shipped,3,75,46,SELLER014,4,0
O000914,C0039,2025-07-03,S003,Mumbai West,West,P007,Desk Lamp,Home,Lighting,3,999,20,2397.6,1342.66,1054.94,Net Banking,Store,Processing,,94,53,SELLER015,5,0
O000915,C0056,2025-10-16,S004,Delhi Select,North,P002,Smart Watch,Electronics,Wearables,4,5999,0,23996,13677.72,10318.28,UPI,Web,Returned,5,113,25,SELLER016,1,1
O000916,C0073,2025-01-02,S005,Hyderabad Hub,South,P013,USB-C Hub,Electronics,Accessories,1,2299,5,2184.05,1266.75,917.3,Credit Card,Mobile App,Cancelled,,132,32,SELLER017,2,0
O000917,C0090,2025-04-15,S006,Pune Market,West,P008,Yoga Mat,Sports,Fitness,2,1299,10,2338.2,1215.86,1122.34,Debit Card,Store,Delivered,7,151,39,SELLER018,3,0
O000918,C0107,2025-07-01,S001,Bengaluru Central,South,P003,Coffee Maker,Home Appliances,Kitchen,3,3499,15,8922.45,4728.9,4193.55,Wallet,Web,Delivered,8,170,46,SELLER001,4,0
O000919,C0124,2025-10-14,S002,Chennai Marina,South,P014,Office Chair,Office,Furniture,4,8999,20,28796.8,15550.27,13246.53,Net Banking,Mobile App,Delivered,9,9,53,SELLER002,5,0
O000920,C0141,2025-01-27,S003,Mumbai West,West,P009,Backpack,Fashion,Bags,1,1799,0,1799,989.45,809.55,UPI,Store,Shipped,2,28,25,SELLER003,1,0
O000921,C0158,2025-04-13,S004,Delhi Select,North,P004,Running Shoes,Fashion,Footwear,2,2999,5,5698.1,3190.94,2507.16,Credit Card,Web,Processing,,47,32,SELLER004,2,0
O000922,C0175,2025-07-26,S005,Hyderabad Hub,South,P015,Skincare Set,Beauty,Personal Care,3,2499,10,6747.3,3845.96,2901.34,Debit Card,Mobile App,Returned,4,66,39,SELLER005,3,1
O000923,C0192,2025-10-12,S006,Pune Market,West,P010,Water Bottle,Sports,Fitness,4,699,15,2376.6,1378.43,998.17,Wallet,Store,Cancelled,,85,46,SELLER006,4,0
O000924,C0209,2025-01-25,S001,Bengaluru Central,South,P005,Bluetooth Speaker,Electronics,Audio,1,1899,20,1519.2,789.98,729.22,Net Banking,Web,Delivered,6,104,53,SELLER007,5,0
O000925,C0226,2025-04-11,S002,Chennai Marina,South,P016,Bluetooth Keyboard,Electronics,Accessories,2,2799,0,5598,2966.94,2631.06,UPI,Mobile App,Delivered,7,123,25,SELLER008,1,0
O000926,C0243,2025-07-24,S003,Mumbai West,West,P011,Cotton Bedsheet,Home,Bedding,3,1599,5,4557.15,2460.86,2096.29,Credit Card,Store,Delivered,8,142,32,SELLER009,2,0
O000927,C0010,2025-10-10,S004,Delhi Select,North,P006,Laptop Stand,Office,Accessories,4,1499,10,5396.4,2968.02,2428.38,Debit Card,Web,Shipped,9,161,39,SELLER010,3,0
O000928,C0027,2025-01-23,S005,Hyderabad Hub,South,P001,Wireless Headphones,Electronics,Audio,1,2499,15,2124.15,1189.52,934.63,Wallet,Mobile App,Processing,,180,46,SELLER011,4,0
O000929,C0044,2025-04-09,S006,Pune Market,West,P012,Non-stick Pan,Home Appliances,Kitchen,2,2199,20,3518.4,2005.49,1512.91,Net Banking,Store,Returned,3,19,53,SELLER012,5,1
O000930,C0061,2025-07-22,S001,Bengaluru Central,South,P007,Desk Lamp,Home,Lighting,3,999,0,2997,1738.26,1258.74,UPI,Web,Cancelled,,38,25,SELLER013,1,0
O000931,C0078,2025-10-08,S002,Chennai Marina,South,P002,Smart Watch,Electronics,Wearables,4,5999,5,22796.2,11854.02,10942.18,Credit Card,Mobile App,Delivered,5,57,32,SELLER014,2,0
O000932,C0095,2025-01-21,S003,Mumbai West,West,P013,USB-C Hub,Electronics,Accessories,1,2299,10,2069.1,1096.62,972.48,Debit Card,Store,Delivered,6,76,39,SELLER015,3,0
O000933,C0112,2025-04-07,S004,Delhi Select,North,P008,Yoga Mat,Sports,Fitness,2,1299,15,2208.3,1192.48,1015.82,Wallet,Web,Delivered,7,95,46,SELLER016,4,0
O000934,C0129,2025-07-20,S005,Hyderabad Hub,South,P003,Coffee Maker,Home Appliances,Kitchen,3,3499,20,8397.6,4618.68,3778.92,Net Banking,Mobile App,Shipped,8,114,53,SELLER017,5,0
O000935,C0146,2025-10-06,S006,Pune Market,West,P014,Office Chair,Office,Furniture,4,8999,0,35996,20157.76,15838.24,UPI,Store,Processing,,133,25,SELLER018,1,0
O000936,C0163,2025-01-19,S001,Bengaluru Central,South,P009,Backpack,Fashion,Bags,1,1799,5,1709.05,974.16,734.89,Credit Card,Web,Returned,2,152,32,SELLER001,2,1
O000937,C0180,2025-04-05,S002,Chennai Marina,South,P004,Running Shoes,Fashion,Footwear,2,2999,10,5398.2,3130.96,2267.24,Debit Card,Mobile App,Cancelled,,171,39,SELLER002,3,0
O000938,C0197,2025-07-18,S003,Mumbai West,West,P015,Skincare Set,Beauty,Personal Care,3,2499,15,6372.45,3313.67,3058.78,Wallet,Store,Delivered,4,10,46,SELLER003,4,0
O000939,C0214,2025-10-04,S004,Delhi Select,North,P010,Water Bottle,Sports,Fitness,4,699,20,2236.8,1185.5,1051.3,Net Banking,Web,Delivered,5,29,53,SELLER004,5,0
O000940,C0231,2025-01-17,S005,Hyderabad Hub,South,P005,Bluetooth Speaker,Electronics,Audio,1,1899,0,1899,1025.46,873.54,UPI,Mobile App,Delivered,6,48,25,SELLER005,1,0
O000941,C0248,2025-04-03,S006,Pune Market,West,P016,Bluetooth Keyboard,Electronics,Accessories,2,2799,5,5318.1,2924.96,2393.14,Credit Card,Store,Shipped,7,67,32,SELLER006,2,0
O000942,C0015,2025-07-16,S001,Bengaluru Central,South,P011,Cotton Bedsheet,Home,Bedding,3,1599,10,4317.3,2417.69,1899.61,Debit Card,Web,Processing,,86,39,SELLER007,3,0
O000943,C0032,2025-10-02,S002,Chennai Marina,South,P006,Laptop Stand,Office,Accessories,4,1499,15,5096.6,2905.06,2191.54,Wallet,Mobile App,Returned,9,105,46,SELLER008,4,1
O000944,C0049,2025-01-15,S003,Mumbai West,West,P001,Wireless Headphones,Electronics,Audio,1,2499,20,1999.2,1159.54,839.66,Net Banking,Store,Cancelled,,124,53,SELLER009,5,0
O000945,C0066,2025-04-01,S004,Delhi Select,North,P012,Non-stick Pan,Home Appliances,Kitchen,2,2199,0,4398,2286.96,2111.04,UPI,Web,Delivered,3,143,25,SELLER010,1,0
O000946,C0083,2025-07-14,S005,Hyderabad Hub,South,P007,Desk Lamp,Home,Lighting,3,999,5,2847.15,1508.99,1338.16,Credit Card,Mobile App,Delivered,4,162,32,SELLER011,2,0
O000947,C0100,2025-10-27,S006,Pune Market,West,P002,Smart Watch,Electronics,Wearables,4,5999,10,21596.4,11662.06,9934.34,Debit Card,Store,Delivered,5,181,39,SELLER012,3,0
O000948,C0117,2025-01-13,S001,Bengaluru Central,South,P013,USB-C Hub,Electronics,Accessories,1,2299,15,1954.15,1074.78,879.37,Wallet,Web,Shipped,6,20,46,SELLER013,4,0
O000949,C0134,2025-04-26,S002,Chennai Marina,South,P008,Yoga Mat,Sports,Fitness,2,1299,20,2078.4,1163.9,914.5,Net Banking,Mobile App,Processing,,39,53,SELLER014,5,0
O000950,C0151,2025-07-12,S003,Mumbai West,West,P003,Coffee Maker,Home Appliances,Kitchen,3,3499,0,10497,5983.29,4513.71,UPI,Store,Returned,8,58,25,SELLER015,1,1
O000951,C0168,2025-10-25,S004,Delhi Select,North,P014,Office Chair,Office,Furniture,4,8999,5,34196.2,19833.8,14362.4,Credit Card,Web,Cancelled,,77,32,SELLER016,2,0
O000952,C0185,2025-01-11,S005,Hyderabad Hub,South,P009,Backpack,Fashion,Bags,1,1799,10,1619.1,841.93,777.17,Debit Card,Mobile App,Delivered,2,96,39,SELLER017,3,0
O000953,C0202,2025-04-24,S006,Pune Market,West,P004,Running Shoes,Fashion,Footwear,2,2999,15,5098.3,2702.1,2396.2,Wallet,Store,Delivered,3,115,46,SELLER018,4,0
O000954,C0219,2025-07-10,S001,Bengaluru Central,South,P015,Skincare Set,Beauty,Personal Care,3,2499,20,5997.6,3238.7,2758.9,Net Banking,Web,Delivered,4,134,53,SELLER001,5,0
O000955,C0236,2025-10-23,S002,Chennai Marina,South,P010,Water Bottle,Sports,Fitness,4,699,0,2796,1537.8,1258.2,UPI,Mobile App,Shipped,5,153,25,SELLER002,1,0
O000956,C0003,2025-01-09,S003,Mumbai West,West,P005,Bluetooth Speaker,Electronics,Audio,1,1899,5,1804.05,1010.27,793.78,Credit Card,Store,Processing,,172,32,SELLER003,2,0
O000957,C0020,2025-04-22,S004,Delhi Select,North,P016,Bluetooth Keyboard,Electronics,Accessories,2,2799,10,5038.2,2871.77,2166.43,Debit Card,Web,Returned,7,11,39,SELLER004,3,1
O000958,C0037,2025-07-08,S005,Hyderabad Hub,South,P011,Cotton Bedsheet,Home,Bedding,3,1599,15,4077.45,2364.92,1712.53,Wallet,Mobile App,Cancelled,,30,46,SELLER005,4,0
O000959,C0054,2025-10-21,S006,Pune Market,West,P006,Laptop Stand,Office,Accessories,4,1499,20,4796.8,2494.34,2302.46,Net Banking,Store,Delivered,9,49,53,SELLER006,5,0
O000960,C0071,2025-01-07,S001,Bengaluru Central,South,P001,Wireless Headphones,Electronics,Audio,1,2499,0,2499,1324.47,1174.53,UPI,Web,Delivered,2,68,25,SELLER007,1,0
O000961,C0088,2025-04-20,S002,Chennai Marina,South,P012,Non-stick Pan,Home Appliances,Kitchen,2,2199,5,4178.1,2256.17,1921.93,Credit Card,Mobile App,Delivered,3,87,32,SELLER008,2,0
O000962,C0105,2025-07-06,S003,Mumbai West,West,P007,Desk Lamp,Home,Lighting,3,999,10,2697.3,1483.52,1213.78,Debit Card,Store,Shipped,4,106,39,SELLER009,3,0
O000963,C0122,2025-10-19,S004,Delhi Select,North,P002,Smart Watch,Electronics,Wearables,4,5999,15,20396.6,11422.1,8974.5,Wallet,Web,Processing,,125,46,SELLER010,4,0
O000964,C0139,2025-01-05,S005,Hyderabad Hub,South,P013,USB-C Hub,Electronics,Accessories,1,2299,20,1839.2,1048.34,790.86,Net Banking,Mobile App,Returned,6,144,53,SELLER011,5,1
O000965,C0156,2025-04-18,S006,Pune Market,West,P008,Yoga Mat,Sports,Fitness,2,1299,0,2598,1506.84,1091.16,UPI,Store,Cancelled,,163,25,SELLER012,1,0
O000966,C0173,2025-07-04,S001,Bengaluru Central,South,P003,Coffee Maker,Home Appliances,Kitchen,3,3499,5,9972.15,5185.52,4786.63,Credit Card,Web,Delivered,8,182,32,SELLER013,2,0
O000967,C0190,2025-10-17,S002,Chennai Marina,South,P014,Office Chair,Office,Furniture,4,8999,10,32396.4,17170.09,15226.31,Debit Card,Mobile App,Delivered,9,21,39,SELLER014,3,0
O000968,C0207,2025-01-03,S003,Mumbai West,West,P009,Backpack,Fashion,Bags,1,1799,15,1529.15,825.74,703.41,Wallet,Store,Delivered,2,40,46,SELLER015,4,0
O000969,C0224,2025-04-16,S004,Delhi Select,North,P004,Running Shoes,Fashion,Footwear,2,2999,20,4798.4,2639.12,2159.28,Net Banking,Web,Shipped,3,59,53,SELLER016,5,0
O000970,C0241,2025-07-02,S005,Hyderabad Hub,South,P015,Skincare Set,Beauty,Personal Care,3,2499,0,7497,4198.32,3298.68,UPI,Mobile App,Processing,,78,25,SELLER017,1,0
O000971,C0008,2025-10-15,S006,Pune Market,West,P010,Water Bottle,Sports,Fitness,4,699,5,2656.2,1514.03,1142.17,Credit Card,Store,Returned,5,97,32,SELLER018,2,1
O000972,C0025,2025-01-01,S001,Bengaluru Central,South,P005,Bluetooth Speaker,Electronics,Audio,1,1899,10,1709.1,991.28,717.82,Debit Card,Web,Cancelled,,116,39,SELLER001,3,0
O000973,C0042,2025-04-14,S002,Chennai Marina,South,P016,Bluetooth Keyboard,Electronics,Accessories,2,2799,15,4758.3,2474.32,2283.98,Wallet,Mobile App,Delivered,7,135,46,SELLER002,4,0
O000974,C0059,2025-07-27,S003,Mumbai West,West,P011,Cotton Bedsheet,Home,Bedding,3,1599,20,3837.6,2033.93,1803.67,Net Banking,Store,Delivered,8,154,53,SELLER003,5,0
O000975,C0076,2025-10-13,S004,Delhi Select,North,P006,Laptop Stand,Office,Accessories,4,1499,0,5996,3237.84,2758.16,UPI,Web,Delivered,9,173,25,SELLER004,1,0
O000976,C0093,2025-01-26,S005,Hyderabad Hub,South,P001,Wireless Headphones,Electronics,Audio,1,2499,5,2374.05,1305.73,1068.32,Credit Card,Mobile App,Shipped,2,12,32,SELLER005,2,0
O000977,C0110,2025-04-12,S006,Pune Market,West,P012,Non-stick Pan,Home Appliances,Kitchen,2,2199,10,3958.2,2216.59,1741.61,Debit Card,Store,Processing,,31,39,SELLER006,3,0
O000978,C0127,2025-07-25,S001,Bengaluru Central,South,P007,Desk Lamp,Home,Lighting,3,999,15,2547.45,1452.05,1095.4,Wallet,Web,Returned,4,50,46,SELLER007,4,1
O000979,C0144,2025-10-11,S002,Chennai Marina,South,P002,Smart Watch,Electronics,Wearables,4,5999,20,19196.8,11134.14,8062.66,Net Banking,Mobile App,Cancelled,,69,53,SELLER008,5,0
O000980,C0161,2025-01-24,S003,Mumbai West,West,P013,USB-C Hub,Electronics,Accessories,1,2299,0,2299,1195.48,1103.52,UPI,Store,Delivered,6,88,25,SELLER009,1,0
O000981,C0178,2025-04-10,S004,Delhi Select,North,P008,Yoga Mat,Sports,Fitness,2,1299,5,2468.1,1308.09,1160.01,Credit Card,Web,Delivered,7,107,32,SELLER010,2,0
O000982,C0195,2025-07-23,S005,Hyderabad Hub,South,P003,Coffee Maker,Home Appliances,Kitchen,3,3499,10,9447.3,5101.54,4345.76,Debit Card,Mobile App,Delivered,8,126,39,SELLER011,3,0
O000983,C0212,2025-10-09,S006,Pune Market,West,P014,Office Chair,Office,Furniture,4,8999,15,30596.6,16828.13,13768.47,Wallet,Store,Shipped,9,145,46,SELLER012,4,0
O000984,C0229,2025-01-22,S001,Bengaluru Central,South,P009,Backpack,Fashion,Bags,1,1799,20,1439.2,805.95,633.25,Net Banking,Web,Processing,,164,53,SELLER013,5,0
O000985,C0246,2025-04-08,S002,Chennai Marina,South,P004,Running Shoes,Fashion,Footwear,2,2999,0,5998,3418.86,2579.14,UPI,Mobile App,Returned,3,183,25,SELLER014,1,1
O000986,C0013,2025-07-21,S003,Mumbai West,West,P015,Skincare Set,Beauty,Personal Care,3,2499,5,7122.15,4130.85,2991.3,Credit Card,Store,Cancelled,,22,32,SELLER015,2,0
O000987,C0030,2025-10-07,S004,Delhi Select,North,P010,Water Bottle,Sports,Fitness,4,699,10,2516.4,1308.53,1207.87,Debit Card,Web,Delivered,5,41,39,SELLER016,3,0
O000988,C0047,2025-01-20,S005,Hyderabad Hub,South,P005,Bluetooth Speaker,Electronics,Audio,1,1899,15,1614.15,855.5,758.65,Wallet,Mobile App,Delivered,6,60,46,SELLER017,4,0
O000989,C0064,2025-04-06,S006,Pune Market,West,P016,Bluetooth Keyboard,Electronics,Accessories,2,2799,20,4478.4,2418.34,2060.06,Net Banking,Store,Delivered,7,79,53,SELLER018,5,0
O000990,C0081,2025-07-19,S001,Bengaluru Central,South,P011,Cotton Bedsheet,Home,Bedding,3,1599,0,4797,2638.35,2158.65,UPI,Web,Shipped,8,98,25,SELLER001,1,0
O000991,C0098,2025-10-05,S002,Chennai Marina,South,P006,Laptop Stand,Office,Accessories,4,1499,5,5696.2,3189.87,2506.33,Credit Card,Mobile App,Processing,,117,32,SELLER002,2,0
O000992,C0115,2025-01-18,S003,Mumbai West,West,P001,Wireless Headphones,Electronics,Audio,1,2499,10,2249.1,1281.99,967.11,Debit Card,Store,Returned,2,136,39,SELLER003,3,1
O000993,C0132,2025-04-04,S004,Delhi Select,North,P012,Non-stick Pan,Home Appliances,Kitchen,2,2199,15,3738.3,2168.21,1570.09,Wallet,Web,Cancelled,,155,46,SELLER004,4,0
O000994,C0149,2025-07-17,S005,Hyderabad Hub,South,P007,Desk Lamp,Home,Lighting,3,999,20,2397.6,1246.75,1150.85,Net Banking,Mobile App,Delivered,4,174,53,SELLER005,5,0
O000995,C0166,2025-10-03,S006,Pune Market,West,P002,Smart Watch,Electronics,Wearables,4,5999,0,23996,12717.88,11278.12,UPI,Store,Delivered,5,13,25,SELLER006,1,0
O000996,C0183,2025-01-16,S001,Bengaluru Central,South,P013,USB-C Hub,Electronics,Accessories,1,2299,5,2184.05,1179.39,1004.66,Credit Card,Web,Delivered,6,32,32,SELLER007,2,0
O000997,C0200,2025-04-02,S002,Chennai Marina,South,P008,Yoga Mat,Sports,Fitness,2,1299,10,2338.2,1286.01,1052.19,Debit Card,Mobile App,Shipped,7,51,39,SELLER008,3,0
O000998,C0217,2025-07-15,S003,Mumbai West,West,P003,Coffee Maker,Home Appliances,Kitchen,3,3499,15,8922.45,4996.57,3925.88,Wallet,Store,Processing,,70,46,SELLER009,4,0
O000999,C0234,2025-10-01,S004,Delhi Select,North,P014,Office Chair,Office,Furniture,4,8999,20,28796.8,16414.18,12382.62,Net Banking,Web,Returned,9,89,53,SELLER010,5,1
O001000,C0001,2025-01-14,S005,Hyderabad Hub,South,P009,Backpack,Fashion,Bags,1,1799,0,1799,1043.42,755.58,UPI,Mobile App,Cancelled,,108,25,SELLER011,1,0
O001001,C0018,2025-04-27,S006,Pune Market,West,P004,Running Shoes,Fashion,Footwear,2,2999,5,5698.1,2963.01,2735.09,Credit Card,Store,Delivered,3,127,32,SELLER012,2,0
O001002,C0035,2025-07-13,S001,Bengaluru Central,South,P015,Skincare Set,Beauty,Personal Care,3,2499,10,6747.3,3576.07,3171.23,Debit Card,Web,Delivered,4,146,39,SELLER013,3,0
O001003,C0052,2025-10-26,S002,Chennai Marina,South,P010,Water Bottle,Sports,Fitness,4,699,15,2376.6,1283.36,1093.24,Wallet,Mobile App,Delivered,5,165,46,SELLER014,4,0
O001004,C0069,2025-01-12,S003,Mumbai West,West,P005,Bluetooth Speaker,Electronics,Audio,1,1899,20,1519.2,835.56,683.64,Net Banking,Store,Shipped,6,184,53,SELLER015,5,0
O001005,C0086,2025-04-25,S004,Delhi Select,North,P016,Bluetooth Keyboard,Electronics,Accessories,2,2799,0,5598,3134.88,2463.12,UPI,Web,Processing,,23,25,SELLER016,1,0
O001006,C0103,2025-07-11,S005,Hyderabad Hub,South,P011,Cotton Bedsheet,Home,Bedding,3,1599,5,4557.15,2597.58,1959.57,Credit Card,Mobile App,Returned,8,42,32,SELLER017,2,1
O001007,C0120,2025-10-24,S006,Pune Market,West,P006,Laptop Stand,Office,Accessories,4,1499,10,5396.4,3129.91,2266.49,Debit Card,Store,Cancelled,,61,39,SELLER018,3,0
O001008,C0137,2025-01-10,S001,Bengaluru Central,South,P001,Wireless Headphones,Electronics,Audio,1,2499,15,2124.15,1104.56,1019.59,Wallet,Web,Delivered,2,80,46,SELLER001,4,0
O001009,C0154,2025-04-23,S002,Chennai Marina,South,P012,Non-stick Pan,Home Appliances,Kitchen,2,2199,20,3518.4,1864.75,1653.65,Net Banking,Mobile App,Delivered,3,99,53,SELLER002,5,0
O001010,C0171,2025-07-09,S003,Mumbai West,West,P007,Desk Lamp,Home,Lighting,3,999,0,2997,1618.38,1378.62,UPI,Store,Delivered,4,118,25,SELLER003,1,0
O001011,C0188,2025-10-22,S004,Delhi Select,North,P002,Smart Watch,Electronics,Wearables,4,5999,5,22796.2,12537.91,10258.29,Credit Card,Web,Shipped,5,137,32,SELLER004,2,0
O001012,C0205,2025-01-08,S005,Hyderabad Hub,South,P013,USB-C Hub,Electronics,Accessories,1,2299,10,2069.1,1158.7,910.4,Debit Card,Mobile App,Processing,,156,39,SELLER005,3,0
O001013,C0222,2025-04-21,S006,Pune Market,West,P008,Yoga Mat,Sports,Fitness,2,1299,15,2208.3,1258.73,949.57,Wallet,Store,Returned,7,175,46,SELLER006,4,1
O001014,C0239,2025-07-07,S001,Bengaluru Central,South,P003,Coffee Maker,Home Appliances,Kitchen,3,3499,20,8397.6,4870.61,3526.99,Net Banking,Web,Cancelled,,14,53,SELLER007,5,0
O001015,C0006,2025-10-20,S002,Chennai Marina,South,P014,Office Chair,Office,Furniture,4,8999,0,35996,18717.92,17278.08,UPI,Mobile App,Delivered,9,33,25,SELLER008,1,0
O001016,C0023,2025-01-06,S003,Mumbai West,West,P009,Backpack,Fashion,Bags,1,1799,5,1709.05,905.8,803.25,Credit Card,Store,Delivered,2,52,32,SELLER009,2,0
O001017,C0040,2025-04-19,S004,Delhi Select,North,P004,Running Shoes,Fashion,Footwear,2,2999,10,5398.2,2915.03,2483.17,Debit Card,Web,Delivered,3,71,39,SELLER010,3,0
O001018,C0057,2025-07-05,S005,Hyderabad Hub,South,P015,Skincare Set,Beauty,Personal Care,3,2499,15,6372.45,3504.85,2867.6,Wallet,Mobile App,Shipped,4,90,46,SELLER011,4,0
O001019,C0074,2025-10-18,S006,Pune Market,West,P010,Water Bottle,Sports,Fitness,4,699,20,2236.8,1252.61,984.19,Net Banking,Store,Processing,,109,53,SELLER012,5,0
O001020,C0091,2025-01-04,S001,Bengaluru Central,South,P005,Bluetooth Speaker,Electronics,Audio,1,1899,0,1899,1082.43,816.57,UPI,Web,Returned,6,128,25,SELLER013,1,1
O001021,C0108,2025-04-17,S002,Chennai Marina,South,P016,Bluetooth Keyboard,Electronics,Accessories,2,2799,5,5318.1,3084.5,2233.6,Credit Card,Mobile App,Cancelled,,147,32,SELLER014,2,0
O001022,C0125,2025-07-03,S003,Mumbai West,West,P011,Cotton Bedsheet,Home,Bedding,3,1599,10,4317.3,2245,2072.3,Debit Card,Store,Delivered,8,166,39,SELLER015,3,0
O001023,C0142,2025-10-16,S004,Delhi Select,North,P006,Laptop Stand,Office,Accessories,4,1499,15,5096.6,2701.2,2395.4,Wallet,Web,Delivered,9,185,46,SELLER016,4,0
O001024,C0159,2025-01-02,S005,Hyderabad Hub,South,P001,Wireless Headphones,Electronics,Audio,1,2499,20,1999.2,1079.57,919.63,Net Banking,Mobile App,Delivered,2,24,53,SELLER017,5,0
O001025,C0176,2025-04-15,S006,Pune Market,West,P012,Non-stick Pan,Home Appliances,Kitchen,2,2199,0,4398,2418.9,1979.1,UPI,Store,Shipped,3,43,25,SELLER018,1,0
O001026,C0193,2025-07-01,S001,Bengaluru Central,South,P007,Desk Lamp,Home,Lighting,3,999,5,2847.15,1594.4,1252.75,Credit Card,Web,Processing,,62,32,SELLER001,2,0
O001027,C0210,2025-10-14,S002,Chennai Marina,South,P002,Smart Watch,Electronics,Wearables,4,5999,10,21596.4,12309.95,9286.45,Debit Card,Mobile App,Returned,5,81,39,SELLER002,3,1
O001028,C0227,2025-01-27,S003,Mumbai West,West,P013,USB-C Hub,Electronics,Accessories,1,2299,15,1954.15,1133.41,820.74,Wallet,Store,Cancelled,,100,46,SELLER003,4,0
O001029,C0244,2025-04-13,S004,Delhi Select,North,P008,Yoga Mat,Sports,Fitness,2,1299,20,2078.4,1080.77,997.63,Net Banking,Web,Delivered,7,119,53,SELLER004,5,0
O001030,C0011,2025-07-26,S005,Hyderabad Hub,South,P003,Coffee Maker,Home Appliances,Kitchen,3,3499,0,10497,5563.41,4933.59,UPI,Mobile App,Delivered,8,138,25,SELLER005,1,0
O001031,C0028,2025-10-12,S006,Pune Market,West,P014,Office Chair,Office,Furniture,4,8999,5,34196.2,18465.95,15730.25,Credit Card,Store,Delivered,9,157,32,SELLER006,2,0
O001032,C0045,2025-01-25,S001,Bengaluru Central,South,P009,Backpack,Fashion,Bags,1,1799,10,1619.1,890.5,728.6,Debit Card,Web,Shipped,2,176,39,SELLER007,3,0
O001033,C0062,2025-04-11,S002,Chennai Marina,South,P004,Running Shoes,Fashion,Footwear,2,2999,15,5098.3,2855.05,2243.25,Wallet,Mobile App,Processing,,15,46,SELLER008,4,0
O001034,C0079,2025-07-24,S003,Mumbai West,West,P015,Skincare Set,Beauty,Personal Care,3,2499,20,5997.6,3418.63,2578.97,Net Banking,Store,Returned,4,34,53,SELLER009,5,1
O001035,C0096,2025-10-10,S004,Delhi Select,North,P010,Water Bottle,Sports,Fitness,4,699,0,2796,1621.68,1174.32,UPI,Web,Cancelled,,53,25,SELLER010,1,0
O001036,C0113,2025-01-23,S005,Hyderabad Hub,South,P005,Bluetooth Speaker,Electronics,Audio,1,1899,5,1804.05,938.11,865.94,Credit Card,Mobile App,Delivered,6,72,32,SELLER011,2,0
O001037,C0130,2025-04-09,S006,Pune Market,West,P016,Bluetooth Keyboard,Electronics,Accessories,2,2799,10,5038.2,2670.25,2367.95,Debit Card,Store,Delivered,7,91,39,SELLER012,3,0
O001038,C0147,2025-07-22,S001,Bengaluru Central,South,P011,Cotton Bedsheet,Home,Bedding,3,1599,15,4077.45,2201.82,1875.63,Wallet,Web,Delivered,8,110,46,SELLER013,4,0
O001039,C0164,2025-10-08,S002,Chennai Marina,South,P006,Laptop Stand,Office,Accessories,4,1499,20,4796.8,2638.24,2158.56,Net Banking,Mobile App,Shipped,9,129,53,SELLER014,5,0
O001040,C0181,2025-01-21,S003,Mumbai West,West,P001,Wireless Headphones,Electronics,Audio,1,2499,0,2499,1399.44,1099.56,UPI,Store,Processing,,148,25,SELLER015,1,0
O001041,C0198,2025-04-07,S004,Delhi Select,North,P012,Non-stick Pan,Home Appliances,Kitchen,2,2199,5,4178.1,2381.52,1796.58,Credit Card,Web,Returned,3,167,32,SELLER016,2,1
O001042,C0215,2025-07-20,S005,Hyderabad Hub,South,P007,Desk Lamp,Home,Lighting,3,999,10,2697.3,1564.43,1132.87,Debit Card,Mobile App,Cancelled,,186,39,SELLER017,3,0
O001043,C0232,2025-10-06,S006,Pune Market,West,P002,Smart Watch,Electronics,Wearables,4,5999,15,20396.6,10606.23,9790.37,Wallet,Store,Delivered,5,25,46,SELLER018,4,0
O001044,C0249,2025-01-19,S001,Bengaluru Central,South,P013,USB-C Hub,Electronics,Accessories,1,2299,20,1839.2,974.78,864.42,Net Banking,Web,Delivered,6,44,53,SELLER001,5,0
O001045,C0016,2025-04-05,S002,Chennai Marina,South,P008,Yoga Mat,Sports,Fitness,2,1299,0,2598,1402.92,1195.08,UPI,Mobile App,Delivered,7,63,25,SELLER002,1,0
O001046,C0033,2025-07-18,S003,Mumbai West,West,P003,Coffee Maker,Home Appliances,Kitchen,3,3499,5,9972.15,5484.68,4487.47,Credit Card,Store,Shipped,8,82,32,SELLER003,2,0
O001047,C0050,2025-10-04,S004,Delhi Select,North,P014,Office Chair,Office,Furniture,4,8999,10,32396.4,18141.98,14254.42,Debit Card,Web,Processing,,101,39,SELLER004,3,0
O001048,C0067,2025-01-17,S005,Hyderabad Hub,South,P009,Backpack,Fashion,Bags,1,1799,15,1529.15,871.62,657.53,Wallet,Mobile App,Returned,2,120,46,SELLER005,4,1
O001049,C0084,2025-04-03,S006,Pune Market,West,P004,Running Shoes,Fashion,Footwear,2,2999,20,4798.4,2783.07,2015.33,Net Banking,Store,Cancelled,,139,53,SELLER006,5,0
O001050,C0101,2025-07-16,S001,Bengaluru Central,South,P015,Skincare Set,Beauty,Personal Care,3,2499,0,7497,3898.44,3598.56,UPI,Web,Delivered,4,158,25,SELLER007,1,0
O001051,C0118,2025-10-02,S002,Chennai Marina,South,P010,Water Bottle,Sports,Fitness,4,699,5,2656.2,1407.79,1248.41,Credit Card,Mobile App,Delivered,5,177,32,SELLER008,2,0
O001052,C0135,2025-01-15,S003,Mumbai West,West,P005,Bluetooth Speaker,Electronics,Audio,1,1899,10,1709.1,922.91,786.19,Debit Card,Store,Delivered,6,16,39,SELLER009,3,0
O001053,C0152,2025-04-01,S004,Delhi Select,North,P016,Bluetooth Keyboard,Electronics,Accessories,2,2799,15,4758.3,2617.07,2141.23,Wallet,Web,Shipped,7,35,46,SELLER010,4,0
O001054,C0169,2025-07-14,S005,Hyderabad Hub,South,P011,Cotton Bedsheet,Home,Bedding,3,1599,20,3837.6,2149.06,1688.54,Net Banking,Mobile App,Processing,,54,53,SELLER011,5,0
O001055,C0186,2025-10-27,S006,Pune Market,West,P006,Laptop Stand,Office,Accessories,4,1499,0,5996,3417.72,2578.28,UPI,Store,Returned,9,73,25,SELLER012,1,1
O001056,C0203,2025-01-13,S001,Bengaluru Central,South,P001,Wireless Headphones,Electronics,Audio,1,2499,5,2374.05,1376.95,997.1,Credit Card,Web,Cancelled,,92,32,SELLER013,2,0
O001057,C0220,2025-04-26,S002,Chennai Marina,South,P012,Non-stick Pan,Home Appliances,Kitchen,2,2199,10,3958.2,2058.26,1899.94,Debit Card,Mobile App,Delivered,3,111,39,SELLER014,3,0
O001058,C0237,2025-07-12,S003,Mumbai West,West,P007,Desk Lamp,Home,Lighting,3,999,15,2547.45,1350.15,1197.3,Wallet,Store,Delivered,4,130,46,SELLER015,4,0
O001059,C0004,2025-10-25,S004,Delhi Select,North,P002,Smart Watch,Electronics,Wearables,4,5999,20,19196.8,10366.27,8830.53,Net Banking,Web,Delivered,5,149,53,SELLER016,5,0
O001060,C0021,2025-01-11,S005,Hyderabad Hub,South,P013,USB-C Hub,Electronics,Accessories,1,2299,0,2299,1264.45,1034.55,UPI,Mobile App,Shipped,6,168,25,SELLER017,1,0
O001061,C0038,2025-04-24,S006,Pune Market,West,P008,Yoga Mat,Sports,Fitness,2,1299,5,2468.1,1382.14,1085.96,Credit Card,Store,Processing,,187,32,SELLER018,2,0
O001062,C0055,2025-07-10,S001,Bengaluru Central,South,P003,Coffee Maker,Home Appliances,Kitchen,3,3499,10,9447.3,5384.96,4062.34,Debit Card,Web,Returned,8,26,39,SELLER001,3,1
O001063,C0072,2025-10-23,S002,Chennai Marina,South,P014,Office Chair,Office,Furniture,4,8999,15,30596.6,17746.03,12850.57,Wallet,Mobile App,Cancelled,,45,46,SELLER002,4,0
O001064,C0089,2025-01-09,S003,Mumbai West,West,P009,Backpack,Fashion,Bags,1,1799,20,1439.2,748.38,690.82,Net Banking,Store,Delivered,2,64,53,SELLER003,5,0
O001065,C0106,2025-04-22,S004,Delhi Select,North,P004,Running Shoes,Fashion,Footwear,2,2999,0,5998,3178.94,2819.06,UPI,Web,Delivered,3,83,25,SELLER004,1,0
O001066,C0123,2025-07-08,S005,Hyderabad Hub,South,P015,Skincare Set,Beauty,Personal Care,3,2499,5,7122.15,3845.96,3276.19,Credit Card,Mobile App,Delivered,4,102,32,SELLER005,2,0
O001067,C0140,2025-10-21,S006,Pune Market,West,P010,Water Bottle,Sports,Fitness,4,699,10,2516.4,1384.02,1132.38,Debit Card,Store,Shipped,5,121,39,SELLER006,3,0
O001068,C0157,2025-01-07,S001,Bengaluru Central,South,P005,Bluetooth Speaker,Electronics,Audio,1,1899,15,1614.15,903.92,710.23,Wallet,Web,Processing,,140,46,SELLER007,4,0
O001069,C0174,2025-04-20,S002,Chennai Marina,South,P016,Bluetooth Keyboard,Electronics,Accessories,2,2799,20,4478.4,2552.69,1925.71,Net Banking,Mobile App,Returned,7,159,53,SELLER008,5,1
O001070,C0191,2025-07-06,S003,Mumbai West,West,P011,Cotton Bedsheet,Home,Bedding,3,1599,0,4797,2782.26,2014.74,UPI,Store,Cancelled,,178,25,SELLER009,1,0
O001071,C0208,2025-10-19,S004,Delhi Select,North,P006,Laptop Stand,Office,Accessories,4,1499,5,5696.2,2962.02,2734.18,Credit Card,Web,Delivered,9,17,32,SELLER010,2,0
O001072,C0225,2025-01-05,S005,Hyderabad Hub,South,P001,Wireless Headphones,Electronics,Audio,1,2499,10,2249.1,1192.02,1057.08,Debit Card,Mobile App,Delivered,2,36,39,SELLER011,3,0
O001073,C0242,2025-04-18,S006,Pune Market,West,P012,Non-stick Pan,Home Appliances,Kitchen,2,2199,15,3738.3,2018.68,1719.62,Wallet,Store,Delivered,3,55,46,SELLER012,4,0
O001074,C0009,2025-07-04,S001,Bengaluru Central,South,P007,Desk Lamp,Home,Lighting,3,999,20,2397.6,1318.68,1078.92,Net Banking,Web,Shipped,4,74,53,SELLER013,5,0
O001075,C0026,2025-10-17,S002,Chennai Marina,South,P002,Smart Watch,Electronics,Wearables,4,5999,0,23996,13437.76,10558.24,UPI,Mobile App,Processing,,93,25,SELLER014,1,0
O001076,C0043,2025-01-03,S003,Mumbai West,West,P013,USB-C Hub,Electronics,Accessories,1,2299,5,2184.05,1244.91,939.14,Credit Card,Store,Returned,6,112,32,SELLER015,2,1
O001077,C0060,2025-04-16,S004,Delhi Select,North,P008,Yoga Mat,Sports,Fitness,2,1299,10,2338.2,1356.16,982.04,Debit Card,Web,Cancelled,,131,39,SELLER016,3,0
O001078,C0077,2025-07-02,S005,Hyderabad Hub,South,P003,Coffee Maker,Home Appliances,Kitchen,3,3499,15,8922.45,4639.67,4282.78,Wallet,Mobile App,Delivered,8,150,46,SELLER017,4,0
O001079,C0094,2025-10-15,S006,Pune Market,West,P014,Office Chair,Office,Furniture,4,8999,20,28796.8,15262.3,13534.5,Net Banking,Store,Delivered,9,169,53,SELLER018,5,0
O001080,C0111,2025-01-01,S001,Bengaluru Central,South,P009,Backpack,Fashion,Bags,1,1799,0,1799,971.46,827.54,UPI,Web,Delivered,2,8,25,SELLER001,1,0
O001081,C0128,2025-04-14,S002,Chennai Marina,South,P004,Running Shoes,Fashion,Footwear,2,2999,5,5698.1,3133.96,2564.14,Credit Card,Mobile App,Shipped,3,27,32,SELLER002,2,0
O001082,C0145,2025-07-27,S003,Mumbai West,West,P015,Skincare Set,Beauty,Personal Care,3,2499,10,6747.3,3778.49,2968.81,Debit Card,Store,Processing,,46,39,SELLER003,3,0
O001083,C0162,2025-10-13,S004,Delhi Select,North,P010,Water Bottle,Sports,Fitness,4,699,15,2376.6,1354.66,1021.94,Wallet,Web,Returned,5,65,46,SELLER004,4,1
O001084,C0179,2025-01-26,S005,Hyderabad Hub,South,P005,Bluetooth Speaker,Electronics,Audio,1,1899,20,1519.2,881.14,638.06,Net Banking,Mobile App,Cancelled,,84,53,SELLER005,5,0
O001085,C0196,2025-04-12,S006,Pune Market,West,P016,Bluetooth Keyboard,Electronics,Accessories,2,2799,0,5598,2910.96,2687.04,UPI,Store,Delivered,7,103,25,SELLER006,1,0
O001086,C0213,2025-07-25,S001,Bengaluru Central,South,P011,Cotton Bedsheet,Home,Bedding,3,1599,5,4557.15,2415.29,2141.86,Credit Card,Web,Delivered,8,122,32,SELLER007,2,0
O001087,C0230,2025-10-11,S002,Chennai Marina,South,P006,Laptop Stand,Office,Accessories,4,1499,10,5396.4,2914.06,2482.34,Debit Card,Mobile App,Delivered,9,141,39,SELLER008,3,0
O001088,C0247,2025-01-24,S003,Mumbai West,West,P001,Wireless Headphones,Electronics,Audio,1,2499,15,2124.15,1168.28,955.87,Wallet,Store,Shipped,2,160,46,SELLER009,4,0
O001089,C0014,2025-04-10,S004,Delhi Select,North,P012,Non-stick Pan,Home Appliances,Kitchen,2,2199,20,3518.4,1970.3,1548.1,Net Banking,Web,Processing,,179,53,SELLER010,5,0
O001090,C0031,2025-07-23,S005,Hyderabad Hub,South,P007,Desk Lamp,Home,Lighting,3,999,0,2997,1708.29,1288.71,UPI,Mobile App,Returned,4,18,25,SELLER011,1,1
O001091,C0048,2025-10-09,S006,Pune Market,West,P002,Smart Watch,Electronics,Wearables,4,5999,5,22796.2,13221.8,9574.4,Credit Card,Store,Cancelled,,37,32,SELLER012,2,0
O001092,C0065,2025-01-22,S001,Bengaluru Central,South,P013,USB-C Hub,Electronics,Accessories,1,2299,10,2069.1,1075.93,993.17,Debit Card,Web,Delivered,6,56,39,SELLER013,3,0
O001093,C0082,2025-04-08,S002,Chennai Marina,South,P008,Yoga Mat,Sports,Fitness,2,1299,15,2208.3,1170.4,1037.9,Wallet,Mobile App,Delivered,7,75,46,SELLER014,4,0
O001094,C0099,2025-07-21,S003,Mumbai West,West,P003,Coffee Maker,Home Appliances,Kitchen,3,3499,20,8397.6,4534.7,3862.9,Net Banking,Store,Delivered,8,94,53,SELLER015,5,0
O001095,C0116,2025-10-07,S004,Delhi Select,North,P014,Office Chair,Office,Furniture,4,8999,0,35996,19797.8,16198.2,UPI,Web,Shipped,9,113,25,SELLER016,1,0
O001096,C0133,2025-01-20,S005,Hyderabad Hub,South,P009,Backpack,Fashion,Bags,1,1799,5,1709.05,957.07,751.98,Credit Card,Mobile App,Processing,,132,32,SELLER017,2,0
O001097,C0150,2025-04-06,S006,Pune Market,West,P004,Running Shoes,Fashion,Footwear,2,2999,10,5398.2,3076.97,2321.23,Debit Card,Store,Returned,3,151,39,SELLER018,3,1
O001098,C0167,2025-07-19,S001,Bengaluru Central,South,P015,Skincare Set,Beauty,Personal Care,3,2499,15,6372.45,3696.02,2676.43,Wallet,Web,Cancelled,,170,46,SELLER001,4,0
O001099,C0184,2025-10-05,S002,Chennai Marina,South,P010,Water Bottle,Sports,Fitness,4,699,20,2236.8,1163.14,1073.66,Net Banking,Mobile App,Delivered,5,9,53,SELLER002,5,0
O001100,C0201,2025-01-18,S003,Mumbai West,West,P005,Bluetooth Speaker,Electronics,Audio,1,1899,0,1899,1006.47,892.53,UPI,Store,Delivered,6,28,25,SELLER003,1,0
O001101,C0218,2025-04-04,S004,Delhi Select,North,P016,Bluetooth Keyboard,Electronics,Accessories,2,2799,5,5318.1,2871.77,2446.33,Credit Card,Web,Delivered,7,47,32,SELLER004,2,0
O001102,C0235,2025-07-17,S005,Hyderabad Hub,South,P011,Cotton Bedsheet,Home,Bedding,3,1599,10,4317.3,2374.52,1942.78,Debit Card,Mobile App,Shipped,8,66,39,SELLER005,3,0
O001103,C0002,2025-10-03,S006,Pune Market,West,P006,Laptop Stand,Office,Accessories,4,1499,15,5096.6,2854.1,2242.5,Wallet,Store,Processing,,85,46,SELLER006,4,0
O001104,C0019,2025-01-16,S001,Bengaluru Central,South,P001,Wireless Headphones,Electronics,Audio,1,2499,20,1999.2,1139.54,859.66,Net Banking,Web,Returned,2,104,53,SELLER007,5,1
O001105,C0036,2025-04-02,S002,Chennai Marina,South,P012,Non-stick Pan,Home Appliances,Kitchen,2,2199,0,4398,2550.84,1847.16,UPI,Mobile App,Cancelled,,123,25,SELLER008,1,0
O001106,C0053,2025-07-15,S003,Mumbai West,West,P007,Desk Lamp,Home,Lighting,3,999,5,2847.15,1480.52,1366.63,Credit Card,Store,Delivered,4,142,32,SELLER009,2,0
O001107,C0070,2025-10-01,S004,Delhi Select,North,P002,Smart Watch,Electronics,Wearables,4,5999,10,21596.4,11446.09,10150.31,Debit Card,Web,Delivered,5,161,39,SELLER010,3,0
O001108,C0087,2025-01-14,S005,Hyderabad Hub,South,P013,USB-C Hub,Electronics,Accessories,1,2299,15,1954.15,1055.24,898.91,Wallet,Mobile App,Delivered,6,180,46,SELLER011,4,0
O001109,C0104,2025-04-27,S006,Pune Market,West,P008,Yoga Mat,Sports,Fitness,2,1299,20,2078.4,1143.12,935.28,Net Banking,Store,Shipped,7,19,53,SELLER012,5,0
O001110,C0121,2025-07-13,S001,Bengaluru Central,South,P003,Coffee Maker,Home Appliances,Kitchen,3,3499,0,10497,5878.32,4618.68,UPI,Web,Processing,,38,25,SELLER013,1,0
O001111,C0138,2025-10-26,S002,Chennai Marina,South,P014,Office Chair,Office,Furniture,4,8999,5,34196.2,19491.83,14704.37,Credit Card,Mobile App,Returned,9,57,32,SELLER014,2,1
O001112,C0155,2025-01-12,S003,Mumbai West,West,P009,Backpack,Fashion,Bags,1,1799,10,1619.1,939.08,680.02,Debit Card,Store,Cancelled,,76,39,SELLER015,3,0
O001113,C0172,2025-04-25,S004,Delhi Select,North,P004,Running Shoes,Fashion,Footwear,2,2999,15,5098.3,2651.12,2447.18,Wallet,Web,Delivered,3,95,46,SELLER016,4,0
O001114,C0189,2025-07-11,S005,Hyderabad Hub,South,P015,Skincare Set,Beauty,Personal Care,3,2499,20,5997.6,3178.73,2818.87,Net Banking,Mobile App,Delivered,4,114,53,SELLER017,5,0
O001115,C0206,2025-10-24,S006,Pune Market,West,P010,Water Bottle,Sports,Fitness,4,699,0,2796,1509.84,1286.16,UPI,Store,Delivered,5,133,25,SELLER018,1,0
O001116,C0223,2025-01-10,S001,Bengaluru Central,South,P005,Bluetooth Speaker,Electronics,Audio,1,1899,5,1804.05,992.23,811.82,Credit Card,Web,Shipped,6,152,32,SELLER001,2,0
O001117,C0240,2025-04-23,S002,Chennai Marina,South,P016,Bluetooth Keyboard,Electronics,Accessories,2,2799,10,5038.2,2821.39,2216.81,Debit Card,Mobile App,Processing,,171,39,SELLER002,3,0
O001118,C0007,2025-07-09,S003,Mumbai West,West,P011,Cotton Bedsheet,Home,Bedding,3,1599,15,4077.45,2324.15,1753.3,Wallet,Store,Returned,8,10,46,SELLER003,4,1
O001119,C0024,2025-10-22,S004,Delhi Select,North,P006,Laptop Stand,Office,Accessories,4,1499,20,4796.8,2782.14,2014.66,Net Banking,Web,Cancelled,,29,53,SELLER004,5,0
O001120,C0041,2025-01-08,S005,Hyderabad Hub,South,P001,Wireless Headphones,Electronics,Audio,1,2499,0,2499,1299.48,1199.52,UPI,Mobile App,Delivered,2,48,25,SELLER005,1,0
O001121,C0058,2025-04-21,S006,Pune Market,West,P012,Non-stick Pan,Home Appliances,Kitchen,2,2199,5,4178.1,2214.39,1963.71,Credit Card,Store,Delivered,3,67,32,SELLER006,2,0
O001122,C0075,2025-07-07,S001,Bengaluru Central,South,P007,Desk Lamp,Home,Lighting,3,999,10,2697.3,1456.54,1240.76,Debit Card,Web,Delivered,4,86,39,SELLER007,3,0
O001123,C0092,2025-10-20,S002,Chennai Marina,South,P002,Smart Watch,Electronics,Wearables,4,5999,15,20396.6,11218.13,9178.47,Wallet,Mobile App,Shipped,5,105,46,SELLER008,4,0
O001124,C0109,2025-01-06,S003,Mumbai West,West,P013,USB-C Hub,Electronics,Accessories,1,2299,20,1839.2,1029.95,809.25,Net Banking,Store,Processing,,124,53,SELLER009,5,0
O001125,C0126,2025-04-19,S004,Delhi Select,North,P008,Yoga Mat,Sports,Fitness,2,1299,0,2598,1480.86,1117.14,UPI,Web,Returned,7,143,25,SELLER010,1,1
O001126,C0143,2025-07-05,S005,Hyderabad Hub,South,P003,Coffee Maker,Home Appliances,Kitchen,3,3499,5,9972.15,5783.85,4188.3,Credit Card,Mobile App,Cancelled,,162,32,SELLER011,2,0
O001127,C0160,2025-10-18,S006,Pune Market,West,P014,Office Chair,Office,Furniture,4,8999,10,32396.4,16846.13,15550.27,Debit Card,Store,Delivered,9,181,39,SELLER012,3,0
O001128,C0177,2025-01-04,S001,Bengaluru Central,South,P009,Backpack,Fashion,Bags,1,1799,15,1529.15,810.45,718.7,Wallet,Web,Delivered,2,20,46,SELLER013,4,0
O001129,C0194,2025-04-17,S002,Chennai Marina,South,P004,Running Shoes,Fashion,Footwear,2,2999,20,4798.4,2591.14,2207.26,Net Banking,Mobile App,Delivered,3,39,53,SELLER014,5,0
O001130,C0211,2025-07-03,S003,Mumbai West,West,P015,Skincare Set,Beauty,Personal Care,3,2499,0,7497,4123.35,3373.65,UPI,Store,Shipped,4,58,25,SELLER015,1,0
O001131,C0228,2025-10-16,S004,Delhi Select,North,P010,Water Bottle,Sports,Fitness,4,699,5,2656.2,1487.47,1168.73,Credit Card,Web,Processing,,77,32,SELLER016,2,0
O001132,C0245,2025-01-02,S005,Hyderabad Hub,South,P005,Bluetooth Speaker,Electronics,Audio,1,1899,10,1709.1,974.19,734.91,Debit Card,Mobile App,Returned,6,96,39,SELLER017,3,1
O001133,C0012,2025-04-15,S006,Pune Market,West,P016,Bluetooth Keyboard,Electronics,Accessories,2,2799,15,4758.3,2759.81,1998.49,Wallet,Store,Cancelled,,115,46,SELLER018,4,0
O001134,C0029,2025-07-01,S001,Bengaluru Central,South,P011,Cotton Bedsheet,Home,Bedding,3,1599,20,3837.6,1995.55,1842.05,Net Banking,Web,Delivered,8,134,53,SELLER001,5,0
O001135,C0046,2025-10-14,S002,Chennai Marina,South,P006,Laptop Stand,Office,Accessories,4,1499,0,5996,3177.88,2818.12,UPI,Mobile App,Delivered,9,153,25,SELLER002,1,0
O001136,C0063,2025-01-27,S003,Mumbai West,West,P001,Wireless Headphones,Electronics,Audio,1,2499,5,2374.05,1281.99,1092.06,Credit Card,Store,Delivered,2,172,32,SELLER003,2,0
O001137,C0080,2025-04-13,S004,Delhi Select,North,P012,Non-stick Pan,Home Appliances,Kitchen,2,2199,10,3958.2,2177.01,1781.19,Debit Card,Web,Shipped,3,11,39,SELLER004,3,0
O001138,C0097,2025-07-26,S005,Hyderabad Hub,South,P007,Desk Lamp,Home,Lighting,3,999,15,2547.45,1426.57,1120.88,Wallet,Mobile App,Processing,,30,46,SELLER005,4,0
O001139,C0114,2025-10-12,S006,Pune Market,West,P002,Smart Watch,Electronics,Wearables,4,5999,20,19196.8,10942.18,8254.62,Net Banking,Store,Returned,5,49,53,SELLER006,5,1
O001140,C0131,2025-01-25,S001,Bengaluru Central,South,P013,USB-C Hub,Electronics,Accessories,1,2299,0,2299,1333.42,965.58,UPI,Web,Cancelled,,68,25,SELLER007,1,0
O001141,C0148,2025-04-11,S002,Chennai Marina,South,P008,Yoga Mat,Sports,Fitness,2,1299,5,2468.1,1283.41,1184.69,Credit Card,Mobile App,Delivered,7,87,32,SELLER008,2,0
O001142,C0165,2025-07-24,S003,Mumbai West,West,P003,Coffee Maker,Home Appliances,Kitchen,3,3499,10,9447.3,5007.07,4440.23,Debit Card,Store,Delivered,8,106,39,SELLER009,3,0
O001143,C0182,2025-10-10,S004,Delhi Select,North,P014,Office Chair,Office,Furniture,4,8999,15,30596.6,16522.16,14074.44,Wallet,Web,Delivered,9,125,46,SELLER010,4,0
O001144,C0199,2025-01-23,S005,Hyderabad Hub,South,P009,Backpack,Fashion,Bags,1,1799,20,1439.2,791.56,647.64,Net Banking,Mobile App,Shipped,2,144,53,SELLER011,5,0
O001145,C0216,2025-04-09,S006,Pune Market,West,P004,Running Shoes,Fashion,Footwear,2,2999,0,5998,3358.88,2639.12,UPI,Store,Processing,,163,25,SELLER012,1,0
O001146,C0233,2025-07-22,S001,Bengaluru Central,South,P015,Skincare Set,Beauty,Personal Care,3,2499,5,7122.15,4059.63,3062.52,Credit Card,Web,Returned,4,182,32,SELLER013,2,1
O001147,C0250,2025-10-08,S002,Chennai Marina,South,P010,Water Bottle,Sports,Fitness,4,699,10,2516.4,1459.51,1056.89,Debit Card,Mobile App,Cancelled,,21,39,SELLER014,3,0
O001148,C0017,2025-01-21,S003,Mumbai West,West,P005,Bluetooth Speaker,Electronics,Audio,1,1899,15,1614.15,839.36,774.79,Wallet,Store,Delivered,6,40,46,SELLER015,4,0
O001149,C0034,2025-04-07,S004,Delhi Select,North,P016,Bluetooth Keyboard,Electronics,Accessories,2,2799,20,4478.4,2373.55,2104.85,Net Banking,Web,Delivered,7,59,53,SELLER016,5,0
O001150,C0051,2025-07-20,S005,Hyderabad Hub,South,P011,Cotton Bedsheet,Home,Bedding,3,1599,0,4797,2590.38,2206.62,UPI,Mobile App,Delivered,8,78,25,SELLER017,1,0
O001151,C0068,2025-10-06,S006,Pune Market,West,P006,Laptop Stand,Office,Accessories,4,1499,5,5696.2,3132.91,2563.29,Credit Card,Store,Shipped,9,97,32,SELLER018,2,0
O001152,C0085,2025-01-19,S001,Bengaluru Central,South,P001,Wireless Headphones,Electronics,Audio,1,2499,10,2249.1,1259.5,989.6,Debit Card,Web,Processing,,116,39,SELLER001,3,0
O001153,C0102,2025-04-05,S002,Chennai Marina,South,P012,Non-stick Pan,Home Appliances,Kitchen,2,2199,15,3738.3,2130.83,1607.47,Wallet,Mobile App,Returned,3,135,46,SELLER002,4,1
O001154,C0119,2025-07-18,S003,Mumbai West,West,P007,Desk Lamp,Home,Lighting,3,999,20,2397.6,1390.61,1006.99,Net Banking,Store,Cancelled,,154,53,SELLER003,5,0
O001155,C0136,2025-10-04,S004,Delhi Select,North,P002,Smart Watch,Electronics,Wearables,4,5999,0,23996,12477.92,11518.08,UPI,Web,Delivered,5,173,25,SELLER004,1,0
O001156,C0153,2025-01-17,S005,Hyderabad Hub,South,P013,USB-C Hub,Electronics,Accessories,1,2299,5,2184.05,1157.55,1026.5,Credit Card,Mobile App,Delivered,6,12,32,SELLER005,2,0
O001157,C0170,2025-04-03,S006,Pune Market,West,P008,Yoga Mat,Sports,Fitness,2,1299,10,2338.2,1262.63,1075.57,Debit Card,Store,Delivered,7,31,39,SELLER006,3,0
O001158,C0187,2025-07-16,S001,Bengaluru Central,South,P003,Coffee Maker,Home Appliances,Kitchen,3,3499,15,8922.45,4907.35,4015.1,Wallet,Web,Shipped,8,50,46,SELLER007,4,0
O001159,C0204,2025-10-02,S002,Chennai Marina,South,P014,Office Chair,Office,Furniture,4,8999,20,28796.8,16126.21,12670.59,Net Banking,Mobile App,Processing,,69,53,SELLER008,5,0
O001160,C0221,2025-01-15,S003,Mumbai West,West,P009,Backpack,Fashion,Bags,1,1799,0,1799,1025.43,773.57,UPI,Store,Returned,2,88,25,SELLER009,1,1
O001161,C0238,2025-04-01,S004,Delhi Select,North,P004,Running Shoes,Fashion,Footwear,2,2999,5,5698.1,3304.9,2393.2,Credit Card,Web,Cancelled,,107,32,SELLER010,2,0
O001162,C0005,2025-07-14,S005,Hyderabad Hub,South,P015,Skincare Set,Beauty,Personal Care,3,2499,10,6747.3,3508.6,3238.7,Debit Card,Mobile App,Delivered,4,126,39,SELLER011,3,0
O001163,C0022,2025-10-27,S006,Pune Market,West,P010,Water Bottle,Sports,Fitness,4,699,15,2376.6,1259.6,1117,Wallet,Store,Delivered,5,145,46,SELLER012,4,0
O001164,C0039,2025-01-13,S001,Bengaluru Central,South,P005,Bluetooth Speaker,Electronics,Audio,1,1899,20,1519.2,820.37,698.83,Net Banking,Web,Delivered,6,164,53,SELLER013,5,0
O001165,C0056,2025-04-26,S002,Chennai Marina,South,P016,Bluetooth Keyboard,Electronics,Accessories,2,2799,0,5598,3078.9,2519.1,UPI,Mobile App,Shipped,7,183,25,SELLER014,1,0
O001166,C0073,2025-07-12,S003,Mumbai West,West,P011,Cotton Bedsheet,Home,Bedding,3,1599,5,4557.15,2552,2005.15,Credit Card,Store,Processing,,22,32,SELLER015,2,0
O001167,C0090,2025-10-25,S004,Delhi Select,North,P006,Laptop Stand,Office,Accessories,4,1499,10,5396.4,3075.95,2320.45,Debit Card,Web,Returned,9,41,39,SELLER016,3,1
O001168,C0107,2025-01-11,S005,Hyderabad Hub,South,P001,Wireless Headphones,Electronics,Audio,1,2499,15,2124.15,1232.01,892.14,Wallet,Mobile App,Cancelled,,60,46,SELLER017,4,0
O001169,C0124,2025-04-24,S006,Pune Market,West,P012,Non-stick Pan,Home Appliances,Kitchen,2,2199,20,3518.4,1829.57,1688.83,Net Banking,Store,Delivered,3,79,53,SELLER018,5,0
O001170,C0141,2025-07-10,S001,Bengaluru Central,South,P007,Desk Lamp,Home,Lighting,3,999,0,2997,1588.41,1408.59,UPI,Web,Delivered,4,98,25,SELLER001,1,0
O001171,C0158,2025-10-23,S002,Chennai Marina,South,P002,Smart Watch,Electronics,Wearables,4,5999,5,22796.2,12309.95,10486.25,Credit Card,Mobile App,Delivered,5,117,32,SELLER002,2,0
O001172,C0175,2025-01-09,S003,Mumbai West,West,P013,USB-C Hub,Electronics,Accessories,1,2299,10,2069.1,1138.01,931.09,Debit Card,Store,Shipped,6,136,39,SELLER003,3,0
O001173,C0192,2025-04-22,S004,Delhi Select,North,P008,Yoga Mat,Sports,Fitness,2,1299,15,2208.3,1236.65,971.65,Wallet,Web,Processing,,155,46,SELLER004,4,0
O001174,C0209,2025-07-08,S005,Hyderabad Hub,South,P003,Coffee Maker,Home Appliances,Kitchen,3,3499,20,8397.6,4786.63,3610.97,Net Banking,Mobile App,Returned,8,174,53,SELLER005,5,1
O001175,C0226,2025-10-21,S006,Pune Market,West,P014,Office Chair,Office,Furniture,4,8999,0,35996,20877.68,15118.32,UPI,Store,Cancelled,,13,25,SELLER006,1,0
O001176,C0243,2025-01-07,S001,Bengaluru Central,South,P009,Backpack,Fashion,Bags,1,1799,5,1709.05,888.71,820.34,Credit Card,Web,Delivered,2,32,32,SELLER007,2,0
O001177,C0010,2025-04-20,S002,Chennai Marina,South,P004,Running Shoes,Fashion,Footwear,2,2999,10,5398.2,2861.05,2537.15,Debit Card,Mobile App,Delivered,3,51,39,SELLER008,3,0
O001178,C0027,2025-07-06,S003,Mumbai West,West,P015,Skincare Set,Beauty,Personal Care,3,2499,15,6372.45,3441.12,2931.33,Wallet,Store,Delivered,4,70,46,SELLER009,4,0
O001179,C0044,2025-10-19,S004,Delhi Select,North,P010,Water Bottle,Sports,Fitness,4,699,20,2236.8,1230.24,1006.56,Net Banking,Web,Shipped,5,89,53,SELLER010,5,0
O001180,C0061,2025-01-05,S005,Hyderabad Hub,South,P005,Bluetooth Speaker,Electronics,Audio,1,1899,0,1899,1063.44,835.56,UPI,Mobile App,Processing,,108,25,SELLER011,1,0
O001181,C0078,2025-04-18,S006,Pune Market,West,P016,Bluetooth Keyboard,Electronics,Accessories,2,2799,5,5318.1,3031.32,2286.78,Credit Card,Store,Returned,7,127,32,SELLER012,2,1
O001182,C0095,2025-07-04,S001,Bengaluru Central,South,P011,Cotton Bedsheet,Home,Bedding,3,1599,10,4317.3,2504.03,1813.27,Debit Card,Web,Cancelled,,146,39,SELLER013,3,0
O001183,C0112,2025-10-17,S002,Chennai Marina,South,P006,Laptop Stand,Office,Accessories,4,1499,15,5096.6,2650.23,2446.37,Wallet,Mobile App,Delivered,9,165,46,SELLER014,4,0
O001184,C0129,2025-01-03,S003,Mumbai West,West,P001,Wireless Headphones,Electronics,Audio,1,2499,20,1999.2,1059.58,939.62,Net Banking,Store,Delivered,2,184,53,SELLER015,5,0
O001185,C0146,2025-04-16,S004,Delhi Select,North,P012,Non-stick Pan,Home Appliances,Kitchen,2,2199,0,4398,2374.92,2023.08,UPI,Web,Delivered,3,23,25,SELLER016,1,0
O001186,C0163,2025-07-02,S005,Hyderabad Hub,South,P007,Desk Lamp,Home,Lighting,3,999,5,2847.15,1565.93,1281.22,Credit Card,Mobile App,Shipped,4,42,32,SELLER017,2,0
O001187,C0180,2025-10-15,S006,Pune Market,West,P002,Smart Watch,Electronics,Wearables,4,5999,10,21596.4,12093.98,9502.42,Debit Card,Store,Processing,,61,39,SELLER018,3,0
O001188,C0197,2025-01-01,S001,Bengaluru Central,South,P013,USB-C Hub,Electronics,Accessories,1,2299,15,1954.15,1113.87,840.28,Wallet,Web,Returned,6,80,46,SELLER001,4,1
O001189,C0214,2025-04-14,S002,Chennai Marina,South,P008,Yoga Mat,Sports,Fitness,2,1299,20,2078.4,1205.47,872.93,Net Banking,Mobile App,Cancelled,,99,53,SELLER002,5,0
O001190,C0231,2025-07-27,S003,Mumbai West,West,P003,Coffee Maker,Home Appliances,Kitchen,3,3499,0,10497,5458.44,5038.56,UPI,Store,Delivered,8,118,25,SELLER003,1,0
O001191,C0248,2025-10-13,S004,Delhi Select,North,P014,Office Chair,Office,Furniture,4,8999,5,34196.2,18123.99,16072.21,Credit Card,Web,Delivered,9,137,32,SELLER004,2,0
O001192,C0015,2025-01-26,S005,Hyderabad Hub,South,P009,Backpack,Fashion,Bags,1,1799,10,1619.1,874.31,744.79,Debit Card,Mobile App,Delivered,2,156,39,SELLER005,3,0
O001193,C0032,2025-04-12,S006,Pune Market,West,P004,Running Shoes,Fashion,Footwear,2,2999,15,5098.3,2804.07,2294.23,Wallet,Store,Shipped,3,175,46,SELLER006,4,0
O001194,C0049,2025-07-25,S001,Bengaluru Central,South,P015,Skincare Set,Beauty,Personal Care,3,2499,20,5997.6,3358.66,2638.94,Net Banking,Web,Processing,,14,53,SELLER007,5,0
O001195,C0066,2025-10-11,S002,Chennai Marina,South,P010,Water Bottle,Sports,Fitness,4,699,0,2796,1593.72,1202.28,UPI,Mobile App,Returned,5,33,25,SELLER008,1,1
O001196,C0083,2025-01-24,S003,Mumbai West,West,P005,Bluetooth Speaker,Electronics,Audio,1,1899,5,1804.05,1046.35,757.7,Credit Card,Store,Cancelled,,52,32,SELLER009,2,0
O001197,C0100,2025-04-10,S004,Delhi Select,North,P016,Bluetooth Keyboard,Electronics,Accessories,2,2799,10,5038.2,2619.86,2418.34,Debit Card,Web,Delivered,7,71,39,SELLER010,3,0
O001198,C0117,2025-07-23,S005,Hyderabad Hub,South,P011,Cotton Bedsheet,Home,Bedding,3,1599,15,4077.45,2161.05,1916.4,Wallet,Mobile App,Delivered,8,90,46,SELLER011,4,0
O001199,C0134,2025-10-09,S006,Pune Market,West,P006,Laptop Stand,Office,Accessories,4,1499,20,4796.8,2590.27,2206.53,Net Banking,Store,Delivered,9,109,53,SELLER012,5,0
O001200,C0151,2025-01-22,S001,Bengaluru Central,South,P001,Wireless Headphones,Electronics,Audio,1,2499,0,2499,1374.45,1124.55,UPI,Web,Shipped,2,128,25,SELLER013,1,0
O001201,C0168,2025-04-08,S002,Chennai Marina,South,P012,Non-stick Pan,Home Appliances,Kitchen,2,2199,5,4178.1,2339.74,1838.36,Credit Card,Mobile App,Processing,,147,32,SELLER014,2,0
O001202,C0185,2025-07-21,S003,Mumbai West,West,P007,Desk Lamp,Home,Lighting,3,999,10,2697.3,1537.46,1159.84,Debit Card,Store,Returned,4,166,39,SELLER015,3,1
O001203,C0202,2025-10-07,S004,Delhi Select,North,P002,Smart Watch,Electronics,Wearables,4,5999,15,20396.6,11830.03,8566.57,Wallet,Web,Cancelled,,185,46,SELLER016,4,0
O001204,C0219,2025-01-20,S005,Hyderabad Hub,South,P013,USB-C Hub,Electronics,Accessories,1,2299,20,1839.2,956.38,882.82,Net Banking,Mobile App,Delivered,6,24,53,SELLER017,5,0
O001205,C0236,2025-04-06,S006,Pune Market,West,P008,Yoga Mat,Sports,Fitness,2,1299,0,2598,1376.94,1221.06,UPI,Store,Delivered,7,43,25,SELLER018,1,0
O001206,C0003,2025-07-19,S001,Bengaluru Central,South,P003,Coffee Maker,Home Appliances,Kitchen,3,3499,5,9972.15,5384.96,4587.19,Credit Card,Web,Delivered,8,62,32,SELLER001,2,0
O001207,C0020,2025-10-05,S002,Chennai Marina,South,P014,Office Chair,Office,Furniture,4,8999,10,32396.4,17818.02,14578.38,Debit Card,Mobile App,Shipped,9,81,39,SELLER002,3,0
O001208,C0037,2025-01-18,S003,Mumbai West,West,P009,Backpack,Fashion,Bags,1,1799,15,1529.15,856.32,672.83,Wallet,Store,Processing,,100,46,SELLER003,4,0
O001209,C0054,2025-04-04,S004,Delhi Select,North,P004,Running Shoes,Fashion,Footwear,2,2999,20,4798.4,2735.09,2063.31,Net Banking,Web,Returned,3,119,53,SELLER004,5,1
O001210,C0071,2025-07-17,S005,Hyderabad Hub,South,P015,Skincare Set,Beauty,Personal Care,3,2499,0,7497,4348.26,3148.74,UPI,Mobile App,Cancelled,,138,25,SELLER005,1,0
O001211,C0088,2025-10-03,S006,Pune Market,West,P010,Water Bottle,Sports,Fitness,4,699,5,2656.2,1381.22,1274.98,Credit Card,Store,Delivered,5,157,32,SELLER006,2,0
O001212,C0105,2025-01-16,S001,Bengaluru Central,South,P005,Bluetooth Speaker,Electronics,Audio,1,1899,10,1709.1,905.82,803.28,Debit Card,Web,Delivered,6,176,39,SELLER007,3,0
O001213,C0122,2025-04-02,S002,Chennai Marina,South,P016,Bluetooth Keyboard,Electronics,Accessories,2,2799,15,4758.3,2569.48,2188.82,Wallet,Mobile App,Delivered,7,15,46,SELLER008,4,0
O001214,C0139,2025-07-15,S003,Mumbai West,West,P011,Cotton Bedsheet,Home,Bedding,3,1599,20,3837.6,2110.68,1726.92,Net Banking,Store,Shipped,8,34,53,SELLER009,5,0
O001215,C0156,2025-10-01,S004,Delhi Select,North,P006,Laptop Stand,Office,Accessories,4,1499,0,5996,3357.76,2638.24,UPI,Web,Processing,,53,25,SELLER010,1,0
O001216,C0173,2025-01-14,S005,Hyderabad Hub,South,P001,Wireless Headphones,Electronics,Audio,1,2499,5,2374.05,1353.21,1020.84,Credit Card,Mobile App,Returned,2,72,32,SELLER011,2,1
O001217,C0190,2025-04-27,S006,Pune Market,West,P012,Non-stick Pan,Home Appliances,Kitchen,2,2199,10,3958.2,2295.76,1662.44,Debit Card,Store,Cancelled,,91,39,SELLER012,3,0
O001218,C0207,2025-07-13,S001,Bengaluru Central,South,P007,Desk Lamp,Home,Lighting,3,999,15,2547.45,1324.67,1222.78,Wallet,Web,Delivered,4,110,46,SELLER013,4,0
O001219,C0224,2025-10-26,S002,Chennai Marina,South,P002,Smart Watch,Electronics,Wearables,4,5999,20,19196.8,10174.3,9022.5,Net Banking,Mobile App,Delivered,5,129,53,SELLER014,5,0
O001220,C0241,2025-01-12,S003,Mumbai West,West,P013,USB-C Hub,Electronics,Accessories,1,2299,0,2299,1241.46,1057.54,UPI,Store,Delivered,6,148,25,SELLER015,1,0
O001221,C0008,2025-04-25,S004,Delhi Select,North,P008,Yoga Mat,Sports,Fitness,2,1299,5,2468.1,1357.46,1110.64,Credit Card,Web,Shipped,7,167,32,SELLER016,2,0
O001222,C0025,2025-07-11,S005,Hyderabad Hub,South,P003,Coffee Maker,Home Appliances,Kitchen,3,3499,10,9447.3,5290.49,4156.81,Debit Card,Mobile App,Processing,,186,39,SELLER017,3,0
O001223,C0042,2025-10-24,S006,Pune Market,West,P014,Office Chair,Office,Furniture,4,8999,15,30596.6,17440.06,13156.54,Wallet,Store,Returned,9,25,46,SELLER018,4,1
O001224,C0059,2025-01-10,S001,Bengaluru Central,South,P009,Backpack,Fashion,Bags,1,1799,20,1439.2,834.74,604.46,Net Banking,Web,Cancelled,,44,53,SELLER001,5,0
O001225,C0076,2025-04-23,S002,Chennai Marina,South,P004,Running Shoes,Fashion,Footwear,2,2999,0,5998,3118.96,2879.04,UPI,Mobile App,Delivered,3,63,25,SELLER002,1,0
O001226,C0093,2025-07-09,S003,Mumbai West,West,P015,Skincare Set,Beauty,Personal Care,3,2499,5,7122.15,3774.74,3347.41,Credit Card,Store,Delivered,4,82,32,SELLER003,2,0
O001227,C0110,2025-10-22,S004,Delhi Select,North,P010,Water Bottle,Sports,Fitness,4,699,10,2516.4,1358.86,1157.54,Debit Card,Web,Delivered,5,101,39,SELLER004,3,0
O001228,C0127,2025-01-08,S005,Hyderabad Hub,South,P005,Bluetooth Speaker,Electronics,Audio,1,1899,15,1614.15,887.78,726.37,Wallet,Mobile App,Shipped,6,120,46,SELLER005,4,0
O001229,C0144,2025-04-21,S006,Pune Market,West,P016,Bluetooth Keyboard,Electronics,Accessories,2,2799,20,4478.4,2507.9,1970.5,Net Banking,Store,Processing,,139,53,SELLER006,5,0
O001230,C0161,2025-07-07,S001,Bengaluru Central,South,P011,Cotton Bedsheet,Home,Bedding,3,1599,0,4797,2734.29,2062.71,UPI,Web,Returned,8,158,25,SELLER007,1,1
O001231,C0178,2025-10-20,S002,Chennai Marina,South,P006,Laptop Stand,Office,Accessories,4,1499,5,5696.2,3303.8,2392.4,Credit Card,Mobile App,Cancelled,,177,32,SELLER008,2,0
O001232,C0195,2025-01-06,S003,Mumbai West,West,P001,Wireless Headphones,Electronics,Audio,1,2499,10,2249.1,1169.53,1079.57,Debit Card,Store,Delivered,2,16,39,SELLER009,3,0
O001233,C0212,2025-04-19,S004,Delhi Select,North,P012,Non-stick Pan,Home Appliances,Kitchen,2,2199,15,3738.3,1981.3,1757,Wallet,Web,Delivered,3,35,46,SELLER010,4,0
O001234,C0229,2025-07-05,S005,Hyderabad Hub,South,P007,Desk Lamp,Home,Lighting,3,999,20,2397.6,1294.7,1102.9,Net Banking,Mobile App,Delivered,4,54,53,SELLER011,5,0
O001235,C0246,2025-10-18,S006,Pune Market,West,P002,Smart Watch,Electronics,Wearables,4,5999,0,23996,13197.8,10798.2,UPI,Store,Shipped,5,73,25,SELLER012,1,0
O001236,C0013,2025-01-04,S001,Bengaluru Central,South,P013,USB-C Hub,Electronics,Accessories,1,2299,5,2184.05,1223.07,960.98,Credit Card,Web,Processing,,92,32,SELLER013,2,0
O001237,C0030,2025-04-17,S002,Chennai Marina,South,P008,Yoga Mat,Sports,Fitness,2,1299,10,2338.2,1332.77,1005.43,Debit Card,Mobile App,Returned,7,111,39,SELLER014,3,1
O001238,C0047,2025-07-03,S003,Mumbai West,West,P003,Coffee Maker,Home Appliances,Kitchen,3,3499,15,8922.45,5175.02,3747.43,Wallet,Store,Cancelled,,130,46,SELLER015,4,0
O001239,C0064,2025-10-16,S004,Delhi Select,North,P014,Office Chair,Office,Furniture,4,8999,20,28796.8,14974.34,13822.46,Net Banking,Web,Delivered,9,149,53,SELLER016,5,0
O001240,C0081,2025-01-02,S005,Hyderabad Hub,South,P009,Backpack,Fashion,Bags,1,1799,0,1799,953.47,845.53,UPI,Mobile App,Delivered,2,168,25,SELLER017,1,0
O001241,C0098,2025-04-15,S006,Pune Market,West,P004,Running Shoes,Fashion,Footwear,2,2999,5,5698.1,3076.97,2621.13,Credit Card,Store,Delivered,3,187,32,SELLER018,2,0
O001242,C0115,2025-07-01,S001,Bengaluru Central,South,P015,Skincare Set,Beauty,Personal Care,3,2499,10,6747.3,3711.02,3036.28,Debit Card,Web,Shipped,4,26,39,SELLER001,3,0
O001243,C0132,2025-10-14,S002,Chennai Marina,South,P010,Water Bottle,Sports,Fitness,4,699,15,2376.6,1330.9,1045.7,Wallet,Mobile App,Processing,,45,46,SELLER002,4,0
O001244,C0149,2025-01-27,S003,Mumbai West,West,P005,Bluetooth Speaker,Electronics,Audio,1,1899,20,1519.2,865.94,653.26,Net Banking,Store,Returned,6,64,53,SELLER003,5,1
O001245,C0166,2025-04-13,S004,Delhi Select,North,P016,Bluetooth Keyboard,Electronics,Accessories,2,2799,0,5598,3246.84,2351.16,UPI,Web,Cancelled,,83,25,SELLER004,1,0
O001246,C0183,2025-07-26,S005,Hyderabad Hub,South,P011,Cotton Bedsheet,Home,Bedding,3,1599,5,4557.15,2369.72,2187.43,Credit Card,Mobile App,Delivered,8,102,32,SELLER005,2,0
O001247,C0200,2025-10-12,S006,Pune Market,West,P006,Laptop Stand,Office,Accessories,4,1499,10,5396.4,2860.09,2536.31,Debit Card,Store,Delivered,9,121,39,SELLER006,3,0
O001248,C0217,2025-01-25,S001,Bengaluru Central,South,P001,Wireless Headphones,Electronics,Audio,1,2499,15,2124.15,1147.04,977.11,Wallet,Web,Delivered,2,140,46,SELLER007,4,0
O001249,C0234,2025-04-11,S002,Chennai Marina,South,P012,Non-stick Pan,Home Appliances,Kitchen,2,2199,20,3518.4,1935.12,1583.28,Net Banking,Mobile App,Shipped,3,159,53,SELLER008,5,0
O001250,C0001,2025-07-24,S003,Mumbai West,West,P007,Desk Lamp,Home,Lighting,3,999,0,2997,1678.32,1318.68,UPI,Store,Processing,,178,25,SELLER009,1,0
O001251,C0018,2025-10-10,S004,Delhi Select,North,P002,Smart Watch,Electronics,Wearables,4,5999,5,22796.2,12993.83,9802.37,Credit Card,Web,Returned,5,17,32,SELLER010,2,1
O001252,C0035,2025-01-23,S005,Hyderabad Hub,South,P013,USB-C Hub,Electronics,Accessories,1,2299,10,2069.1,1200.08,869.02,Debit Card,Mobile App,Cancelled,,36,39,SELLER011,3,0
O001253,C0052,2025-04-09,S006,Pune Market,West,P008,Yoga Mat,Sports,Fitness,2,1299,15,2208.3,1148.32,1059.98,Wallet,Store,Delivered,7,55,46,SELLER012,4,0
O001254,C0069,2025-07-22,S001,Bengaluru Central,South,P003,Coffee Maker,Home Appliances,Kitchen,3,3499,20,8397.6,4450.73,3946.87,Net Banking,Web,Delivered,8,74,53,SELLER013,5,0
O001255,C0086,2025-10-08,S002,Chennai Marina,South,P014,Office Chair,Office,Furniture,4,8999,0,35996,19437.84,16558.16,UPI,Mobile App,Delivered,9,93,25,SELLER014,1,0
O001256,C0103,2025-01-21,S003,Mumbai West,West,P009,Backpack,Fashion,Bags,1,1799,5,1709.05,939.98,769.07,Credit Card,Store,Shipped,2,112,32,SELLER015,2,0
O001257,C0120,2025-04-07,S004,Delhi Select,North,P004,Running Shoes,Fashion,Footwear,2,2999,10,5398.2,3022.99,2375.21,Debit Card,Web,Processing,,131,39,SELLER016,3,0
O001258,C0137,2025-07-20,S005,Hyderabad Hub,South,P015,Skincare Set,Beauty,Personal Care,3,2499,15,6372.45,3632.3,2740.15,Wallet,Mobile App,Returned,4,150,46,SELLER017,4,1
O001259,C0154,2025-10-06,S006,Pune Market,West,P010,Water Bottle,Sports,Fitness,4,699,20,2236.8,1297.34,939.46,Net Banking,Store,Cancelled,,169,53,SELLER018,5,0
O001260,C0171,2025-01-19,S001,Bengaluru Central,South,P005,Bluetooth Speaker,Electronics,Audio,1,1899,0,1899,987.48,911.52,UPI,Web,Delivered,6,8,25,SELLER001,1,0
O001261,C0188,2025-04-05,S002,Chennai Marina,South,P016,Bluetooth Keyboard,Electronics,Accessories,2,2799,5,5318.1,2818.59,2499.51,Credit Card,Mobile App,Delivered,7,27,32,SELLER002,2,0
O001262,C0205,2025-07-18,S003,Mumbai West,West,P011,Cotton Bedsheet,Home,Bedding,3,1599,10,4317.3,2331.34,1985.96,Debit Card,Store,Delivered,8,46,39,SELLER003,3,0
O001263,C0222,2025-10-04,S004,Delhi Select,North,P006,Laptop Stand,Office,Accessories,4,1499,15,5096.6,2803.13,2293.47,Wallet,Web,Shipped,9,65,46,SELLER004,4,0
O001264,C0239,2025-01-17,S005,Hyderabad Hub,South,P001,Wireless Headphones,Electronics,Audio,1,2499,20,1999.2,1119.55,879.65,Net Banking,Mobile App,Processing,,84,53,SELLER005,5,0
O001265,C0006,2025-04-03,S006,Pune Market,West,P012,Non-stick Pan,Home Appliances,Kitchen,2,2199,0,4398,2506.86,1891.14,UPI,Store,Returned,3,103,25,SELLER006,1,1
O001266,C0023,2025-07-16,S001,Bengaluru Central,South,P007,Desk Lamp,Home,Lighting,3,999,5,2847.15,1651.35,1195.8,Credit Card,Web,Cancelled,,122,32,SELLER007,2,0
O001267,C0040,2025-10-02,S002,Chennai Marina,South,P002,Smart Watch,Electronics,Wearables,4,5999,10,21596.4,11230.13,10366.27,Debit Card,Mobile App,Delivered,5,141,39,SELLER008,3,0
O001268,C0057,2025-01-15,S003,Mumbai West,West,P013,USB-C Hub,Electronics,Accessories,1,2299,15,1954.15,1035.7,918.45,Wallet,Store,Delivered,6,160,46,SELLER009,4,0
O001269,C0074,2025-04-01,S004,Delhi Select,North,P008,Yoga Mat,Sports,Fitness,2,1299,20,2078.4,1122.34,956.06,Net Banking,Web,Delivered,7,179,53,SELLER010,5,0
O001270,C0091,2025-07-14,S005,Hyderabad Hub,South,P003,Coffee Maker,Home Appliances,Kitchen,3,3499,0,10497,5773.35,4723.65,UPI,Mobile App,Shipped,8,18,25,SELLER011,1,0
O001271,C0108,2025-10-27,S006,Pune Market,West,P014,Office Chair,Office,Furniture,4,8999,5,34196.2,19149.87,15046.33,Credit Card,Store,Processing,,37,32,SELLER012,2,0
O001272,C0125,2025-01-13,S001,Bengaluru Central,South,P009,Backpack,Fashion,Bags,1,1799,10,1619.1,922.89,696.21,Debit Card,Web,Returned,2,56,39,SELLER013,3,1
O001273,C0142,2025-04-26,S002,Chennai Marina,South,P004,Running Shoes,Fashion,Footwear,2,2999,15,5098.3,2957.01,2141.29,Wallet,Mobile App,Cancelled,,75,46,SELLER014,4,0
O001274,C0159,2025-07-12,S003,Mumbai West,West,P015,Skincare Set,Beauty,Personal Care,3,2499,20,5997.6,3118.75,2878.85,Net Banking,Store,Delivered,4,94,53,SELLER015,5,0
O001275,C0176,2025-10-25,S004,Delhi Select,North,P010,Water Bottle,Sports,Fitness,4,699,0,2796,1481.88,1314.12,UPI,Web,Delivered,5,113,25,SELLER016,1,0
O001276,C0193,2025-01-11,S005,Hyderabad Hub,South,P005,Bluetooth Speaker,Electronics,Audio,1,1899,5,1804.05,974.19,829.86,Credit Card,Mobile App,Delivered,6,132,32,SELLER017,2,0
O001277,C0210,2025-04-24,S006,Pune Market,West,P016,Bluetooth Keyboard,Electronics,Accessories,2,2799,10,5038.2,2771.01,2267.19,Debit Card,Store,Shipped,7,151,39,SELLER018,3,0
O001278,C0227,2025-07-10,S001,Bengaluru Central,South,P011,Cotton Bedsheet,Home,Bedding,3,1599,15,4077.45,2283.37,1794.08,Wallet,Web,Processing,,170,46,SELLER001,4,0
O001279,C0244,2025-10-23,S002,Chennai Marina,South,P006,Laptop Stand,Office,Accessories,4,1499,20,4796.8,2734.18,2062.62,Net Banking,Mobile App,Returned,9,9,53,SELLER002,5,1
O001280,C0011,2025-01-09,S003,Mumbai West,West,P001,Wireless Headphones,Electronics,Audio,1,2499,0,2499,1449.42,1049.58,UPI,Store,Cancelled,,28,25,SELLER003,1,0
O001281,C0028,2025-04-22,S004,Delhi Select,North,P012,Non-stick Pan,Home Appliances,Kitchen,2,2199,5,4178.1,2172.61,2005.49,Credit Card,Web,Delivered,3,47,32,SELLER004,2,0
O001282,C0045,2025-07-08,S005,Hyderabad Hub,South,P007,Desk Lamp,Home,Lighting,3,999,10,2697.3,1429.57,1267.73,Debit Card,Mobile App,Delivered,4,66,39,SELLER005,3,0
O001283,C0062,2025-10-21,S006,Pune Market,West,P002,Smart Watch,Electronics,Wearables,4,5999,15,20396.6,11014.16,9382.44,Wallet,Store,Delivered,5,85,46,SELLER006,4,0
O001284,C0079,2025-01-07,S001,Bengaluru Central,South,P013,USB-C Hub,Electronics,Accessories,1,2299,20,1839.2,1011.56,827.64,Net Banking,Web,Shipped,6,104,53,SELLER007,5,0
O001285,C0096,2025-04-20,S002,Chennai Marina,South,P008,Yoga Mat,Sports,Fitness,2,1299,0,2598,1454.88,1143.12,UPI,Mobile App,Processing,,123,25,SELLER008,1,0
O001286,C0113,2025-07-06,S003,Mumbai West,West,P003,Coffee Maker,Home Appliances,Kitchen,3,3499,5,9972.15,5684.13,4288.02,Credit Card,Store,Returned,8,142,32,SELLER009,2,1
O001287,C0130,2025-10-19,S004,Delhi Select,North,P014,Office Chair,Office,Furniture,4,8999,10,32396.4,18789.91,13606.49,Debit Card,Web,Cancelled,,161,39,SELLER010,3,0
O001288,C0147,2025-01-05,S005,Hyderabad Hub,South,P009,Backpack,Fashion,Bags,1,1799,15,1529.15,795.16,733.99,Wallet,Mobile App,Delivered,2,180,46,SELLER011,4,0
O001289,C0164,2025-04-18,S006,Pune Market,West,P004,Running Shoes,Fashion,Footwear,2,2999,20,4798.4,2543.15,2255.25,Net Banking,Store,Delivered,3,19,53,SELLER012,5,0
O001290,C0181,2025-07-04,S001,Bengaluru Central,South,P015,Skincare Set,Beauty,Personal Care,3,2499,0,7497,4048.38,3448.62,UPI,Web,Delivered,4,38,25,SELLER013,1,0
O001291,C0198,2025-10-17,S002,Chennai Marina,South,P010,Water Bottle,Sports,Fitness,4,699,5,2656.2,1460.91,1195.29,Credit Card,Mobile App,Shipped,5,57,32,SELLER014,2,0
O001292,C0215,2025-01-03,S003,Mumbai West,West,P005,Bluetooth Speaker,Electronics,Audio,1,1899,10,1709.1,957.1,752,Debit Card,Store,Processing,,76,39,SELLER015,3,0
O001293,C0232,2025-04-16,S004,Delhi Select,North,P016,Bluetooth Keyboard,Electronics,Accessories,2,2799,15,4758.3,2712.23,2046.07,Wallet,Web,Returned,7,95,46,SELLER016,4,1
O001294,C0249,2025-07-02,S005,Hyderabad Hub,South,P011,Cotton Bedsheet,Home,Bedding,3,1599,20,3837.6,2225.81,1611.79,Net Banking,Mobile App,Cancelled,,114,53,SELLER017,5,0
O001295,C0016,2025-10-15,S006,Pune Market,West,P006,Laptop Stand,Office,Accessories,4,1499,0,5996,3117.92,2878.08,UPI,Store,Delivered,9,133,25,SELLER018,1,0
O001296,C0033,2025-01-01,S001,Bengaluru Central,South,P001,Wireless Headphones,Electronics,Audio,1,2499,5,2374.05,1258.25,1115.8,Credit Card,Web,Delivered,2,152,32,SELLER001,2,0
O001297,C0050,2025-04-14,S002,Chennai Marina,South,P012,Non-stick Pan,Home Appliances,Kitchen,2,2199,10,3958.2,2137.43,1820.77,Debit Card,Mobile App,Delivered,3,171,39,SELLER002,3,0
O001298,C0067,2025-07-27,S003,Mumbai West,West,P007,Desk Lamp,Home,Lighting,3,999,15,2547.45,1401.1,1146.35,Wallet,Store,Shipped,4,10,46,SELLER003,4,0
O001299,C0084,2025-10-13,S004,Delhi Select,North,P002,Smart Watch,Electronics,Wearables,4,5999,20,19196.8,10750.21,8446.59,Net Banking,Web,Processing,,29,53,SELLER004,5,0
O001300,C0101,2025-01-26,S005,Hyderabad Hub,South,P013,USB-C Hub,Electronics,Accessories,1,2299,0,2299,1310.43,988.57,UPI,Mobile App,Returned,6,48,25,SELLER005,1,1
O001301,C0118,2025-04-12,S006,Pune Market,West,P008,Yoga Mat,Sports,Fitness,2,1299,5,2468.1,1431.5,1036.6,Credit Card,Store,Cancelled,,67,32,SELLER006,2,0
O001302,C0135,2025-07-25,S001,Bengaluru Central,South,P003,Coffee Maker,Home Appliances,Kitchen,3,3499,10,9447.3,4912.6,4534.7,Debit Card,Web,Delivered,8,86,39,SELLER007,3,0
O001303,C0152,2025-10-11,S002,Chennai Marina,South,P014,Office Chair,Office,Furniture,4,8999,15,30596.6,16216.2,14380.4,Wallet,Mobile App,Delivered,9,105,46,SELLER008,4,0
O001304,C0169,2025-01-24,S003,Mumbai West,West,P009,Backpack,Fashion,Bags,1,1799,20,1439.2,777.17,662.03,Net Banking,Store,Delivered,2,124,53,SELLER009,5,0
O001305,C0186,2025-04-10,S004,Delhi Select,North,P004,Running Shoes,Fashion,Footwear,2,2999,0,5998,3298.9,2699.1,UPI,Web,Shipped,3,143,25,SELLER010,1,0
O001306,C0203,2025-07-23,S005,Hyderabad Hub,South,P015,Skincare Set,Beauty,Personal Care,3,2499,5,7122.15,3988.4,3133.75,Credit Card,Mobile App,Processing,,162,32,SELLER011,2,0
O001307,C0220,2025-10-09,S006,Pune Market,West,P010,Water Bottle,Sports,Fitness,4,699,10,2516.4,1434.35,1082.05,Debit Card,Store,Returned,5,181,39,SELLER012,3,1
O001308,C0237,2025-01-22,S001,Bengaluru Central,South,P005,Bluetooth Speaker,Electronics,Audio,1,1899,15,1614.15,936.21,677.94,Wallet,Web,Cancelled,,20,46,SELLER013,4,0
O001309,C0004,2025-04-08,S002,Chennai Marina,South,P016,Bluetooth Keyboard,Electronics,Accessories,2,2799,20,4478.4,2328.77,2149.63,Net Banking,Mobile App,Delivered,7,39,53,SELLER014,5,0
O001310,C0021,2025-07-21,S003,Mumbai West,West,P011,Cotton Bedsheet,Home,Bedding,3,1599,0,4797,2542.41,2254.59,UPI,Store,Delivered,8,58,25,SELLER015,1,0
O001311,C0038,2025-10-07,S004,Delhi Select,North,P006,Laptop Stand,Office,Accessories,4,1499,5,5696.2,3075.95,2620.25,Credit Card,Web,Delivered,9,77,32,SELLER016,2,0
O001312,C0055,2025-01-20,S005,Hyderabad Hub,South,P001,Wireless Headphones,Electronics,Audio,1,2499,10,2249.1,1237.01,1012.09,Debit Card,Mobile App,Shipped,2,96,39,SELLER017,3,0
O001313,C0072,2025-04-06,S006,Pune Market,West,P012,Non-stick Pan,Home Appliances,Kitchen,2,2199,15,3738.3,2093.45,1644.85,Wallet,Store,Processing,,115,46,SELLER018,4,0
O001314,C0089,2025-07-19,S001,Bengaluru Central,South,P007,Desk Lamp,Home,Lighting,3,999,20,2397.6,1366.63,1030.97,Net Banking,Web,Returned,4,134,53,SELLER001,5,1
O001315,C0106,2025-10-05,S002,Chennai Marina,South,P002,Smart Watch,Electronics,Wearables,4,5999,0,23996,13917.68,10078.32,UPI,Mobile App,Cancelled,,153,25,SELLER002,1,0
O001316,C0123,2025-01-18,S003,Mumbai West,West,P013,USB-C Hub,Electronics,Accessories,1,2299,5,2184.05,1135.71,1048.34,Credit Card,Store,Delivered,6,172,32,SELLER003,2,0
O001317,C0140,2025-04-04,S004,Delhi Select,North,P008,Yoga Mat,Sports,Fitness,2,1299,10,2338.2,1239.25,1098.95,Debit Card,Web,Delivered,7,11,39,SELLER004,3,0
O001318,C0157,2025-07-17,S005,Hyderabad Hub,South,P003,Coffee Maker,Home Appliances,Kitchen,3,3499,15,8922.45,4818.12,4104.33,Wallet,Mobile App,Delivered,8,30,46,SELLER005,4,0
O001319,C0174,2025-10-03,S006,Pune Market,West,P014,Office Chair,Office,Furniture,4,8999,20,28796.8,15838.24,12958.56,Net Banking,Store,Shipped,9,49,53,SELLER006,5,0
O001320,C0191,2025-01-16,S001,Bengaluru Central,South,P009,Backpack,Fashion,Bags,1,1799,0,1799,1007.44,791.56,UPI,Web,Processing,,68,25,SELLER007,1,0
O001321,C0208,2025-04-02,S002,Chennai Marina,South,P004,Running Shoes,Fashion,Footwear,2,2999,5,5698.1,3247.92,2450.18,Credit Card,Mobile App,Returned,3,87,32,SELLER008,2,1
O001322,C0225,2025-07-15,S003,Mumbai West,West,P015,Skincare Set,Beauty,Personal Care,3,2499,10,6747.3,3913.43,2833.87,Debit Card,Store,Cancelled,,106,39,SELLER009,3,0
O001323,C0242,2025-10-01,S004,Delhi Select,North,P010,Water Bottle,Sports,Fitness,4,699,15,2376.6,1235.83,1140.77,Wallet,Web,Delivered,5,125,46,SELLER010,4,0
O001324,C0009,2025-01-14,S005,Hyderabad Hub,South,P005,Bluetooth Speaker,Electronics,Audio,1,1899,20,1519.2,805.18,714.02,Net Banking,Mobile App,Delivered,6,144,53,SELLER011,5,0
O001325,C0026,2025-04-27,S006,Pune Market,West,P016,Bluetooth Keyboard,Electronics,Accessories,2,2799,0,5598,3022.92,2575.08,UPI,Store,Delivered,7,163,25,SELLER012,1,0
O001326,C0043,2025-07-13,S001,Bengaluru Central,South,P011,Cotton Bedsheet,Home,Bedding,3,1599,5,4557.15,2506.43,2050.72,Credit Card,Web,Shipped,8,182,32,SELLER013,2,0
O001327,C0060,2025-10-26,S002,Chennai Marina,South,P006,Laptop Stand,Office,Accessories,4,1499,10,5396.4,3021.98,2374.42,Debit Card,Mobile App,Processing,,21,39,SELLER014,3,0
O001328,C0077,2025-01-12,S003,Mumbai West,West,P001,Wireless Headphones,Electronics,Audio,1,2499,15,2124.15,1210.77,913.38,Wallet,Store,Returned,2,40,46,SELLER015,4,1
O001329,C0094,2025-04-25,S004,Delhi Select,North,P012,Non-stick Pan,Home Appliances,Kitchen,2,2199,20,3518.4,2040.67,1477.73,Net Banking,Web,Cancelled,,59,53,SELLER016,5,0
O001330,C0111,2025-07-11,S005,Hyderabad Hub,South,P007,Desk Lamp,Home,Lighting,3,999,0,2997,1558.44,1438.56,UPI,Mobile App,Delivered,4,78,25,SELLER017,1,0
O001331,C0128,2025-10-24,S006,Pune Market,West,P002,Smart Watch,Electronics,Wearables,4,5999,5,22796.2,12081.99,10714.21,Credit Card,Store,Delivered,5,97,32,SELLER018,2,0
O001332,C0145,2025-01-10,S001,Bengaluru Central,South,P013,USB-C Hub,Electronics,Accessories,1,2299,10,2069.1,1117.31,951.79,Debit Card,Web,Delivered,6,116,39,SELLER001,3,0
O001333,C0162,2025-04-23,S002,Chennai Marina,South,P008,Yoga Mat,Sports,Fitness,2,1299,15,2208.3,1214.57,993.73,Wallet,Mobile App,Shipped,7,135,46,SELLER002,4,0
O001334,C0179,2025-07-09,S003,Mumbai West,West,P003,Coffee Maker,Home Appliances,Kitchen,3,3499,20,8397.6,4702.66,3694.94,Net Banking,Store,Processing,,154,53,SELLER003,5,0
O001335,C0196,2025-10-22,S004,Delhi Select,North,P014,Office Chair,Office,Furniture,4,8999,0,35996,20517.72,15478.28,UPI,Web,Returned,9,173,25,SELLER004,1,1
O001336,C0213,2025-01-08,S005,Hyderabad Hub,South,P009,Backpack,Fashion,Bags,1,1799,5,1709.05,991.25,717.8,Credit Card,Mobile App,Cancelled,,12,32,SELLER005,2,0
O001337,C0230,2025-04-21,S006,Pune Market,West,P004,Running Shoes,Fashion,Footwear,2,2999,10,5398.2,2807.06,2591.14,Debit Card,Store,Delivered,3,31,39,SELLER006,3,0
O001338,C0247,2025-07-07,S001,Bengaluru Central,South,P015,Skincare Set,Beauty,Personal Care,3,2499,15,6372.45,3377.4,2995.05,Wallet,Web,Delivered,4,50,46,SELLER007,4,0
O001339,C0014,2025-10-20,S002,Chennai Marina,South,P010,Water Bottle,Sports,Fitness,4,699,20,2236.8,1207.87,1028.93,Net Banking,Mobile App,Delivered,5,69,53,SELLER008,5,0
O001340,C0031,2025-01-06,S003,Mumbai West,West,P005,Bluetooth Speaker,Electronics,Audio,1,1899,0,1899,1044.45,854.55,UPI,Store,Shipped,6,88,25,SELLER009,1,0
O001341,C0048,2025-04-19,S004,Delhi Select,North,P016,Bluetooth Keyboard,Electronics,Accessories,2,2799,5,5318.1,2978.14,2339.96,Credit Card,Web,Processing,,107,32,SELLER010,2,0
O001342,C0065,2025-07-05,S005,Hyderabad Hub,South,P011,Cotton Bedsheet,Home,Bedding,3,1599,10,4317.3,2460.86,1856.44,Debit Card,Mobile App,Returned,8,126,39,SELLER011,3,1
O001343,C0082,2025-10-18,S006,Pune Market,West,P006,Laptop Stand,Office,Accessories,4,1499,15,5096.6,2956.03,2140.57,Wallet,Store,Cancelled,,145,46,SELLER012,4,0
O001344,C0099,2025-01-04,S001,Bengaluru Central,South,P001,Wireless Headphones,Electronics,Audio,1,2499,20,1999.2,1039.58,959.62,Net Banking,Web,Delivered,2,164,53,SELLER013,5,0
O001345,C0116,2025-04-17,S002,Chennai Marina,South,P012,Non-stick Pan,Home Appliances,Kitchen,2,2199,0,4398,2330.94,2067.06,UPI,Mobile App,Delivered,3,183,25,SELLER014,1,0
O001346,C0133,2025-07-03,S003,Mumbai West,West,P007,Desk Lamp,Home,Lighting,3,999,5,2847.15,1537.46,1309.69,Credit Card,Store,Delivered,4,22,32,SELLER015,2,0
O001347,C0150,2025-10-16,S004,Delhi Select,North,P002,Smart Watch,Electronics,Wearables,4,5999,10,21596.4,11878.02,9718.38,Debit Card,Web,Shipped,5,41,39,SELLER016,3,0
O001348,C0167,2025-01-02,S005,Hyderabad Hub,South,P013,USB-C Hub,Electronics,Accessories,1,2299,15,1954.15,1094.32,859.83,Wallet,Mobile App,Processing,,60,46,SELLER017,4,0
O001349,C0184,2025-04-15,S006,Pune Market,West,P008,Yoga Mat,Sports,Fitness,2,1299,20,2078.4,1184.69,893.71,Net Banking,Store,Returned,7,79,53,SELLER018,5,1
O001350,C0201,2025-07-01,S001,Bengaluru Central,South,P003,Coffee Maker,Home Appliances,Kitchen,3,3499,0,10497,6088.26,4408.74,UPI,Web,Cancelled,,98,25,SELLER001,1,0
O001351,C0218,2025-10-14,S002,Chennai Marina,South,P014,Office Chair,Office,Furniture,4,8999,5,34196.2,17782.02,16414.18,Credit Card,Mobile App,Delivered,9,117,32,SELLER002,2,0
O001352,C0235,2025-01-27,S003,Mumbai West,West,P009,Backpack,Fashion,Bags,1,1799,10,1619.1,858.12,760.98,Debit Card,Store,Delivered,2,136,39,SELLER003,3,0
O001353,C0002,2025-04-13,S004,Delhi Select,North,P004,Running Shoes,Fashion,Footwear,2,2999,15,5098.3,2753.08,2345.22,Wallet,Web,Delivered,3,155,46,SELLER004,4,0
O001354,C0019,2025-07-26,S005,Hyderabad Hub,South,P015,Skincare Set,Beauty,Personal Care,3,2499,20,5997.6,3298.68,2698.92,Net Banking,Mobile App,Shipped,4,174,53,SELLER005,5,0
O001355,C0036,2025-10-12,S006,Pune Market,West,P010,Water Bottle,Sports,Fitness,4,699,0,2796,1565.76,1230.24,UPI,Store,Processing,,13,25,SELLER006,1,0
O001356,C0053,2025-01-25,S001,Bengaluru Central,South,P005,Bluetooth Speaker,Electronics,Audio,1,1899,5,1804.05,1028.31,775.74,Credit Card,Web,Returned,6,32,32,SELLER007,2,1
O001357,C0070,2025-04-11,S002,Chennai Marina,South,P016,Bluetooth Keyboard,Electronics,Accessories,2,2799,10,5038.2,2922.16,2116.04,Debit Card,Mobile App,Cancelled,,51,39,SELLER008,3,0
O001358,C0087,2025-07-24,S003,Mumbai West,West,P011,Cotton Bedsheet,Home,Bedding,3,1599,15,4077.45,2120.27,1957.18,Wallet,Store,Delivered,8,70,46,SELLER009,4,0
O001359,C0104,2025-10-10,S004,Delhi Select,North,P006,Laptop Stand,Office,Accessories,4,1499,20,4796.8,2542.3,2254.5,Net Banking,Web,Delivered,9,89,53,SELLER010,5,0
O001360,C0121,2025-01-23,S005,Hyderabad Hub,South,P001,Wireless Headphones,Electronics,Audio,1,2499,0,2499,1349.46,1149.54,UPI,Mobile App,Delivered,2,108,25,SELLER011,1,0
O001361,C0138,2025-04-09,S006,Pune Market,West,P012,Non-stick Pan,Home Appliances,Kitchen,2,2199,5,4178.1,2297.96,1880.14,Credit Card,Store,Shipped,3,127,32,SELLER012,2,0
O001362,C0155,2025-07-22,S001,Bengaluru Central,South,P007,Desk Lamp,Home,Lighting,3,999,10,2697.3,1510.49,1186.81,Debit Card,Web,Processing,,146,39,SELLER013,3,0
O001363,C0172,2025-10-08,S002,Chennai Marina,South,P002,Smart Watch,Electronics,Wearables,4,5999,15,20396.6,11626.06,8770.54,Wallet,Mobile App,Returned,5,165,46,SELLER014,4,1
O001364,C0189,2025-01-21,S003,Mumbai West,West,P013,USB-C Hub,Electronics,Accessories,1,2299,20,1839.2,1066.74,772.46,Net Banking,Store,Cancelled,,184,53,SELLER015,5,0
O001365,C0206,2025-04-07,S004,Delhi Select,North,P008,Yoga Mat,Sports,Fitness,2,1299,0,2598,1350.96,1247.04,UPI,Web,Delivered,7,23,25,SELLER016,1,0
O001366,C0223,2025-07-20,S005,Hyderabad Hub,South,P003,Coffee Maker,Home Appliances,Kitchen,3,3499,5,9972.15,5285.24,4686.91,Credit Card,Mobile App,Delivered,8,42,32,SELLER017,2,0
O001367,C0240,2025-10-06,S006,Pune Market,West,P014,Office Chair,Office,Furniture,4,8999,10,32396.4,17494.06,14902.34,Debit Card,Store,Delivered,9,61,39,SELLER018,3,0
O001368,C0007,2025-01-19,S001,Bengaluru Central,South,P009,Backpack,Fashion,Bags,1,1799,15,1529.15,841.03,688.12,Wallet,Web,Shipped,2,80,46,SELLER001,4,0
O001369,C0024,2025-04-05,S002,Chennai Marina,South,P004,Running Shoes,Fashion,Footwear,2,2999,20,4798.4,2687.1,2111.3,Net Banking,Mobile App,Processing,,99,53,SELLER002,5,0
O001370,C0041,2025-07-18,S003,Mumbai West,West,P015,Skincare Set,Beauty,Personal Care,3,2499,0,7497,4273.29,3223.71,UPI,Store,Returned,4,118,25,SELLER003,1,1
O001371,C0058,2025-10-04,S004,Delhi Select,North,P010,Water Bottle,Sports,Fitness,4,699,5,2656.2,1540.6,1115.6,Credit Card,Web,Cancelled,,137,32,SELLER004,2,0
O001372,C0075,2025-01-17,S005,Hyderabad Hub,South,P005,Bluetooth Speaker,Electronics,Audio,1,1899,10,1709.1,888.73,820.37,Debit Card,Mobile App,Delivered,6,156,39,SELLER005,3,0
O001373,C0092,2025-04-03,S006,Pune Market,West,P016,Bluetooth Keyboard,Electronics,Accessories,2,2799,15,4758.3,2521.9,2236.4,Wallet,Store,Delivered,7,175,46,SELLER006,4,0
O001374,C0109,2025-07-16,S001,Bengaluru Central,South,P011,Cotton Bedsheet,Home,Bedding,3,1599,20,3837.6,2072.3,1765.3,Net Banking,Web,Delivered,8,14,53,SELLER007,5,0
O001375,C0126,2025-10-02,S002,Chennai Marina,South,P006,Laptop Stand,Office,Accessories,4,1499,0,5996,3297.8,2698.2,UPI,Mobile App,Shipped,9,33,25,SELLER008,1,0
O001376,C0143,2025-01-15,S003,Mumbai West,West,P001,Wireless Headphones,Electronics,Audio,1,2499,5,2374.05,1329.47,1044.58,Credit Card,Store,Processing,,52,32,SELLER009,2,0
O001377,C0160,2025-04-01,S004,Delhi Select,North,P012,Non-stick Pan,Home Appliances,Kitchen,2,2199,10,3958.2,2256.17,1702.03,Debit Card,Web,Returned,3,71,39,SELLER010,3,1
O001378,C0177,2025-07-14,S005,Hyderabad Hub,South,P007,Desk Lamp,Home,Lighting,3,999,15,2547.45,1477.52,1069.93,Wallet,Mobile App,Cancelled,,90,46,SELLER011,4,0
O001379,C0194,2025-10-27,S006,Pune Market,West,P002,Smart Watch,Electronics,Wearables,4,5999,20,19196.8,9982.34,9214.46,Net Banking,Store,Delivered,5,109,53,SELLER012,5,0
O001380,C0211,2025-01-13,S001,Bengaluru Central,South,P013,USB-C Hub,Electronics,Accessories,1,2299,0,2299,1218.47,1080.53,UPI,Web,Delivered,6,128,25,SELLER013,1,0
O001381,C0228,2025-04-26,S002,Chennai Marina,South,P008,Yoga Mat,Sports,Fitness,2,1299,5,2468.1,1332.77,1135.33,Credit Card,Mobile App,Delivered,7,147,32,SELLER014,2,0
O001382,C0245,2025-07-12,S003,Mumbai West,West,P003,Coffee Maker,Home Appliances,Kitchen,3,3499,10,9447.3,5196.02,4251.28,Debit Card,Store,Shipped,8,166,39,SELLER015,3,0
O001383,C0012,2025-10-25,S004,Delhi Select,North,P014,Office Chair,Office,Furniture,4,8999,15,30596.6,17134.1,13462.5,Wallet,Web,Processing,,185,46,SELLER016,4,0
O001384,C0029,2025-01-11,S005,Hyderabad Hub,South,P009,Backpack,Fashion,Bags,1,1799,20,1439.2,820.34,618.86,Net Banking,Mobile App,Returned,2,24,53,SELLER017,5,1
O001385,C0046,2025-04-24,S006,Pune Market,West,P004,Running Shoes,Fashion,Footwear,2,2999,0,5998,3478.84,2519.16,UPI,Store,Cancelled,,43,25,SELLER018,1,0
O001386,C0063,2025-07-10,S001,Bengaluru Central,South,P015,Skincare Set,Beauty,Personal Care,3,2499,5,7122.15,3703.52,3418.63,Credit Card,Web,Delivered,4,62,32,SELLER001,2,0
O001387,C0080,2025-10-23,S002,Chennai Marina,South,P010,Water Bottle,Sports,Fitness,4,699,10,2516.4,1333.69,1182.71,Debit Card,Mobile App,Delivered,5,81,39,SELLER002,3,0
O001388,C0097,2025-01-09,S003,Mumbai West,West,P005,Bluetooth Speaker,Electronics,Audio,1,1899,15,1614.15,871.64,742.51,Wallet,Store,Delivered,6,100,46,SELLER003,4,0
O001389,C0114,2025-04-22,S004,Delhi Select,North,P016,Bluetooth Keyboard,Electronics,Accessories,2,2799,20,4478.4,2463.12,2015.28,Net Banking,Web,Shipped,7,119,53,SELLER004,5,0
O001390,C0131,2025-07-08,S005,Hyderabad Hub,South,P011,Cotton Bedsheet,Home,Bedding,3,1599,0,4797,2686.32,2110.68,UPI,Mobile App,Processing,,138,25,SELLER005,1,0
O001391,C0148,2025-10-21,S006,Pune Market,West,P006,Laptop Stand,Office,Accessories,4,1499,5,5696.2,3246.83,2449.37,Credit Card,Store,Returned,9,157,32,SELLER006,2,1
O001392,C0165,2025-01-07,S001,Bengaluru Central,South,P001,Wireless Headphones,Electronics,Audio,1,2499,10,2249.1,1304.48,944.62,Debit Card,Web,Cancelled,,176,39,SELLER007,3,0
O001393,C0182,2025-04-20,S002,Chennai Marina,South,P012,Non-stick Pan,Home Appliances,Kitchen,2,2199,15,3738.3,1943.92,1794.38,Wallet,Mobile App,Delivered,3,15,46,SELLER008,4,0
O001394,C0199,2025-07-06,S003,Mumbai West,West,P007,Desk Lamp,Home,Lighting,3,999,20,2397.6,1270.73,1126.87,Net Banking,Store,Delivered,4,34,53,SELLER009,5,0
O001395,C0216,2025-10-19,S004,Delhi Select,North,P002,Smart Watch,Electronics,Wearables,4,5999,0,23996,12957.84,11038.16,UPI,Web,Delivered,5,53,25,SELLER010,1,0
O001396,C0233,2025-01-05,S005,Hyderabad Hub,South,P013,USB-C Hub,Electronics,Accessories,1,2299,5,2184.05,1201.23,982.82,Credit Card,Mobile App,Shipped,6,72,32,SELLER011,2,0
O001397,C0250,2025-04-18,S006,Pune Market,West,P008,Yoga Mat,Sports,Fitness,2,1299,10,2338.2,1309.39,1028.81,Debit Card,Store,Processing,,91,39,SELLER012,3,0
O001398,C0017,2025-07-04,S001,Bengaluru Central,South,P003,Coffee Maker,Home Appliances,Kitchen,3,3499,15,8922.45,5085.8,3836.65,Wallet,Web,Returned,8,110,46,SELLER013,4,1
O001399,C0034,2025-10-17,S002,Chennai Marina,South,P014,Office Chair,Office,Furniture,4,8999,20,28796.8,16702.14,12094.66,Net Banking,Mobile App,Cancelled,,129,53,SELLER014,5,0
O001400,C0051,2025-01-03,S003,Mumbai West,West,P009,Backpack,Fashion,Bags,1,1799,0,1799,935.48,863.52,UPI,Store,Delivered,2,148,25,SELLER015,1,0
O001401,C0068,2025-04-16,S004,Delhi Select,North,P004,Running Shoes,Fashion,Footwear,2,2999,5,5698.1,3019.99,2678.11,Credit Card,Web,Delivered,3,167,32,SELLER016,2,0
O001402,C0085,2025-07-02,S005,Hyderabad Hub,South,P015,Skincare Set,Beauty,Personal Care,3,2499,10,6747.3,3643.54,3103.76,Debit Card,Mobile App,Delivered,4,186,39,SELLER017,3,0
O001403,C0102,2025-10-15,S006,Pune Market,West,P010,Water Bottle,Sports,Fitness,4,699,15,2376.6,1307.13,1069.47,Wallet,Store,Shipped,5,25,46,SELLER018,4,0
O001404,C0119,2025-01-01,S001,Bengaluru Central,South,P005,Bluetooth Speaker,Electronics,Audio,1,1899,20,1519.2,850.75,668.45,Net Banking,Web,Processing,,44,53,SELLER001,5,0
O001405,C0136,2025-04-14,S002,Chennai Marina,South,P016,Bluetooth Keyboard,Electronics,Accessories,2,2799,0,5598,3190.86,2407.14,UPI,Mobile App,Returned,7,63,25,SELLER002,1,1
O001406,C0153,2025-07-27,S003,Mumbai West,West,P011,Cotton Bedsheet,Home,Bedding,3,1599,5,4557.15,2643.15,1914,Credit Card,Store,Cancelled,,82,32,SELLER003,2,0
O001407,C0170,2025-10-13,S004,Delhi Select,North,P006,Laptop Stand,Office,Accessories,4,1499,10,5396.4,2806.13,2590.27,Debit Card,Web,Delivered,9,101,39,SELLER004,3,0
O001408,C0187,2025-01-26,S005,Hyderabad Hub,South,P001,Wireless Headphones,Electronics,Audio,1,2499,15,2124.15,1125.8,998.35,Wallet,Mobile App,Delivered,2,120,46,SELLER005,4,0
O001409,C0204,2025-04-12,S006,Pune Market,West,P012,Non-stick Pan,Home Appliances,Kitchen,2,2199,20,3518.4,1899.94,1618.46,Net Banking,Store,Delivered,3,139,53,SELLER006,5,0
O001410,C0221,2025-07-25,S001,Bengaluru Central,South,P007,Desk Lamp,Home,Lighting,3,999,0,2997,1648.35,1348.65,UPI,Web,Shipped,4,158,25,SELLER007,1,0
O001411,C0238,2025-10-11,S002,Chennai Marina,South,P002,Smart Watch,Electronics,Wearables,4,5999,5,22796.2,12765.87,10030.33,Credit Card,Mobile App,Processing,,177,32,SELLER008,2,0
O001412,C0005,2025-01-24,S003,Mumbai West,West,P013,USB-C Hub,Electronics,Accessories,1,2299,10,2069.1,1179.39,889.71,Debit Card,Store,Returned,6,16,39,SELLER009,3,1
O001413,C0022,2025-04-10,S004,Delhi Select,North,P008,Yoga Mat,Sports,Fitness,2,1299,15,2208.3,1280.81,927.49,Wallet,Web,Cancelled,,35,46,SELLER010,4,0
O001414,C0039,2025-07-23,S005,Hyderabad Hub,South,P003,Coffee Maker,Home Appliances,Kitchen,3,3499,20,8397.6,4366.75,4030.85,Net Banking,Mobile App,Delivered,8,54,53,SELLER011,5,0
O001415,C0056,2025-10-09,S006,Pune Market,West,P014,Office Chair,Office,Furniture,4,8999,0,35996,19077.88,16918.12,UPI,Store,Delivered,9,73,25,SELLER012,1,0
O001416,C0073,2025-01-22,S001,Bengaluru Central,South,P009,Backpack,Fashion,Bags,1,1799,5,1709.05,922.89,786.16,Credit Card,Web,Delivered,2,92,32,SELLER013,2,0
O001417,C0090,2025-04-08,S002,Chennai Marina,South,P004,Running Shoes,Fashion,Footwear,2,2999,10,5398.2,2969.01,2429.19,Debit Card,Mobile App,Shipped,3,111,39,SELLER014,3,0
O001418,C0107,2025-07-21,S003,Mumbai West,West,P015,Skincare Set,Beauty,Personal Care,3,2499,15,6372.45,3568.57,2803.88,Wallet,Store,Processing,,130,46,SELLER015,4,0
O001419,C0124,2025-10-07,S004,Delhi Select,North,P010,Water Bottle,Sports,Fitness,4,699,20,2236.8,1274.98,961.82,Net Banking,Web,Returned,5,149,53,SELLER016,5,1
O001420,C0141,2025-01-20,S005,Hyderabad Hub,South,P005,Bluetooth Speaker,Electronics,Audio,1,1899,0,1899,1101.42,797.58,UPI,Mobile App,Cancelled,,168,25,SELLER017,1,0
O001421,C0158,2025-04-06,S006,Pune Market,West,P016,Bluetooth Keyboard,Electronics,Accessories,2,2799,5,5318.1,2765.41,2552.69,Credit Card,Store,Delivered,7,187,32,SELLER018,2,0
O001422,C0175,2025-07-19,S001,Bengaluru Central,South,P011,Cotton Bedsheet,Home,Bedding,3,1599,10,4317.3,2288.17,2029.13,Debit Card,Web,Delivered,8,26,39,SELLER001,3,0
O001423,C0192,2025-10-05,S002,Chennai Marina,South,P006,Laptop Stand,Office,Accessories,4,1499,15,5096.6,2752.16,2344.44,Wallet,Mobile App,Delivered,9,45,46,SELLER002,4,0
O001424,C0209,2025-01-18,S003,Mumbai West,West,P001,Wireless Headphones,Electronics,Audio,1,2499,20,1999.2,1099.56,899.64,Net Banking,Store,Shipped,2,64,53,SELLER003,5,0
O001425,C0226,2025-04-04,S004,Delhi Select,North,P012,Non-stick Pan,Home Appliances,Kitchen,2,2199,0,4398,2462.88,1935.12,UPI,Web,Processing,,83,25,SELLER004,1,0
O001426,C0243,2025-07-17,S005,Hyderabad Hub,South,P007,Desk Lamp,Home,Lighting,3,999,5,2847.15,1622.88,1224.27,Credit Card,Mobile App,Returned,4,102,32,SELLER005,2,1
O001427,C0010,2025-10-03,S006,Pune Market,West,P002,Smart Watch,Electronics,Wearables,4,5999,10,21596.4,12525.91,9070.49,Debit Card,Store,Cancelled,,121,39,SELLER006,3,0
O001428,C0027,2025-01-16,S001,Bengaluru Central,South,P013,USB-C Hub,Electronics,Accessories,1,2299,15,1954.15,1016.16,937.99,Wallet,Web,Delivered,6,140,46,SELLER007,4,0
O001429,C0044,2025-04-02,S002,Chennai Marina,South,P008,Yoga Mat,Sports,Fitness,2,1299,20,2078.4,1101.55,976.85,Net Banking,Mobile App,Delivered,7,159,53,SELLER008,5,0
O001430,C0061,2025-07-15,S003,Mumbai West,West,P003,Coffee Maker,Home Appliances,Kitchen,3,3499,0,10497,5668.38,4828.62,UPI,Store,Delivered,8,178,25,SELLER009,1,0
O001431,C0078,2025-10-01,S004,Delhi Select,North,P014,Office Chair,Office,Furniture,4,8999,5,34196.2,18807.91,15388.29,Credit Card,Web,Shipped,9,17,32,SELLER010,2,0
O001432,C0095,2025-01-14,S005,Hyderabad Hub,South,P009,Backpack,Fashion,Bags,1,1799,10,1619.1,906.7,712.4,Debit Card,Mobile App,Processing,,36,39,SELLER011,3,0
O001433,C0112,2025-04-27,S006,Pune Market,West,P004,Running Shoes,Fashion,Footwear,2,2999,15,5098.3,2906.03,2192.27,Wallet,Store,Returned,3,55,46,SELLER012,4,1
O001434,C0129,2025-07-13,S001,Bengaluru Central,South,P015,Skincare Set,Beauty,Personal Care,3,2499,20,5997.6,3478.61,2518.99,Net Banking,Web,Cancelled,,74,53,SELLER013,5,0
O001435,C0146,2025-10-26,S002,Chennai Marina,South,P010,Water Bottle,Sports,Fitness,4,699,0,2796,1453.92,1342.08,UPI,Mobile App,Delivered,5,93,25,SELLER014,1,0
O001436,C0163,2025-01-12,S003,Mumbai West,West,P005,Bluetooth Speaker,Electronics,Audio,1,1899,5,1804.05,956.15,847.9,Credit Card,Store,Delivered,6,112,32,SELLER015,2,0
O001437,C0180,2025-04-25,S004,Delhi Select,North,P016,Bluetooth Keyboard,Electronics,Accessories,2,2799,10,5038.2,2720.63,2317.57,Debit Card,Web,Delivered,7,131,39,SELLER016,3,0
O001438,C0197,2025-07-11,S005,Hyderabad Hub,South,P011,Cotton Bedsheet,Home,Bedding,3,1599,15,4077.45,2242.6,1834.85,Wallet,Mobile App,Shipped,8,150,46,SELLER017,4,0
O001439,C0214,2025-10-24,S006,Pune Market,West,P006,Laptop Stand,Office,Accessories,4,1499,20,4796.8,2686.21,2110.59,Net Banking,Store,Processing,,169,53,SELLER018,5,0
O001440,C0231,2025-01-10,S001,Bengaluru Central,South,P001,Wireless Headphones,Electronics,Audio,1,2499,0,2499,1424.43,1074.57,UPI,Web,Returned,2,8,25,SELLER001,1,1
O001441,C0248,2025-04-23,S002,Chennai Marina,South,P012,Non-stick Pan,Home Appliances,Kitchen,2,2199,5,4178.1,2423.3,1754.8,Credit Card,Mobile App,Cancelled,,27,32,SELLER002,2,0
O001442,C0015,2025-07-09,S003,Mumbai West,West,P007,Desk Lamp,Home,Lighting,3,999,10,2697.3,1402.6,1294.7,Debit Card,Store,Delivered,4,46,39,SELLER003,3,0
O001443,C0032,2025-10-22,S004,Delhi Select,North,P002,Smart Watch,Electronics,Wearables,4,5999,15,20396.6,10810.2,9586.4,Wallet,Web,Delivered,5,65,46,SELLER004,4,0
O001444,C0049,2025-01-08,S005,Hyderabad Hub,South,P013,USB-C Hub,Electronics,Accessories,1,2299,20,1839.2,993.17,846.03,Net Banking,Mobile App,Delivered,6,84,53,SELLER005,5,0
O001445,C0066,2025-04-21,S006,Pune Market,West,P008,Yoga Mat,Sports,Fitness,2,1299,0,2598,1428.9,1169.1,UPI,Store,Shipped,7,103,25,SELLER006,1,0
O001446,C0083,2025-07-07,S001,Bengaluru Central,South,P003,Coffee Maker,Home Appliances,Kitchen,3,3499,5,9972.15,5584.4,4387.75,Credit Card,Web,Processing,,122,32,SELLER007,2,0
O001447,C0100,2025-10-20,S002,Chennai Marina,South,P014,Office Chair,Office,Furniture,4,8999,10,32396.4,18465.95,13930.45,Debit Card,Mobile App,Returned,9,141,39,SELLER008,3,1
O001448,C0117,2025-01-06,S003,Mumbai West,West,P009,Backpack,Fashion,Bags,1,1799,15,1529.15,886.91,642.24,Wallet,Store,Cancelled,,160,46,SELLER009,4,0
O001449,C0134,2025-04-19,S004,Delhi Select,North,P004,Running Shoes,Fashion,Footwear,2,2999,20,4798.4,2495.17,2303.23,Net Banking,Web,Delivered,3,179,53,SELLER010,5,0
O001450,C0151,2025-07-05,S005,Hyderabad Hub,South,P015,Skincare Set,Beauty,Personal Care,3,2499,0,7497,3973.41,3523.59,UPI,Mobile App,Delivered,4,18,25,SELLER011,1,0
O001451,C0168,2025-10-18,S006,Pune Market,West,P010,Water Bottle,Sports,Fitness,4,699,5,2656.2,1434.35,1221.85,Credit Card,Store,Delivered,5,37,32,SELLER012,2,0
O001452,C0185,2025-01-04,S001,Bengaluru Central,South,P005,Bluetooth Speaker,Electronics,Audio,1,1899,10,1709.1,940,769.1,Debit Card,Web,Shipped,6,56,39,SELLER013,3,0
O001453,C0202,2025-04-17,S002,Chennai Marina,South,P016,Bluetooth Keyboard,Electronics,Accessories,2,2799,15,4758.3,2664.65,2093.65,Wallet,Mobile App,Processing,,75,46,SELLER014,4,0
O001454,C0219,2025-07-03,S003,Mumbai West,West,P011,Cotton Bedsheet,Home,Bedding,3,1599,20,3837.6,2187.43,1650.17,Net Banking,Store,Returned,8,94,53,SELLER015,5,1
O001455,C0236,2025-10-16,S004,Delhi Select,North,P006,Laptop Stand,Office,Accessories,4,1499,0,5996,3477.68,2518.32,UPI,Web,Cancelled,,113,25,SELLER016,1,0
O001456,C0003,2025-01-02,S005,Hyderabad Hub,South,P001,Wireless Headphones,Electronics,Audio,1,2499,5,2374.05,1234.51,1139.54,Credit Card,Mobile App,Delivered,2,132,32,SELLER017,2,0
O001457,C0020,2025-04-15,S006,Pune Market,West,P012,Non-stick Pan,Home Appliances,Kitchen,2,2199,10,3958.2,2097.85,1860.35,Debit Card,Store,Delivered,3,151,39,SELLER018,3,0
O001458,C0037,2025-07-01,S001,Bengaluru Central,South,P007,Desk Lamp,Home,Lighting,3,999,15,2547.45,1375.62,1171.83,Wallet,Web,Delivered,4,170,46,SELLER001,4,0
O001459,C0054,2025-10-14,S002,Chennai Marina,South,P002,Smart Watch,Electronics,Wearables,4,5999,20,19196.8,10558.24,8638.56,Net Banking,Mobile App,Shipped,5,9,53,SELLER002,5,0
O001460,C0071,2025-01-27,S003,Mumbai West,West,P013,USB-C Hub,Electronics,Accessories,1,2299,0,2299,1287.44,1011.56,UPI,Store,Processing,,28,25,SELLER003,1,0
O001461,C0088,2025-04-13,S004,Delhi Select,North,P008,Yoga Mat,Sports,Fitness,2,1299,5,2468.1,1406.82,1061.28,Credit Card,Web,Returned,7,47,32,SELLER004,2,1
O001462,C0105,2025-07-26,S005,Hyderabad Hub,South,P003,Coffee Maker,Home Appliances,Kitchen,3,3499,10,9447.3,5479.43,3967.87,Debit Card,Mobile App,Cancelled,,66,39,SELLER005,3,0
O001463,C0122,2025-10-12,S006,Pune Market,West,P014,Office Chair,Office,Furniture,4,8999,15,30596.6,15910.23,14686.37,Wallet,Store,Delivered,9,85,46,SELLER006,4,0
O001464,C0139,2025-01-25,S001,Bengaluru Central,South,P009,Backpack,Fashion,Bags,1,1799,20,1439.2,762.78,676.42,Net Banking,Web,Delivered,2,104,53,SELLER007,5,0
O001465,C0156,2025-04-11,S002,Chennai Marina,South,P004,Running Shoes,Fashion,Footwear,2,2999,0,5998,3238.92,2759.08,UPI,Mobile App,Delivered,3,123,25,SELLER008,1,0
O001466,C0173,2025-07-24,S003,Mumbai West,West,P015,Skincare Set,Beauty,Personal Care,3,2499,5,7122.15,3917.18,3204.97,Credit Card,Store,Shipped,4,142,32,SELLER009,2,0
O001467,C0190,2025-10-10,S004,Delhi Select,North,P010,Water Bottle,Sports,Fitness,4,699,10,2516.4,1409.18,1107.22,Debit Card,Web,Processing,,161,39,SELLER010,3,0
O001468,C0207,2025-01-23,S005,Hyderabad Hub,South,P005,Bluetooth Speaker,Electronics,Audio,1,1899,15,1614.15,920.07,694.08,Wallet,Mobile App,Returned,6,180,46,SELLER011,4,1
O001469,C0224,2025-04-09,S006,Pune Market,West,P016,Bluetooth Keyboard,Electronics,Accessories,2,2799,20,4478.4,2597.47,1880.93,Net Banking,Store,Cancelled,,19,53,SELLER012,5,0
O001470,C0241,2025-07-22,S001,Bengaluru Central,South,P011,Cotton Bedsheet,Home,Bedding,3,1599,0,4797,2494.44,2302.56,UPI,Web,Delivered,8,38,25,SELLER013,1,0
O001471,C0008,2025-10-08,S002,Chennai Marina,South,P006,Laptop Stand,Office,Accessories,4,1499,5,5696.2,3018.99,2677.21,Credit Card,Mobile App,Delivered,9,57,32,SELLER014,2,0
O001472,C0025,2025-01-21,S003,Mumbai West,West,P001,Wireless Headphones,Electronics,Audio,1,2499,10,2249.1,1214.51,1034.59,Debit Card,Store,Delivered,2,76,39,SELLER015,3,0
O001473,C0042,2025-04-07,S004,Delhi Select,North,P012,Non-stick Pan,Home Appliances,Kitchen,2,2199,15,3738.3,2056.07,1682.23,Wallet,Web,Shipped,3,95,46,SELLER016,4,0
O001474,C0059,2025-07-20,S005,Hyderabad Hub,South,P007,Desk Lamp,Home,Lighting,3,999,20,2397.6,1342.66,1054.94,Net Banking,Mobile App,Processing,,114,53,SELLER017,5,0
O001475,C0076,2025-10-06,S006,Pune Market,West,P002,Smart Watch,Electronics,Wearables,4,5999,0,23996,13677.72,10318.28,UPI,Store,Returned,5,133,25,SELLER018,1,1
O001476,C0093,2025-01-19,S001,Bengaluru Central,South,P013,USB-C Hub,Electronics,Accessories,1,2299,5,2184.05,1266.75,917.3,Credit Card,Web,Cancelled,,152,32,SELLER001,2,0
O001477,C0110,2025-04-05,S002,Chennai Marina,South,P008,Yoga Mat,Sports,Fitness,2,1299,10,2338.2,1215.86,1122.34,Debit Card,Mobile App,Delivered,7,171,39,SELLER002,3,0
O001478,C0127,2025-07-18,S003,Mumbai West,West,P003,Coffee Maker,Home Appliances,Kitchen,3,3499,15,8922.45,4728.9,4193.55,Wallet,Store,Delivered,8,10,46,SELLER003,4,0
O001479,C0144,2025-10-04,S004,Delhi Select,North,P014,Office Chair,Office,Furniture,4,8999,20,28796.8,15550.27,13246.53,Net Banking,Web,Delivered,9,29,53,SELLER004,5,0
O001480,C0161,2025-01-17,S005,Hyderabad Hub,South,P009,Backpack,Fashion,Bags,1,1799,0,1799,989.45,809.55,UPI,Mobile App,Shipped,2,48,25,SELLER005,1,0
O001481,C0178,2025-04-03,S006,Pune Market,West,P004,Running Shoes,Fashion,Footwear,2,2999,5,5698.1,3190.94,2507.16,Credit Card,Store,Processing,,67,32,SELLER006,2,0
O001482,C0195,2025-07-16,S001,Bengaluru Central,South,P015,Skincare Set,Beauty,Personal Care,3,2499,10,6747.3,3845.96,2901.34,Debit Card,Web,Returned,4,86,39,SELLER007,3,1
O001483,C0212,2025-10-02,S002,Chennai Marina,South,P010,Water Bottle,Sports,Fitness,4,699,15,2376.6,1378.43,998.17,Wallet,Mobile App,Cancelled,,105,46,SELLER008,4,0
O001484,C0229,2025-01-15,S003,Mumbai West,West,P005,Bluetooth Speaker,Electronics,Audio,1,1899,20,1519.2,789.98,729.22,Net Banking,Store,Delivered,6,124,53,SELLER009,5,0
O001485,C0246,2025-04-01,S004,Delhi Select,North,P016,Bluetooth Keyboard,Electronics,Accessories,2,2799,0,5598,2966.94,2631.06,UPI,Web,Delivered,7,143,25,SELLER010,1,0
O001486,C0013,2025-07-14,S005,Hyderabad Hub,South,P011,Cotton Bedsheet,Home,Bedding,3,1599,5,4557.15,2460.86,2096.29,Credit Card,Mobile App,Delivered,8,162,32,SELLER011,2,0
O001487,C0030,2025-10-27,S006,Pune Market,West,P006,Laptop Stand,Office,Accessories,4,1499,10,5396.4,2968.02,2428.38,Debit Card,Store,Shipped,9,181,39,SELLER012,3,0
O001488,C0047,2025-01-13,S001,Bengaluru Central,South,P001,Wireless Headphones,Electronics,Audio,1,2499,15,2124.15,1189.52,934.63,Wallet,Web,Processing,,20,46,SELLER013,4,0
O001489,C0064,2025-04-26,S002,Chennai Marina,South,P012,Non-stick Pan,Home Appliances,Kitchen,2,2199,20,3518.4,2005.49,1512.91,Net Banking,Mobile App,Returned,3,39,53,SELLER014,5,1
O001490,C0081,2025-07-12,S003,Mumbai West,West,P007,Desk Lamp,Home,Lighting,3,999,0,2997,1738.26,1258.74,UPI,Store,Cancelled,,58,25,SELLER015,1,0
O001491,C0098,2025-10-25,S004,Delhi Select,North,P002,Smart Watch,Electronics,Wearables,4,5999,5,22796.2,11854.02,10942.18,Credit Card,Web,Delivered,5,77,32,SELLER016,2,0
O001492,C0115,2025-01-11,S005,Hyderabad Hub,South,P013,USB-C Hub,Electronics,Accessories,1,2299,10,2069.1,1096.62,972.48,Debit Card,Mobile App,Delivered,6,96,39,SELLER017,3,0
O001493,C0132,2025-04-24,S006,Pune Market,West,P008,Yoga Mat,Sports,Fitness,2,1299,15,2208.3,1192.48,1015.82,Wallet,Store,Delivered,7,115,46,SELLER018,4,0
O001494,C0149,2025-07-10,S001,Bengaluru Central,South,P003,Coffee Maker,Home Appliances,Kitchen,3,3499,20,8397.6,4618.68,3778.92,Net Banking,Web,Shipped,8,134,53,SELLER001,5,0
O001495,C0166,2025-10-23,S002,Chennai Marina,South,P014,Office Chair,Office,Furniture,4,8999,0,35996,20157.76,15838.24,UPI,Mobile App,Processing,,153,25,SELLER002,1,0
O001496,C0183,2025-01-09,S003,Mumbai West,West,P009,Backpack,Fashion,Bags,1,1799,5,1709.05,974.16,734.89,Credit Card,Store,Returned,2,172,32,SELLER003,2,1
O001497,C0200,2025-04-22,S004,Delhi Select,North,P004,Running Shoes,Fashion,Footwear,2,2999,10,5398.2,3130.96,2267.24,Debit Card,Web,Cancelled,,11,39,SELLER004,3,0
O001498,C0217,2025-07-08,S005,Hyderabad Hub,South,P015,Skincare Set,Beauty,Personal Care,3,2499,15,6372.45,3313.67,3058.78,Wallet,Mobile App,Delivered,4,30,46,SELLER005,4,0
O001499,C0234,2025-10-21,S006,Pune Market,West,P010,Water Bottle,Sports,Fitness,4,699,20,2236.8,1185.5,1051.3,Net Banking,Store,Delivered,5,49,53,SELLER006,5,0
O001500,C0001,2025-01-07,S001,Bengaluru Central,South,P005,Bluetooth Speaker,Electronics,Audio,1,1899,0,1899,1025.46,873.54,UPI,Web,Delivered,6,68,25,SELLER007,1,0
O001501,C0018,2025-04-20,S002,Chennai Marina,South,P016,Bluetooth Keyboard,Electronics,Accessories,2,2799,5,5318.1,2924.96,2393.14,Credit Card,Mobile App,Shipped,7,87,32,SELLER008,2,0
O001502,C0035,2025-07-06,S003,Mumbai West,West,P011,Cotton Bedsheet,Home,Bedding,3,1599,10,4317.3,2417.69,1899.61,Debit Card,Store,Processing,,106,39,SELLER009,3,0
O001503,C0052,2025-10-19,S004,Delhi Select,North,P006,Laptop Stand,Office,Accessories,4,1499,15,5096.6,2905.06,2191.54,Wallet,Web,Returned,9,125,46,SELLER010,4,1
O001504,C0069,2025-01-05,S005,Hyderabad Hub,South,P001,Wireless Headphones,Electronics,Audio,1,2499,20,1999.2,1159.54,839.66,Net Banking,Mobile App,Cancelled,,144,53,SELLER011,5,0
O001505,C0086,2025-04-18,S006,Pune Market,West,P012,Non-stick Pan,Home Appliances,Kitchen,2,2199,0,4398,2286.96,2111.04,UPI,Store,Delivered,3,163,25,SELLER012,1,0
O001506,C0103,2025-07-04,S001,Bengaluru Central,South,P007,Desk Lamp,Home,Lighting,3,999,5,2847.15,1508.99,1338.16,Credit Card,Web,Delivered,4,182,32,SELLER013,2,0
O001507,C0120,2025-10-17,S002,Chennai Marina,South,P002,Smart Watch,Electronics,Wearables,4,5999,10,21596.4,11662.06,9934.34,Debit Card,Mobile App,Delivered,5,21,39,SELLER014,3,0
O001508,C0137,2025-01-03,S003,Mumbai West,West,P013,USB-C Hub,Electronics,Accessories,1,2299,15,1954.15,1074.78,879.37,Wallet,Store,Shipped,6,40,46,SELLER015,4,0
O001509,C0154,2025-04-16,S004,Delhi Select,North,P008,Yoga Mat,Sports,Fitness,2,1299,20,2078.4,1163.9,914.5,Net Banking,Web,Processing,,59,53,SELLER016,5,0
O001510,C0171,2025-07-02,S005,Hyderabad Hub,South,P003,Coffee Maker,Home Appliances,Kitchen,3,3499,0,10497,5983.29,4513.71,UPI,Mobile App,Returned,8,78,25,SELLER017,1,1
O001511,C0188,2025-10-15,S006,Pune Market,West,P014,Office Chair,Office,Furniture,4,8999,5,34196.2,19833.8,14362.4,Credit Card,Store,Cancelled,,97,32,SELLER018,2,0
O001512,C0205,2025-01-01,S001,Bengaluru Central,South,P009,Backpack,Fashion,Bags,1,1799,10,1619.1,841.93,777.17,Debit Card,Web,Delivered,2,116,39,SELLER001,3,0
O001513,C0222,2025-04-14,S002,Chennai Marina,South,P004,Running Shoes,Fashion,Footwear,2,2999,15,5098.3,2702.1,2396.2,Wallet,Mobile App,Delivered,3,135,46,SELLER002,4,0
O001514,C0239,2025-07-27,S003,Mumbai West,West,P015,Skincare Set,Beauty,Personal Care,3,2499,20,5997.6,3238.7,2758.9,Net Banking,Store,Delivered,4,154,53,SELLER003,5,0
O001515,C0006,2025-10-13,S004,Delhi Select,North,P010,Water Bottle,Sports,Fitness,4,699,0,2796,1537.8,1258.2,UPI,Web,Shipped,5,173,25,SELLER004,1,0
O001516,C0023,2025-01-26,S005,Hyderabad Hub,South,P005,Bluetooth Speaker,Electronics,Audio,1,1899,5,1804.05,1010.27,793.78,Credit Card,Mobile App,Processing,,12,32,SELLER005,2,0
O001517,C0040,2025-04-12,S006,Pune Market,West,P016,Bluetooth Keyboard,Electronics,Accessories,2,2799,10,5038.2,2871.77,2166.43,Debit Card,Store,Returned,7,31,39,SELLER006,3,1
O001518,C0057,2025-07-25,S001,Bengaluru Central,South,P011,Cotton Bedsheet,Home,Bedding,3,1599,15,4077.45,2364.92,1712.53,Wallet,Web,Cancelled,,50,46,SELLER007,4,0
O001519,C0074,2025-10-11,S002,Chennai Marina,South,P006,Laptop Stand,Office,Accessories,4,1499,20,4796.8,2494.34,2302.46,Net Banking,Mobile App,Delivered,9,69,53,SELLER008,5,0
O001520,C0091,2025-01-24,S003,Mumbai West,West,P001,Wireless Headphones,Electronics,Audio,1,2499,0,2499,1324.47,1174.53,UPI,Store,Delivered,2,88,25,SELLER009,1,0
O001521,C0108,2025-04-10,S004,Delhi Select,North,P012,Non-stick Pan,Home Appliances,Kitchen,2,2199,5,4178.1,2256.17,1921.93,Credit Card,Web,Delivered,3,107,32,SELLER010,2,0
O001522,C0125,2025-07-23,S005,Hyderabad Hub,South,P007,Desk Lamp,Home,Lighting,3,999,10,2697.3,1483.52,1213.78,Debit Card,Mobile App,Shipped,4,126,39,SELLER011,3,0
O001523,C0142,2025-10-09,S006,Pune Market,West,P002,Smart Watch,Electronics,Wearables,4,5999,15,20396.6,11422.1,8974.5,Wallet,Store,Processing,,145,46,SELLER012,4,0
O001524,C0159,2025-01-22,S001,Bengaluru Central,South,P013,USB-C Hub,Electronics,Accessories,1,2299,20,1839.2,1048.34,790.86,Net Banking,Web,Returned,6,164,53,SELLER013,5,1
O001525,C0176,2025-04-08,S002,Chennai Marina,South,P008,Yoga Mat,Sports,Fitness,2,1299,0,2598,1506.84,1091.16,UPI,Mobile App,Cancelled,,183,25,SELLER014,1,0
O001526,C0193,2025-07-21,S003,Mumbai West,West,P003,Coffee Maker,Home Appliances,Kitchen,3,3499,5,9972.15,5185.52,4786.63,Credit Card,Store,Delivered,8,22,32,SELLER015,2,0
O001527,C0210,2025-10-07,S004,Delhi Select,North,P014,Office Chair,Office,Furniture,4,8999,10,32396.4,17170.09,15226.31,Debit Card,Web,Delivered,9,41,39,SELLER016,3,0
O001528,C0227,2025-01-20,S005,Hyderabad Hub,South,P009,Backpack,Fashion,Bags,1,1799,15,1529.15,825.74,703.41,Wallet,Mobile App,Delivered,2,60,46,SELLER017,4,0
O001529,C0244,2025-04-06,S006,Pune Market,West,P004,Running Shoes,Fashion,Footwear,2,2999,20,4798.4,2639.12,2159.28,Net Banking,Store,Shipped,3,79,53,SELLER018,5,0
O001530,C0011,2025-07-19,S001,Bengaluru Central,South,P015,Skincare Set,Beauty,Personal Care,3,2499,0,7497,4198.32,3298.68,UPI,Web,Processing,,98,25,SELLER001,1,0
O001531,C0028,2025-10-05,S002,Chennai Marina,South,P010,Water Bottle,Sports,Fitness,4,699,5,2656.2,1514.03,1142.17,Credit Card,Mobile App,Returned,5,117,32,SELLER002,2,1
O001532,C0045,2025-01-18,S003,Mumbai West,West,P005,Bluetooth Speaker,Electronics,Audio,1,1899,10,1709.1,991.28,717.82,Debit Card,Store,Cancelled,,136,39,SELLER003,3,0
O001533,C0062,2025-04-04,S004,Delhi Select,North,P016,Bluetooth Keyboard,Electronics,Accessories,2,2799,15,4758.3,2474.32,2283.98,Wallet,Web,Delivered,7,155,46,SELLER004,4,0
O001534,C0079,2025-07-17,S005,Hyderabad Hub,South,P011,Cotton Bedsheet,Home,Bedding,3,1599,20,3837.6,2033.93,1803.67,Net Banking,Mobile App,Delivered,8,174,53,SELLER005,5,0
O001535,C0096,2025-10-03,S006,Pune Market,West,P006,Laptop Stand,Office,Accessories,4,1499,0,5996,3237.84,2758.16,UPI,Store,Delivered,9,13,25,SELLER006,1,0
O001536,C0113,2025-01-16,S001,Bengaluru Central,South,P001,Wireless Headphones,Electronics,Audio,1,2499,5,2374.05,1305.73,1068.32,Credit Card,Web,Shipped,2,32,32,SELLER007,2,0
O001537,C0130,2025-04-02,S002,Chennai Marina,South,P012,Non-stick Pan,Home Appliances,Kitchen,2,2199,10,3958.2,2216.59,1741.61,Debit Card,Mobile App,Processing,,51,39,SELLER008,3,0
O001538,C0147,2025-07-15,S003,Mumbai West,West,P007,Desk Lamp,Home,Lighting,3,999,15,2547.45,1452.05,1095.4,Wallet,Store,Returned,4,70,46,SELLER009,4,1
O001539,C0164,2025-10-01,S004,Delhi Select,North,P002,Smart Watch,Electronics,Wearables,4,5999,20,19196.8,11134.14,8062.66,Net Banking,Web,Cancelled,,89,53,SELLER010,5,0
O001540,C0181,2025-01-14,S005,Hyderabad Hub,South,P013,USB-C Hub,Electronics,Accessories,1,2299,0,2299,1195.48,1103.52,UPI,Mobile App,Delivered,6,108,25,SELLER011,1,0
O001541,C0198,2025-04-27,S006,Pune Market,West,P008,Yoga Mat,Sports,Fitness,2,1299,5,2468.1,1308.09,1160.01,Credit Card,Store,Delivered,7,127,32,SELLER012,2,0
O001542,C0215,2025-07-13,S001,Bengaluru Central,South,P003,Coffee Maker,Home Appliances,Kitchen,3,3499,10,9447.3,5101.54,4345.76,Debit Card,Web,Delivered,8,146,39,SELLER013,3,0
O001543,C0232,2025-10-26,S002,Chennai Marina,South,P014,Office Chair,Office,Furniture,4,8999,15,30596.6,16828.13,13768.47,Wallet,Mobile App,Shipped,9,165,46,SELLER014,4,0
O001544,C0249,2025-01-12,S003,Mumbai West,West,P009,Backpack,Fashion,Bags,1,1799,20,1439.2,805.95,633.25,Net Banking,Store,Processing,,184,53,SELLER015,5,0
O001545,C0016,2025-04-25,S004,Delhi Select,North,P004,Running Shoes,Fashion,Footwear,2,2999,0,5998,3418.86,2579.14,UPI,Web,Returned,3,23,25,SELLER016,1,1
O001546,C0033,2025-07-11,S005,Hyderabad Hub,South,P015,Skincare Set,Beauty,Personal Care,3,2499,5,7122.15,4130.85,2991.3,Credit Card,Mobile App,Cancelled,,42,32,SELLER017,2,0
O001547,C0050,2025-10-24,S006,Pune Market,West,P010,Water Bottle,Sports,Fitness,4,699,10,2516.4,1308.53,1207.87,Debit Card,Store,Delivered,5,61,39,SELLER018,3,0
O001548,C0067,2025-01-10,S001,Bengaluru Central,South,P005,Bluetooth Speaker,Electronics,Audio,1,1899,15,1614.15,855.5,758.65,Wallet,Web,Delivered,6,80,46,SELLER001,4,0
O001549,C0084,2025-04-23,S002,Chennai Marina,South,P016,Bluetooth Keyboard,Electronics,Accessories,2,2799,20,4478.4,2418.34,2060.06,Net Banking,Mobile App,Delivered,7,99,53,SELLER002,5,0
O001550,C0101,2025-07-09,S003,Mumbai West,West,P011,Cotton Bedsheet,Home,Bedding,3,1599,0,4797,2638.35,2158.65,UPI,Store,Shipped,8,118,25,SELLER003,1,0
O001551,C0118,2025-10-22,S004,Delhi Select,North,P006,Laptop Stand,Office,Accessories,4,1499,5,5696.2,3189.87,2506.33,Credit Card,Web,Processing,,137,32,SELLER004,2,0
O001552,C0135,2025-01-08,S005,Hyderabad Hub,South,P001,Wireless Headphones,Electronics,Audio,1,2499,10,2249.1,1281.99,967.11,Debit Card,Mobile App,Returned,2,156,39,SELLER005,3,1
O001553,C0152,2025-04-21,S006,Pune Market,West,P012,Non-stick Pan,Home Appliances,Kitchen,2,2199,15,3738.3,2168.21,1570.09,Wallet,Store,Cancelled,,175,46,SELLER006,4,0
O001554,C0169,2025-07-07,S001,Bengaluru Central,South,P007,Desk Lamp,Home,Lighting,3,999,20,2397.6,1246.75,1150.85,Net Banking,Web,Delivered,4,14,53,SELLER007,5,0
O001555,C0186,2025-10-20,S002,Chennai Marina,South,P002,Smart Watch,Electronics,Wearables,4,5999,0,23996,12717.88,11278.12,UPI,Mobile App,Delivered,5,33,25,SELLER008,1,0
O001556,C0203,2025-01-06,S003,Mumbai West,West,P013,USB-C Hub,Electronics,Accessories,1,2299,5,2184.05,1179.39,1004.66,Credit Card,Store,Delivered,6,52,32,SELLER009,2,0
O001557,C0220,2025-04-19,S004,Delhi Select,North,P008,Yoga Mat,Sports,Fitness,2,1299,10,2338.2,1286.01,1052.19,Debit Card,Web,Shipped,7,71,39,SELLER010,3,0
O001558,C0237,2025-07-05,S005,Hyderabad Hub,South,P003,Coffee Maker,Home Appliances,Kitchen,3,3499,15,8922.45,4996.57,3925.88,Wallet,Mobile App,Processing,,90,46,SELLER011,4,0
O001559,C0004,2025-10-18,S006,Pune Market,West,P014,Office Chair,Office,Furniture,4,8999,20,28796.8,16414.18,12382.62,Net Banking,Store,Returned,9,109,53,SELLER012,5,1
O001560,C0021,2025-01-04,S001,Bengaluru Central,South,P009,Backpack,Fashion,Bags,1,1799,0,1799,1043.42,755.58,UPI,Web,Cancelled,,128,25,SELLER013,1,0
O001561,C0038,2025-04-17,S002,Chennai Marina,South,P004,Running Shoes,Fashion,Footwear,2,2999,5,5698.1,2963.01,2735.09,Credit Card,Mobile App,Delivered,3,147,32,SELLER014,2,0
O001562,C0055,2025-07-03,S003,Mumbai West,West,P015,Skincare Set,Beauty,Personal Care,3,2499,10,6747.3,3576.07,3171.23,Debit Card,Store,Delivered,4,166,39,SELLER015,3,0
O001563,C0072,2025-10-16,S004,Delhi Select,North,P010,Water Bottle,Sports,Fitness,4,699,15,2376.6,1283.36,1093.24,Wallet,Web,Delivered,5,185,46,SELLER016,4,0
O001564,C0089,2025-01-02,S005,Hyderabad Hub,South,P005,Bluetooth Speaker,Electronics,Audio,1,1899,20,1519.2,835.56,683.64,Net Banking,Mobile App,Shipped,6,24,53,SELLER017,5,0
O001565,C0106,2025-04-15,S006,Pune Market,West,P016,Bluetooth Keyboard,Electronics,Accessories,2,2799,0,5598,3134.88,2463.12,UPI,Store,Processing,,43,25,SELLER018,1,0
O001566,C0123,2025-07-01,S001,Bengaluru Central,South,P011,Cotton Bedsheet,Home,Bedding,3,1599,5,4557.15,2597.58,1959.57,Credit Card,Web,Returned,8,62,32,SELLER001,2,1
O001567,C0140,2025-10-14,S002,Chennai Marina,South,P006,Laptop Stand,Office,Accessories,4,1499,10,5396.4,3129.91,2266.49,Debit Card,Mobile App,Cancelled,,81,39,SELLER002,3,0
O001568,C0157,2025-01-27,S003,Mumbai West,West,P001,Wireless Headphones,Electronics,Audio,1,2499,15,2124.15,1104.56,1019.59,Wallet,Store,Delivered,2,100,46,SELLER003,4,0
O001569,C0174,2025-04-13,S004,Delhi Select,North,P012,Non-stick Pan,Home Appliances,Kitchen,2,2199,20,3518.4,1864.75,1653.65,Net Banking,Web,Delivered,3,119,53,SELLER004,5,0
O001570,C0191,2025-07-26,S005,Hyderabad Hub,South,P007,Desk Lamp,Home,Lighting,3,999,0,2997,1618.38,1378.62,UPI,Mobile App,Delivered,4,138,25,SELLER005,1,0
O001571,C0208,2025-10-12,S006,Pune Market,West,P002,Smart Watch,Electronics,Wearables,4,5999,5,22796.2,12537.91,10258.29,Credit Card,Store,Shipped,5,157,32,SELLER006,2,0
O001572,C0225,2025-01-25,S001,Bengaluru Central,South,P013,USB-C Hub,Electronics,Accessories,1,2299,10,2069.1,1158.7,910.4,Debit Card,Web,Processing,,176,39,SELLER007,3,0
O001573,C0242,2025-04-11,S002,Chennai Marina,South,P008,Yoga Mat,Sports,Fitness,2,1299,15,2208.3,1258.73,949.57,Wallet,Mobile App,Returned,7,15,46,SELLER008,4,1
O001574,C0009,2025-07-24,S003,Mumbai West,West,P003,Coffee Maker,Home Appliances,Kitchen,3,3499,20,8397.6,4870.61,3526.99,Net Banking,Store,Cancelled,,34,53,SELLER009,5,0
O001575,C0026,2025-10-10,S004,Delhi Select,North,P014,Office Chair,Office,Furniture,4,8999,0,35996,18717.92,17278.08,UPI,Web,Delivered,9,53,25,SELLER010,1,0
O001576,C0043,2025-01-23,S005,Hyderabad Hub,South,P009,Backpack,Fashion,Bags,1,1799,5,1709.05,905.8,803.25,Credit Card,Mobile App,Delivered,2,72,32,SELLER011,2,0
O001577,C0060,2025-04-09,S006,Pune Market,West,P004,Running Shoes,Fashion,Footwear,2,2999,10,5398.2,2915.03,2483.17,Debit Card,Store,Delivered,3,91,39,SELLER012,3,0
O001578,C0077,2025-07-22,S001,Bengaluru Central,South,P015,Skincare Set,Beauty,Personal Care,3,2499,15,6372.45,3504.85,2867.6,Wallet,Web,Shipped,4,110,46,SELLER013,4,0
O001579,C0094,2025-10-08,S002,Chennai Marina,South,P010,Water Bottle,Sports,Fitness,4,699,20,2236.8,1252.61,984.19,Net Banking,Mobile App,Processing,,129,53,SELLER014,5,0
O001580,C0111,2025-01-21,S003,Mumbai West,West,P005,Bluetooth Speaker,Electronics,Audio,1,1899,0,1899,1082.43,816.57,UPI,Store,Returned,6,148,25,SELLER015,1,1
O001581,C0128,2025-04-07,S004,Delhi Select,North,P016,Bluetooth Keyboard,Electronics,Accessories,2,2799,5,5318.1,3084.5,2233.6,Credit Card,Web,Cancelled,,167,32,SELLER016,2,0
O001582,C0145,2025-07-20,S005,Hyderabad Hub,South,P011,Cotton Bedsheet,Home,Bedding,3,1599,10,4317.3,2245,2072.3,Debit Card,Mobile App,Delivered,8,186,39,SELLER017,3,0
O001583,C0162,2025-10-06,S006,Pune Market,West,P006,Laptop Stand,Office,Accessories,4,1499,15,5096.6,2701.2,2395.4,Wallet,Store,Delivered,9,25,46,SELLER018,4,0
O001584,C0179,2025-01-19,S001,Bengaluru Central,South,P001,Wireless Headphones,Electronics,Audio,1,2499,20,1999.2,1079.57,919.63,Net Banking,Web,Delivered,2,44,53,SELLER001,5,0
O001585,C0196,2025-04-05,S002,Chennai Marina,South,P012,Non-stick Pan,Home Appliances,Kitchen,2,2199,0,4398,2418.9,1979.1,UPI,Mobile App,Shipped,3,63,25,SELLER002,1,0
O001586,C0213,2025-07-18,S003,Mumbai West,West,P007,Desk Lamp,Home,Lighting,3,999,5,2847.15,1594.4,1252.75,Credit Card,Store,Processing,,82,32,SELLER003,2,0
O001587,C0230,2025-10-04,S004,Delhi Select,North,P002,Smart Watch,Electronics,Wearables,4,5999,10,21596.4,12309.95,9286.45,Debit Card,Web,Returned,5,101,39,SELLER004,3,1
O001588,C0247,2025-01-17,S005,Hyderabad Hub,South,P013,USB-C Hub,Electronics,Accessories,1,2299,15,1954.15,1133.41,820.74,Wallet,Mobile App,Cancelled,,120,46,SELLER005,4,0
O001589,C0014,2025-04-03,S006,Pune Market,West,P008,Yoga Mat,Sports,Fitness,2,1299,20,2078.4,1080.77,997.63,Net Banking,Store,Delivered,7,139,53,SELLER006,5,0
O001590,C0031,2025-07-16,S001,Bengaluru Central,South,P003,Coffee Maker,Home Appliances,Kitchen,3,3499,0,10497,5563.41,4933.59,UPI,Web,Delivered,8,158,25,SELLER007,1,0
O001591,C0048,2025-10-02,S002,Chennai Marina,South,P014,Office Chair,Office,Furniture,4,8999,5,34196.2,18465.95,15730.25,Credit Card,Mobile App,Delivered,9,177,32,SELLER008,2,0
O001592,C0065,2025-01-15,S003,Mumbai West,West,P009,Backpack,Fashion,Bags,1,1799,10,1619.1,890.5,728.6,Debit Card,Store,Shipped,2,16,39,SELLER009,3,0
O001593,C0082,2025-04-01,S004,Delhi Select,North,P004,Running Shoes,Fashion,Footwear,2,2999,15,5098.3,2855.05,2243.25,Wallet,Web,Processing,,35,46,SELLER010,4,0
O001594,C0099,2025-07-14,S005,Hyderabad Hub,South,P015,Skincare Set,Beauty,Personal Care,3,2499,20,5997.6,3418.63,2578.97,Net Banking,Mobile App,Returned,4,54,53,SELLER011,5,1
O001595,C0116,2025-10-27,S006,Pune Market,West,P010,Water Bottle,Sports,Fitness,4,699,0,2796,1621.68,1174.32,UPI,Store,Cancelled,,73,25,SELLER012,1,0
O001596,C0133,2025-01-13,S001,Bengaluru Central,South,P005,Bluetooth Speaker,Electronics,Audio,1,1899,5,1804.05,938.11,865.94,Credit Card,Web,Delivered,6,92,32,SELLER013,2,0
O001597,C0150,2025-04-26,S002,Chennai Marina,South,P016,Bluetooth Keyboard,Electronics,Accessories,2,2799,10,5038.2,2670.25,2367.95,Debit Card,Mobile App,Delivered,7,111,39,SELLER014,3,0
O001598,C0167,2025-07-12,S003,Mumbai West,West,P011,Cotton Bedsheet,Home,Bedding,3,1599,15,4077.45,2201.82,1875.63,Wallet,Store,Delivered,8,130,46,SELLER015,4,0
O001599,C0184,2025-10-25,S004,Delhi Select,North,P006,Laptop Stand,Office,Accessories,4,1499,20,4796.8,2638.24,2158.56,Net Banking,Web,Shipped,9,149,53,SELLER016,5,0
O001600,C0201,2025-01-11,S005,Hyderabad Hub,South,P001,Wireless Headphones,Electronics,Audio,1,2499,0,2499,1399.44,1099.56,UPI,Mobile App,Processing,,168,25,SELLER017,1,0
O001601,C0218,2025-04-24,S006,Pune Market,West,P012,Non-stick Pan,Home Appliances,Kitchen,2,2199,5,4178.1,2381.52,1796.58,Credit Card,Store,Returned,3,187,32,SELLER018,2,1
O001602,C0235,2025-07-10,S001,Bengaluru Central,South,P007,Desk Lamp,Home,Lighting,3,999,10,2697.3,1564.43,1132.87,Debit Card,Web,Cancelled,,26,39,SELLER001,3,0
O001603,C0002,2025-10-23,S002,Chennai Marina,South,P002,Smart Watch,Electronics,Wearables,4,5999,15,20396.6,10606.23,9790.37,Wallet,Mobile App,Delivered,5,45,46,SELLER002,4,0
O001604,C0019,2025-01-09,S003,Mumbai West,West,P013,USB-C Hub,Electronics,Accessories,1,2299,20,1839.2,974.78,864.42,Net Banking,Store,Delivered,6,64,53,SELLER003,5,0
O001605,C0036,2025-04-22,S004,Delhi Select,North,P008,Yoga Mat,Sports,Fitness,2,1299,0,2598,1402.92,1195.08,UPI,Web,Delivered,7,83,25,SELLER004,1,0
O001606,C0053,2025-07-08,S005,Hyderabad Hub,South,P003,Coffee Maker,Home Appliances,Kitchen,3,3499,5,9972.15,5484.68,4487.47,Credit Card,Mobile App,Shipped,8,102,32,SELLER005,2,0
O001607,C0070,2025-10-21,S006,Pune Market,West,P014,Office Chair,Office,Furniture,4,8999,10,32396.4,18141.98,14254.42,Debit Card,Store,Processing,,121,39,SELLER006,3,0
O001608,C0087,2025-01-07,S001,Bengaluru Central,South,P009,Backpack,Fashion,Bags,1,1799,15,1529.15,871.62,657.53,Wallet,Web,Returned,2,140,46,SELLER007,4,1
O001609,C0104,2025-04-20,S002,Chennai Marina,South,P004,Running Shoes,Fashion,Footwear,2,2999,20,4798.4,2783.07,2015.33,Net Banking,Mobile App,Cancelled,,159,53,SELLER008,5,0
O001610,C0121,2025-07-06,S003,Mumbai West,West,P015,Skincare Set,Beauty,Personal Care,3,2499,0,7497,3898.44,3598.56,UPI,Store,Delivered,4,178,25,SELLER009,1,0
O001611,C0138,2025-10-19,S004,Delhi Select,North,P010,Water Bottle,Sports,Fitness,4,699,5,2656.2,1407.79,1248.41,Credit Card,Web,Delivered,5,17,32,SELLER010,2,0
O001612,C0155,2025-01-05,S005,Hyderabad Hub,South,P005,Bluetooth Speaker,Electronics,Audio,1,1899,10,1709.1,922.91,786.19,Debit Card,Mobile App,Delivered,6,36,39,SELLER011,3,0
O001613,C0172,2025-04-18,S006,Pune Market,West,P016,Bluetooth Keyboard,Electronics,Accessories,2,2799,15,4758.3,2617.07,2141.23,Wallet,Store,Shipped,7,55,46,SELLER012,4,0
O001614,C0189,2025-07-04,S001,Bengaluru Central,South,P011,Cotton Bedsheet,Home,Bedding,3,1599,20,3837.6,2149.06,1688.54,Net Banking,Web,Processing,,74,53,SELLER013,5,0
O001615,C0206,2025-10-17,S002,Chennai Marina,South,P006,Laptop Stand,Office,Accessories,4,1499,0,5996,3417.72,2578.28,UPI,Mobile App,Returned,9,93,25,SELLER014,1,1
O001616,C0223,2025-01-03,S003,Mumbai West,West,P001,Wireless Headphones,Electronics,Audio,1,2499,5,2374.05,1376.95,997.1,Credit Card,Store,Cancelled,,112,32,SELLER015,2,0
O001617,C0240,2025-04-16,S004,Delhi Select,North,P012,Non-stick Pan,Home Appliances,Kitchen,2,2199,10,3958.2,2058.26,1899.94,Debit Card,Web,Delivered,3,131,39,SELLER016,3,0
O001618,C0007,2025-07-02,S005,Hyderabad Hub,South,P007,Desk Lamp,Home,Lighting,3,999,15,2547.45,1350.15,1197.3,Wallet,Mobile App,Delivered,4,150,46,SELLER017,4,0
O001619,C0024,2025-10-15,S006,Pune Market,West,P002,Smart Watch,Electronics,Wearables,4,5999,20,19196.8,10366.27,8830.53,Net Banking,Store,Delivered,5,169,53,SELLER018,5,0
O001620,C0041,2025-01-01,S001,Bengaluru Central,South,P013,USB-C Hub,Electronics,Accessories,1,2299,0,2299,1264.45,1034.55,UPI,Web,Shipped,6,8,25,SELLER001,1,0
O001621,C0058,2025-04-14,S002,Chennai Marina,South,P008,Yoga Mat,Sports,Fitness,2,1299,5,2468.1,1382.14,1085.96,Credit Card,Mobile App,Processing,,27,32,SELLER002,2,0
O001622,C0075,2025-07-27,S003,Mumbai West,West,P003,Coffee Maker,Home Appliances,Kitchen,3,3499,10,9447.3,5384.96,4062.34,Debit Card,Store,Returned,8,46,39,SELLER003,3,1
O001623,C0092,2025-10-13,S004,Delhi Select,North,P014,Office Chair,Office,Furniture,4,8999,15,30596.6,17746.03,12850.57,Wallet,Web,Cancelled,,65,46,SELLER004,4,0
O001624,C0109,2025-01-26,S005,Hyderabad Hub,South,P009,Backpack,Fashion,Bags,1,1799,20,1439.2,748.38,690.82,Net Banking,Mobile App,Delivered,2,84,53,SELLER005,5,0
O001625,C0126,2025-04-12,S006,Pune Market,West,P004,Running Shoes,Fashion,Footwear,2,2999,0,5998,3178.94,2819.06,UPI,Store,Delivered,3,103,25,SELLER006,1,0
O001626,C0143,2025-07-25,S001,Bengaluru Central,South,P015,Skincare Set,Beauty,Personal Care,3,2499,5,7122.15,3845.96,3276.19,Credit Card,Web,Delivered,4,122,32,SELLER007,2,0
O001627,C0160,2025-10-11,S002,Chennai Marina,South,P010,Water Bottle,Sports,Fitness,4,699,10,2516.4,1384.02,1132.38,Debit Card,Mobile App,Shipped,5,141,39,SELLER008,3,0
O001628,C0177,2025-01-24,S003,Mumbai West,West,P005,Bluetooth Speaker,Electronics,Audio,1,1899,15,1614.15,903.92,710.23,Wallet,Store,Processing,,160,46,SELLER009,4,0
O001629,C0194,2025-04-10,S004,Delhi Select,North,P016,Bluetooth Keyboard,Electronics,Accessories,2,2799,20,4478.4,2552.69,1925.71,Net Banking,Web,Returned,7,179,53,SELLER010,5,1
O001630,C0211,2025-07-23,S005,Hyderabad Hub,South,P011,Cotton Bedsheet,Home,Bedding,3,1599,0,4797,2782.26,2014.74,UPI,Mobile App,Cancelled,,18,25,SELLER011,1,0
O001631,C0228,2025-10-09,S006,Pune Market,West,P006,Laptop Stand,Office,Accessories,4,1499,5,5696.2,2962.02,2734.18,Credit Card,Store,Delivered,9,37,32,SELLER012,2,0
O001632,C0245,2025-01-22,S001,Bengaluru Central,South,P001,Wireless Headphones,Electronics,Audio,1,2499,10,2249.1,1192.02,1057.08,Debit Card,Web,Delivered,2,56,39,SELLER013,3,0
O001633,C0012,2025-04-08,S002,Chennai Marina,South,P012,Non-stick Pan,Home Appliances,Kitchen,2,2199,15,3738.3,2018.68,1719.62,Wallet,Mobile App,Delivered,3,75,46,SELLER014,4,0
O001634,C0029,2025-07-21,S003,Mumbai West,West,P007,Desk Lamp,Home,Lighting,3,999,20,2397.6,1318.68,1078.92,Net Banking,Store,Shipped,4,94,53,SELLER015,5,0
O001635,C0046,2025-10-07,S004,Delhi Select,North,P002,Smart Watch,Electronics,Wearables,4,5999,0,23996,13437.76,10558.24,UPI,Web,Processing,,113,25,SELLER016,1,0
O001636,C0063,2025-01-20,S005,Hyderabad Hub,South,P013,USB-C Hub,Electronics,Accessories,1,2299,5,2184.05,1244.91,939.14,Credit Card,Mobile App,Returned,6,132,32,SELLER017,2,1
O001637,C0080,2025-04-06,S006,Pune Market,West,P008,Yoga Mat,Sports,Fitness,2,1299,10,2338.2,1356.16,982.04,Debit Card,Store,Cancelled,,151,39,SELLER018,3,0
O001638,C0097,2025-07-19,S001,Bengaluru Central,South,P003,Coffee Maker,Home Appliances,Kitchen,3,3499,15,8922.45,4639.67,4282.78,Wallet,Web,Delivered,8,170,46,SELLER001,4,0
O001639,C0114,2025-10-05,S002,Chennai Marina,South,P014,Office Chair,Office,Furniture,4,8999,20,28796.8,15262.3,13534.5,Net Banking,Mobile App,Delivered,9,9,53,SELLER002,5,0
O001640,C0131,2025-01-18,S003,Mumbai West,West,P009,Backpack,Fashion,Bags,1,1799,0,1799,971.46,827.54,UPI,Store,Delivered,2,28,25,SELLER003,1,0
O001641,C0148,2025-04-04,S004,Delhi Select,North,P004,Running Shoes,Fashion,Footwear,2,2999,5,5698.1,3133.96,2564.14,Credit Card,Web,Shipped,3,47,32,SELLER004,2,0
O001642,C0165,2025-07-17,S005,Hyderabad Hub,South,P015,Skincare Set,Beauty,Personal Care,3,2499,10,6747.3,3778.49,2968.81,Debit Card,Mobile App,Processing,,66,39,SELLER005,3,0
O001643,C0182,2025-10-03,S006,Pune Market,West,P010,Water Bottle,Sports,Fitness,4,699,15,2376.6,1354.66,1021.94,Wallet,Store,Returned,5,85,46,SELLER006,4,1
O001644,C0199,2025-01-16,S001,Bengaluru Central,South,P005,Bluetooth Speaker,Electronics,Audio,1,1899,20,1519.2,881.14,638.06,Net Banking,Web,Cancelled,,104,53,SELLER007,5,0
O001645,C0216,2025-04-02,S002,Chennai Marina,South,P016,Bluetooth Keyboard,Electronics,Accessories,2,2799,0,5598,2910.96,2687.04,UPI,Mobile App,Delivered,7,123,25,SELLER008,1,0
O001646,C0233,2025-07-15,S003,Mumbai West,West,P011,Cotton Bedsheet,Home,Bedding,3,1599,5,4557.15,2415.29,2141.86,Credit Card,Store,Delivered,8,142,32,SELLER009,2,0
O001647,C0250,2025-10-01,S004,Delhi Select,North,P006,Laptop Stand,Office,Accessories,4,1499,10,5396.4,2914.06,2482.34,Debit Card,Web,Delivered,9,161,39,SELLER010,3,0
O001648,C0017,2025-01-14,S005,Hyderabad Hub,South,P001,Wireless Headphones,Electronics,Audio,1,2499,15,2124.15,1168.28,955.87,Wallet,Mobile App,Shipped,2,180,46,SELLER011,4,0
O001649,C0034,2025-04-27,S006,Pune Market,West,P012,Non-stick Pan,Home Appliances,Kitchen,2,2199,20,3518.4,1970.3,1548.1,Net Banking,Store,Processing,,19,53,SELLER012,5,0
O001650,C0051,2025-07-13,S001,Bengaluru Central,South,P007,Desk Lamp,Home,Lighting,3,999,0,2997,1708.29,1288.71,UPI,Web,Returned,4,38,25,SELLER013,1,1
O001651,C0068,2025-10-26,S002,Chennai Marina,South,P002,Smart Watch,Electronics,Wearables,4,5999,5,22796.2,13221.8,9574.4,Credit Card,Mobile App,Cancelled,,57,32,SELLER014,2,0
O001652,C0085,2025-01-12,S003,Mumbai West,West,P013,USB-C Hub,Electronics,Accessories,1,2299,10,2069.1,1075.93,993.17,Debit Card,Store,Delivered,6,76,39,SELLER015,3,0
O001653,C0102,2025-04-25,S004,Delhi Select,North,P008,Yoga Mat,Sports,Fitness,2,1299,15,2208.3,1170.4,1037.9,Wallet,Web,Delivered,7,95,46,SELLER016,4,0
O001654,C0119,2025-07-11,S005,Hyderabad Hub,South,P003,Coffee Maker,Home Appliances,Kitchen,3,3499,20,8397.6,4534.7,3862.9,Net Banking,Mobile App,Delivered,8,114,53,SELLER017,5,0
O001655,C0136,2025-10-24,S006,Pune Market,West,P014,Office Chair,Office,Furniture,4,8999,0,35996,19797.8,16198.2,UPI,Store,Shipped,9,133,25,SELLER018,1,0
O001656,C0153,2025-01-10,S001,Bengaluru Central,South,P009,Backpack,Fashion,Bags,1,1799,5,1709.05,957.07,751.98,Credit Card,Web,Processing,,152,32,SELLER001,2,0
O001657,C0170,2025-04-23,S002,Chennai Marina,South,P004,Running Shoes,Fashion,Footwear,2,2999,10,5398.2,3076.97,2321.23,Debit Card,Mobile App,Returned,3,171,39,SELLER002,3,1
O001658,C0187,2025-07-09,S003,Mumbai West,West,P015,Skincare Set,Beauty,Personal Care,3,2499,15,6372.45,3696.02,2676.43,Wallet,Store,Cancelled,,10,46,SELLER003,4,0
O001659,C0204,2025-10-22,S004,Delhi Select,North,P010,Water Bottle,Sports,Fitness,4,699,20,2236.8,1163.14,1073.66,Net Banking,Web,Delivered,5,29,53,SELLER004,5,0
O001660,C0221,2025-01-08,S005,Hyderabad Hub,South,P005,Bluetooth Speaker,Electronics,Audio,1,1899,0,1899,1006.47,892.53,UPI,Mobile App,Delivered,6,48,25,SELLER005,1,0
O001661,C0238,2025-04-21,S006,Pune Market,West,P016,Bluetooth Keyboard,Electronics,Accessories,2,2799,5,5318.1,2871.77,2446.33,Credit Card,Store,Delivered,7,67,32,SELLER006,2,0
O001662,C0005,2025-07-07,S001,Bengaluru Central,South,P011,Cotton Bedsheet,Home,Bedding,3,1599,10,4317.3,2374.52,1942.78,Debit Card,Web,Shipped,8,86,39,SELLER007,3,0
O001663,C0022,2025-10-20,S002,Chennai Marina,South,P006,Laptop Stand,Office,Accessories,4,1499,15,5096.6,2854.1,2242.5,Wallet,Mobile App,Processing,,105,46,SELLER008,4,0
O001664,C0039,2025-01-06,S003,Mumbai West,West,P001,Wireless Headphones,Electronics,Audio,1,2499,20,1999.2,1139.54,859.66,Net Banking,Store,Returned,2,124,53,SELLER009,5,1
O001665,C0056,2025-04-19,S004,Delhi Select,North,P012,Non-stick Pan,Home Appliances,Kitchen,2,2199,0,4398,2550.84,1847.16,UPI,Web,Cancelled,,143,25,SELLER010,1,0
O001666,C0073,2025-07-05,S005,Hyderabad Hub,South,P007,Desk Lamp,Home,Lighting,3,999,5,2847.15,1480.52,1366.63,Credit Card,Mobile App,Delivered,4,162,32,SELLER011,2,0
O001667,C0090,2025-10-18,S006,Pune Market,West,P002,Smart Watch,Electronics,Wearables,4,5999,10,21596.4,11446.09,10150.31,Debit Card,Store,Delivered,5,181,39,SELLER012,3,0
O001668,C0107,2025-01-04,S001,Bengaluru Central,South,P013,USB-C Hub,Electronics,Accessories,1,2299,15,1954.15,1055.24,898.91,Wallet,Web,Delivered,6,20,46,SELLER013,4,0
O001669,C0124,2025-04-17,S002,Chennai Marina,South,P008,Yoga Mat,Sports,Fitness,2,1299,20,2078.4,1143.12,935.28,Net Banking,Mobile App,Shipped,7,39,53,SELLER014,5,0
O001670,C0141,2025-07-03,S003,Mumbai West,West,P003,Coffee Maker,Home Appliances,Kitchen,3,3499,0,10497,5878.32,4618.68,UPI,Store,Processing,,58,25,SELLER015,1,0
O001671,C0158,2025-10-16,S004,Delhi Select,North,P014,Office Chair,Office,Furniture,4,8999,5,34196.2,19491.83,14704.37,Credit Card,Web,Returned,9,77,32,SELLER016,2,1
O001672,C0175,2025-01-02,S005,Hyderabad Hub,South,P009,Backpack,Fashion,Bags,1,1799,10,1619.1,939.08,680.02,Debit Card,Mobile App,Cancelled,,96,39,SELLER017,3,0
O001673,C0192,2025-04-15,S006,Pune Market,West,P004,Running Shoes,Fashion,Footwear,2,2999,15,5098.3,2651.12,2447.18,Wallet,Store,Delivered,3,115,46,SELLER018,4,0
O001674,C0209,2025-07-01,S001,Bengaluru Central,South,P015,Skincare Set,Beauty,Personal Care,3,2499,20,5997.6,3178.73,2818.87,Net Banking,Web,Delivered,4,134,53,SELLER001,5,0
O001675,C0226,2025-10-14,S002,Chennai Marina,South,P010,Water Bottle,Sports,Fitness,4,699,0,2796,1509.84,1286.16,UPI,Mobile App,Delivered,5,153,25,SELLER002,1,0
O001676,C0243,2025-01-27,S003,Mumbai West,West,P005,Bluetooth Speaker,Electronics,Audio,1,1899,5,1804.05,992.23,811.82,Credit Card,Store,Shipped,6,172,32,SELLER003,2,0
O001677,C0010,2025-04-13,S004,Delhi Select,North,P016,Bluetooth Keyboard,Electronics,Accessories,2,2799,10,5038.2,2821.39,2216.81,Debit Card,Web,Processing,,11,39,SELLER004,3,0
O001678,C0027,2025-07-26,S005,Hyderabad Hub,South,P011,Cotton Bedsheet,Home,Bedding,3,1599,15,4077.45,2324.15,1753.3,Wallet,Mobile App,Returned,8,30,46,SELLER005,4,1
O001679,C0044,2025-10-12,S006,Pune Market,West,P006,Laptop Stand,Office,Accessories,4,1499,20,4796.8,2782.14,2014.66,Net Banking,Store,Cancelled,,49,53,SELLER006,5,0
O001680,C0061,2025-01-25,S001,Bengaluru Central,South,P001,Wireless Headphones,Electronics,Audio,1,2499,0,2499,1299.48,1199.52,UPI,Web,Delivered,2,68,25,SELLER007,1,0
O001681,C0078,2025-04-11,S002,Chennai Marina,South,P012,Non-stick Pan,Home Appliances,Kitchen,2,2199,5,4178.1,2214.39,1963.71,Credit Card,Mobile App,Delivered,3,87,32,SELLER008,2,0
O001682,C0095,2025-07-24,S003,Mumbai West,West,P007,Desk Lamp,Home,Lighting,3,999,10,2697.3,1456.54,1240.76,Debit Card,Store,Delivered,4,106,39,SELLER009,3,0
O001683,C0112,2025-10-10,S004,Delhi Select,North,P002,Smart Watch,Electronics,Wearables,4,5999,15,20396.6,11218.13,9178.47,Wallet,Web,Shipped,5,125,46,SELLER010,4,0
O001684,C0129,2025-01-23,S005,Hyderabad Hub,South,P013,USB-C Hub,Electronics,Accessories,1,2299,20,1839.2,1029.95,809.25,Net Banking,Mobile App,Processing,,144,53,SELLER011,5,0
O001685,C0146,2025-04-09,S006,Pune Market,West,P008,Yoga Mat,Sports,Fitness,2,1299,0,2598,1480.86,1117.14,UPI,Store,Returned,7,163,25,SELLER012,1,1
O001686,C0163,2025-07-22,S001,Bengaluru Central,South,P003,Coffee Maker,Home Appliances,Kitchen,3,3499,5,9972.15,5783.85,4188.3,Credit Card,Web,Cancelled,,182,32,SELLER013,2,0
O001687,C0180,2025-10-08,S002,Chennai Marina,South,P014,Office Chair,Office,Furniture,4,8999,10,32396.4,16846.13,15550.27,Debit Card,Mobile App,Delivered,9,21,39,SELLER014,3,0
O001688,C0197,2025-01-21,S003,Mumbai West,West,P009,Backpack,Fashion,Bags,1,1799,15,1529.15,810.45,718.7,Wallet,Store,Delivered,2,40,46,SELLER015,4,0
O001689,C0214,2025-04-07,S004,Delhi Select,North,P004,Running Shoes,Fashion,Footwear,2,2999,20,4798.4,2591.14,2207.26,Net Banking,Web,Delivered,3,59,53,SELLER016,5,0
O001690,C0231,2025-07-20,S005,Hyderabad Hub,South,P015,Skincare Set,Beauty,Personal Care,3,2499,0,7497,4123.35,3373.65,UPI,Mobile App,Shipped,4,78,25,SELLER017,1,0
O001691,C0248,2025-10-06,S006,Pune Market,West,P010,Water Bottle,Sports,Fitness,4,699,5,2656.2,1487.47,1168.73,Credit Card,Store,Processing,,97,32,SELLER018,2,0
O001692,C0015,2025-01-19,S001,Bengaluru Central,South,P005,Bluetooth Speaker,Electronics,Audio,1,1899,10,1709.1,974.19,734.91,Debit Card,Web,Returned,6,116,39,SELLER001,3,1
O001693,C0032,2025-04-05,S002,Chennai Marina,South,P016,Bluetooth Keyboard,Electronics,Accessories,2,2799,15,4758.3,2759.81,1998.49,Wallet,Mobile App,Cancelled,,135,46,SELLER002,4,0
O001694,C0049,2025-07-18,S003,Mumbai West,West,P011,Cotton Bedsheet,Home,Bedding,3,1599,20,3837.6,1995.55,1842.05,Net Banking,Store,Delivered,8,154,53,SELLER003,5,0
O001695,C0066,2025-10-04,S004,Delhi Select,North,P006,Laptop Stand,Office,Accessories,4,1499,0,5996,3177.88,2818.12,UPI,Web,Delivered,9,173,25,SELLER004,1,0
O001696,C0083,2025-01-17,S005,Hyderabad Hub,South,P001,Wireless Headphones,Electronics,Audio,1,2499,5,2374.05,1281.99,1092.06,Credit Card,Mobile App,Delivered,2,12,32,SELLER005,2,0
O001697,C0100,2025-04-03,S006,Pune Market,West,P012,Non-stick Pan,Home Appliances,Kitchen,2,2199,10,3958.2,2177.01,1781.19,Debit Card,Store,Shipped,3,31,39,SELLER006,3,0
O001698,C0117,2025-07-16,S001,Bengaluru Central,South,P007,Desk Lamp,Home,Lighting,3,999,15,2547.45,1426.57,1120.88,Wallet,Web,Processing,,50,46,SELLER007,4,0
O001699,C0134,2025-10-02,S002,Chennai Marina,South,P002,Smart Watch,Electronics,Wearables,4,5999,20,19196.8,10942.18,8254.62,Net Banking,Mobile App,Returned,5,69,53,SELLER008,5,1
O001700,C0151,2025-01-15,S003,Mumbai West,West,P013,USB-C Hub,Electronics,Accessories,1,2299,0,2299,1333.42,965.58,UPI,Store,Cancelled,,88,25,SELLER009,1,0
O001701,C0168,2025-04-01,S004,Delhi Select,North,P008,Yoga Mat,Sports,Fitness,2,1299,5,2468.1,1283.41,1184.69,Credit Card,Web,Delivered,7,107,32,SELLER010,2,0
O001702,C0185,2025-07-14,S005,Hyderabad Hub,South,P003,Coffee Maker,Home Appliances,Kitchen,3,3499,10,9447.3,5007.07,4440.23,Debit Card,Mobile App,Delivered,8,126,39,SELLER011,3,0
O001703,C0202,2025-10-27,S006,Pune Market,West,P014,Office Chair,Office,Furniture,4,8999,15,30596.6,16522.16,14074.44,Wallet,Store,Delivered,9,145,46,SELLER012,4,0
O001704,C0219,2025-01-13,S001,Bengaluru Central,South,P009,Backpack,Fashion,Bags,1,1799,20,1439.2,791.56,647.64,Net Banking,Web,Shipped,2,164,53,SELLER013,5,0
O001705,C0236,2025-04-26,S002,Chennai Marina,South,P004,Running Shoes,Fashion,Footwear,2,2999,0,5998,3358.88,2639.12,UPI,Mobile App,Processing,,183,25,SELLER014,1,0
O001706,C0003,2025-07-12,S003,Mumbai West,West,P015,Skincare Set,Beauty,Personal Care,3,2499,5,7122.15,4059.63,3062.52,Credit Card,Store,Returned,4,22,32,SELLER015,2,1
O001707,C0020,2025-10-25,S004,Delhi Select,North,P010,Water Bottle,Sports,Fitness,4,699,10,2516.4,1459.51,1056.89,Debit Card,Web,Cancelled,,41,39,SELLER016,3,0
O001708,C0037,2025-01-11,S005,Hyderabad Hub,South,P005,Bluetooth Speaker,Electronics,Audio,1,1899,15,1614.15,839.36,774.79,Wallet,Mobile App,Delivered,6,60,46,SELLER017,4,0
O001709,C0054,2025-04-24,S006,Pune Market,West,P016,Bluetooth Keyboard,Electronics,Accessories,2,2799,20,4478.4,2373.55,2104.85,Net Banking,Store,Delivered,7,79,53,SELLER018,5,0
O001710,C0071,2025-07-10,S001,Bengaluru Central,South,P011,Cotton Bedsheet,Home,Bedding,3,1599,0,4797,2590.38,2206.62,UPI,Web,Delivered,8,98,25,SELLER001,1,0
O001711,C0088,2025-10-23,S002,Chennai Marina,South,P006,Laptop Stand,Office,Accessories,4,1499,5,5696.2,3132.91,2563.29,Credit Card,Mobile App,Shipped,9,117,32,SELLER002,2,0
O001712,C0105,2025-01-09,S003,Mumbai West,West,P001,Wireless Headphones,Electronics,Audio,1,2499,10,2249.1,1259.5,989.6,Debit Card,Store,Processing,,136,39,SELLER003,3,0
O001713,C0122,2025-04-22,S004,Delhi Select,North,P012,Non-stick Pan,Home Appliances,Kitchen,2,2199,15,3738.3,2130.83,1607.47,Wallet,Web,Returned,3,155,46,SELLER004,4,1
O001714,C0139,2025-07-08,S005,Hyderabad Hub,South,P007,Desk Lamp,Home,Lighting,3,999,20,2397.6,1390.61,1006.99,Net Banking,Mobile App,Cancelled,,174,53,SELLER005,5,0
O001715,C0156,2025-10-21,S006,Pune Market,West,P002,Smart Watch,Electronics,Wearables,4,5999,0,23996,12477.92,11518.08,UPI,Store,Delivered,5,13,25,SELLER006,1,0
O001716,C0173,2025-01-07,S001,Bengaluru Central,South,P013,USB-C Hub,Electronics,Accessories,1,2299,5,2184.05,1157.55,1026.5,Credit Card,Web,Delivered,6,32,32,SELLER007,2,0
O001717,C0190,2025-04-20,S002,Chennai Marina,South,P008,Yoga Mat,Sports,Fitness,2,1299,10,2338.2,1262.63,1075.57,Debit Card,Mobile App,Delivered,7,51,39,SELLER008,3,0
O001718,C0207,2025-07-06,S003,Mumbai West,West,P003,Coffee Maker,Home Appliances,Kitchen,3,3499,15,8922.45,4907.35,4015.1,Wallet,Store,Shipped,8,70,46,SELLER009,4,0
O001719,C0224,2025-10-19,S004,Delhi Select,North,P014,Office Chair,Office,Furniture,4,8999,20,28796.8,16126.21,12670.59,Net Banking,Web,Processing,,89,53,SELLER010,5,0
O001720,C0241,2025-01-05,S005,Hyderabad Hub,South,P009,Backpack,Fashion,Bags,1,1799,0,1799,1025.43,773.57,UPI,Mobile App,Returned,2,108,25,SELLER011,1,1
O001721,C0008,2025-04-18,S006,Pune Market,West,P004,Running Shoes,Fashion,Footwear,2,2999,5,5698.1,3304.9,2393.2,Credit Card,Store,Cancelled,,127,32,SELLER012,2,0
O001722,C0025,2025-07-04,S001,Bengaluru Central,South,P015,Skincare Set,Beauty,Personal Care,3,2499,10,6747.3,3508.6,3238.7,Debit Card,Web,Delivered,4,146,39,SELLER013,3,0
O001723,C0042,2025-10-17,S002,Chennai Marina,South,P010,Water Bottle,Sports,Fitness,4,699,15,2376.6,1259.6,1117,Wallet,Mobile App,Delivered,5,165,46,SELLER014,4,0
O001724,C0059,2025-01-03,S003,Mumbai West,West,P005,Bluetooth Speaker,Electronics,Audio,1,1899,20,1519.2,820.37,698.83,Net Banking,Store,Delivered,6,184,53,SELLER015,5,0
O001725,C0076,2025-04-16,S004,Delhi Select,North,P016,Bluetooth Keyboard,Electronics,Accessories,2,2799,0,5598,3078.9,2519.1,UPI,Web,Shipped,7,23,25,SELLER016,1,0
O001726,C0093,2025-07-02,S005,Hyderabad Hub,South,P011,Cotton Bedsheet,Home,Bedding,3,1599,5,4557.15,2552,2005.15,Credit Card,Mobile App,Processing,,42,32,SELLER017,2,0
O001727,C0110,2025-10-15,S006,Pune Market,West,P006,Laptop Stand,Office,Accessories,4,1499,10,5396.4,3075.95,2320.45,Debit Card,Store,Returned,9,61,39,SELLER018,3,1
O001728,C0127,2025-01-01,S001,Bengaluru Central,South,P001,Wireless Headphones,Electronics,Audio,1,2499,15,2124.15,1232.01,892.14,Wallet,Web,Cancelled,,80,46,SELLER001,4,0
O001729,C0144,2025-04-14,S002,Chennai Marina,South,P012,Non-stick Pan,Home Appliances,Kitchen,2,2199,20,3518.4,1829.57,1688.83,Net Banking,Mobile App,Delivered,3,99,53,SELLER002,5,0
O001730,C0161,2025-07-27,S003,Mumbai West,West,P007,Desk Lamp,Home,Lighting,3,999,0,2997,1588.41,1408.59,UPI,Store,Delivered,4,118,25,SELLER003,1,0
O001731,C0178,2025-10-13,S004,Delhi Select,North,P002,Smart Watch,Electronics,Wearables,4,5999,5,22796.2,12309.95,10486.25,Credit Card,Web,Delivered,5,137,32,SELLER004,2,0
O001732,C0195,2025-01-26,S005,Hyderabad Hub,South,P013,USB-C Hub,Electronics,Accessories,1,2299,10,2069.1,1138.01,931.09,Debit Card,Mobile App,Shipped,6,156,39,SELLER005,3,0
O001733,C0212,2025-04-12,S006,Pune Market,West,P008,Yoga Mat,Sports,Fitness,2,1299,15,2208.3,1236.65,971.65,Wallet,Store,Processing,,175,46,SELLER006,4,0
O001734,C0229,2025-07-25,S001,Bengaluru Central,South,P003,Coffee Maker,Home Appliances,Kitchen,3,3499,20,8397.6,4786.63,3610.97,Net Banking,Web,Returned,8,14,53,SELLER007,5,1
O001735,C0246,2025-10-11,S002,Chennai Marina,South,P014,Office Chair,Office,Furniture,4,8999,0,35996,20877.68,15118.32,UPI,Mobile App,Cancelled,,33,25,SELLER008,1,0
O001736,C0013,2025-01-24,S003,Mumbai West,West,P009,Backpack,Fashion,Bags,1,1799,5,1709.05,888.71,820.34,Credit Card,Store,Delivered,2,52,32,SELLER009,2,0
O001737,C0030,2025-04-10,S004,Delhi Select,North,P004,Running Shoes,Fashion,Footwear,2,2999,10,5398.2,2861.05,2537.15,Debit Card,Web,Delivered,3,71,39,SELLER010,3,0
O001738,C0047,2025-07-23,S005,Hyderabad Hub,South,P015,Skincare Set,Beauty,Personal Care,3,2499,15,6372.45,3441.12,2931.33,Wallet,Mobile App,Delivered,4,90,46,SELLER011,4,0
O001739,C0064,2025-10-09,S006,Pune Market,West,P010,Water Bottle,Sports,Fitness,4,699,20,2236.8,1230.24,1006.56,Net Banking,Store,Shipped,5,109,53,SELLER012,5,0
O001740,C0081,2025-01-22,S001,Bengaluru Central,South,P005,Bluetooth Speaker,Electronics,Audio,1,1899,0,1899,1063.44,835.56,UPI,Web,Processing,,128,25,SELLER013,1,0
O001741,C0098,2025-04-08,S002,Chennai Marina,South,P016,Bluetooth Keyboard,Electronics,Accessories,2,2799,5,5318.1,3031.32,2286.78,Credit Card,Mobile App,Returned,7,147,32,SELLER014,2,1
O001742,C0115,2025-07-21,S003,Mumbai West,West,P011,Cotton Bedsheet,Home,Bedding,3,1599,10,4317.3,2504.03,1813.27,Debit Card,Store,Cancelled,,166,39,SELLER015,3,0
O001743,C0132,2025-10-07,S004,Delhi Select,North,P006,Laptop Stand,Office,Accessories,4,1499,15,5096.6,2650.23,2446.37,Wallet,Web,Delivered,9,185,46,SELLER016,4,0
O001744,C0149,2025-01-20,S005,Hyderabad Hub,South,P001,Wireless Headphones,Electronics,Audio,1,2499,20,1999.2,1059.58,939.62,Net Banking,Mobile App,Delivered,2,24,53,SELLER017,5,0
O001745,C0166,2025-04-06,S006,Pune Market,West,P012,Non-stick Pan,Home Appliances,Kitchen,2,2199,0,4398,2374.92,2023.08,UPI,Store,Delivered,3,43,25,SELLER018,1,0
O001746,C0183,2025-07-19,S001,Bengaluru Central,South,P007,Desk Lamp,Home,Lighting,3,999,5,2847.15,1565.93,1281.22,Credit Card,Web,Shipped,4,62,32,SELLER001,2,0
O001747,C0200,2025-10-05,S002,Chennai Marina,South,P002,Smart Watch,Electronics,Wearables,4,5999,10,21596.4,12093.98,9502.42,Debit Card,Mobile App,Processing,,81,39,SELLER002,3,0
O001748,C0217,2025-01-18,S003,Mumbai West,West,P013,USB-C Hub,Electronics,Accessories,1,2299,15,1954.15,1113.87,840.28,Wallet,Store,Returned,6,100,46,SELLER003,4,1
O001749,C0234,2025-04-04,S004,Delhi Select,North,P008,Yoga Mat,Sports,Fitness,2,1299,20,2078.4,1205.47,872.93,Net Banking,Web,Cancelled,,119,53,SELLER004,5,0
O001750,C0001,2025-07-17,S005,Hyderabad Hub,South,P003,Coffee Maker,Home Appliances,Kitchen,3,3499,0,10497,5458.44,5038.56,UPI,Mobile App,Delivered,8,138,25,SELLER005,1,0
O001751,C0018,2025-10-03,S006,Pune Market,West,P014,Office Chair,Office,Furniture,4,8999,5,34196.2,18123.99,16072.21,Credit Card,Store,Delivered,9,157,32,SELLER006,2,0
O001752,C0035,2025-01-16,S001,Bengaluru Central,South,P009,Backpack,Fashion,Bags,1,1799,10,1619.1,874.31,744.79,Debit Card,Web,Delivered,2,176,39,SELLER007,3,0
O001753,C0052,2025-04-02,S002,Chennai Marina,South,P004,Running Shoes,Fashion,Footwear,2,2999,15,5098.3,2804.07,2294.23,Wallet,Mobile App,Shipped,3,15,46,SELLER008,4,0
O001754,C0069,2025-07-15,S003,Mumbai West,West,P015,Skincare Set,Beauty,Personal Care,3,2499,20,5997.6,3358.66,2638.94,Net Banking,Store,Processing,,34,53,SELLER009,5,0
O001755,C0086,2025-10-01,S004,Delhi Select,North,P010,Water Bottle,Sports,Fitness,4,699,0,2796,1593.72,1202.28,UPI,Web,Returned,5,53,25,SELLER010,1,1
O001756,C0103,2025-01-14,S005,Hyderabad Hub,South,P005,Bluetooth Speaker,Electronics,Audio,1,1899,5,1804.05,1046.35,757.7,Credit Card,Mobile App,Cancelled,,72,32,SELLER011,2,0
O001757,C0120,2025-04-27,S006,Pune Market,West,P016,Bluetooth Keyboard,Electronics,Accessories,2,2799,10,5038.2,2619.86,2418.34,Debit Card,Store,Delivered,7,91,39,SELLER012,3,0
O001758,C0137,2025-07-13,S001,Bengaluru Central,South,P011,Cotton Bedsheet,Home,Bedding,3,1599,15,4077.45,2161.05,1916.4,Wallet,Web,Delivered,8,110,46,SELLER013,4,0
O001759,C0154,2025-10-26,S002,Chennai Marina,South,P006,Laptop Stand,Office,Accessories,4,1499,20,4796.8,2590.27,2206.53,Net Banking,Mobile App,Delivered,9,129,53,SELLER014,5,0
O001760,C0171,2025-01-12,S003,Mumbai West,West,P001,Wireless Headphones,Electronics,Audio,1,2499,0,2499,1374.45,1124.55,UPI,Store,Shipped,2,148,25,SELLER015,1,0
O001761,C0188,2025-04-25,S004,Delhi Select,North,P012,Non-stick Pan,Home Appliances,Kitchen,2,2199,5,4178.1,2339.74,1838.36,Credit Card,Web,Processing,,167,32,SELLER016,2,0
O001762,C0205,2025-07-11,S005,Hyderabad Hub,South,P007,Desk Lamp,Home,Lighting,3,999,10,2697.3,1537.46,1159.84,Debit Card,Mobile App,Returned,4,186,39,SELLER017,3,1
O001763,C0222,2025-10-24,S006,Pune Market,West,P002,Smart Watch,Electronics,Wearables,4,5999,15,20396.6,11830.03,8566.57,Wallet,Store,Cancelled,,25,46,SELLER018,4,0
O001764,C0239,2025-01-10,S001,Bengaluru Central,South,P013,USB-C Hub,Electronics,Accessories,1,2299,20,1839.2,956.38,882.82,Net Banking,Web,Delivered,6,44,53,SELLER001,5,0
O001765,C0006,2025-04-23,S002,Chennai Marina,South,P008,Yoga Mat,Sports,Fitness,2,1299,0,2598,1376.94,1221.06,UPI,Mobile App,Delivered,7,63,25,SELLER002,1,0
O001766,C0023,2025-07-09,S003,Mumbai West,West,P003,Coffee Maker,Home Appliances,Kitchen,3,3499,5,9972.15,5384.96,4587.19,Credit Card,Store,Delivered,8,82,32,SELLER003,2,0
O001767,C0040,2025-10-22,S004,Delhi Select,North,P014,Office Chair,Office,Furniture,4,8999,10,32396.4,17818.02,14578.38,Debit Card,Web,Shipped,9,101,39,SELLER004,3,0
O001768,C0057,2025-01-08,S005,Hyderabad Hub,South,P009,Backpack,Fashion,Bags,1,1799,15,1529.15,856.32,672.83,Wallet,Mobile App,Processing,,120,46,SELLER005,4,0
O001769,C0074,2025-04-21,S006,Pune Market,West,P004,Running Shoes,Fashion,Footwear,2,2999,20,4798.4,2735.09,2063.31,Net Banking,Store,Returned,3,139,53,SELLER006,5,1
O001770,C0091,2025-07-07,S001,Bengaluru Central,South,P015,Skincare Set,Beauty,Personal Care,3,2499,0,7497,4348.26,3148.74,UPI,Web,Cancelled,,158,25,SELLER007,1,0
O001771,C0108,2025-10-20,S002,Chennai Marina,South,P010,Water Bottle,Sports,Fitness,4,699,5,2656.2,1381.22,1274.98,Credit Card,Mobile App,Delivered,5,177,32,SELLER008,2,0
O001772,C0125,2025-01-06,S003,Mumbai West,West,P005,Bluetooth Speaker,Electronics,Audio,1,1899,10,1709.1,905.82,803.28,Debit Card,Store,Delivered,6,16,39,SELLER009,3,0
O001773,C0142,2025-04-19,S004,Delhi Select,North,P016,Bluetooth Keyboard,Electronics,Accessories,2,2799,15,4758.3,2569.48,2188.82,Wallet,Web,Delivered,7,35,46,SELLER010,4,0
O001774,C0159,2025-07-05,S005,Hyderabad Hub,South,P011,Cotton Bedsheet,Home,Bedding,3,1599,20,3837.6,2110.68,1726.92,Net Banking,Mobile App,Shipped,8,54,53,SELLER011,5,0
O001775,C0176,2025-10-18,S006,Pune Market,West,P006,Laptop Stand,Office,Accessories,4,1499,0,5996,3357.76,2638.24,UPI,Store,Processing,,73,25,SELLER012,1,0
O001776,C0193,2025-01-04,S001,Bengaluru Central,South,P001,Wireless Headphones,Electronics,Audio,1,2499,5,2374.05,1353.21,1020.84,Credit Card,Web,Returned,2,92,32,SELLER013,2,1
O001777,C0210,2025-04-17,S002,Chennai Marina,South,P012,Non-stick Pan,Home Appliances,Kitchen,2,2199,10,3958.2,2295.76,1662.44,Debit Card,Mobile App,Cancelled,,111,39,SELLER014,3,0
O001778,C0227,2025-07-03,S003,Mumbai West,West,P007,Desk Lamp,Home,Lighting,3,999,15,2547.45,1324.67,1222.78,Wallet,Store,Delivered,4,130,46,SELLER015,4,0
O001779,C0244,2025-10-16,S004,Delhi Select,North,P002,Smart Watch,Electronics,Wearables,4,5999,20,19196.8,10174.3,9022.5,Net Banking,Web,Delivered,5,149,53,SELLER016,5,0
O001780,C0011,2025-01-02,S005,Hyderabad Hub,South,P013,USB-C Hub,Electronics,Accessories,1,2299,0,2299,1241.46,1057.54,UPI,Mobile App,Delivered,6,168,25,SELLER017,1,0
O001781,C0028,2025-04-15,S006,Pune Market,West,P008,Yoga Mat,Sports,Fitness,2,1299,5,2468.1,1357.46,1110.64,Credit Card,Store,Shipped,7,187,32,SELLER018,2,0
O001782,C0045,2025-07-01,S001,Bengaluru Central,South,P003,Coffee Maker,Home Appliances,Kitchen,3,3499,10,9447.3,5290.49,4156.81,Debit Card,Web,Processing,,26,39,SELLER001,3,0
O001783,C0062,2025-10-14,S002,Chennai Marina,South,P014,Office Chair,Office,Furniture,4,8999,15,30596.6,17440.06,13156.54,Wallet,Mobile App,Returned,9,45,46,SELLER002,4,1
O001784,C0079,2025-01-27,S003,Mumbai West,West,P009,Backpack,Fashion,Bags,1,1799,20,1439.2,834.74,604.46,Net Banking,Store,Cancelled,,64,53,SELLER003,5,0
O001785,C0096,2025-04-13,S004,Delhi Select,North,P004,Running Shoes,Fashion,Footwear,2,2999,0,5998,3118.96,2879.04,UPI,Web,Delivered,3,83,25,SELLER004,1,0
O001786,C0113,2025-07-26,S005,Hyderabad Hub,South,P015,Skincare Set,Beauty,Personal Care,3,2499,5,7122.15,3774.74,3347.41,Credit Card,Mobile App,Delivered,4,102,32,SELLER005,2,0
O001787,C0130,2025-10-12,S006,Pune Market,West,P010,Water Bottle,Sports,Fitness,4,699,10,2516.4,1358.86,1157.54,Debit Card,Store,Delivered,5,121,39,SELLER006,3,0
O001788,C0147,2025-01-25,S001,Bengaluru Central,South,P005,Bluetooth Speaker,Electronics,Audio,1,1899,15,1614.15,887.78,726.37,Wallet,Web,Shipped,6,140,46,SELLER007,4,0
O001789,C0164,2025-04-11,S002,Chennai Marina,South,P016,Bluetooth Keyboard,Electronics,Accessories,2,2799,20,4478.4,2507.9,1970.5,Net Banking,Mobile App,Processing,,159,53,SELLER008,5,0
O001790,C0181,2025-07-24,S003,Mumbai West,West,P011,Cotton Bedsheet,Home,Bedding,3,1599,0,4797,2734.29,2062.71,UPI,Store,Returned,8,178,25,SELLER009,1,1
O001791,C0198,2025-10-10,S004,Delhi Select,North,P006,Laptop Stand,Office,Accessories,4,1499,5,5696.2,3303.8,2392.4,Credit Card,Web,Cancelled,,17,32,SELLER010,2,0
O001792,C0215,2025-01-23,S005,Hyderabad Hub,South,P001,Wireless Headphones,Electronics,Audio,1,2499,10,2249.1,1169.53,1079.57,Debit Card,Mobile App,Delivered,2,36,39,SELLER011,3,0
O001793,C0232,2025-04-09,S006,Pune Market,West,P012,Non-stick Pan,Home Appliances,Kitchen,2,2199,15,3738.3,1981.3,1757,Wallet,Store,Delivered,3,55,46,SELLER012,4,0
O001794,C0249,2025-07-22,S001,Bengaluru Central,South,P007,Desk Lamp,Home,Lighting,3,999,20,2397.6,1294.7,1102.9,Net Banking,Web,Delivered,4,74,53,SELLER013,5,0
O001795,C0016,2025-10-08,S002,Chennai Marina,South,P002,Smart Watch,Electronics,Wearables,4,5999,0,23996,13197.8,10798.2,UPI,Mobile App,Shipped,5,93,25,SELLER014,1,0
O001796,C0033,2025-01-21,S003,Mumbai West,West,P013,USB-C Hub,Electronics,Accessories,1,2299,5,2184.05,1223.07,960.98,Credit Card,Store,Processing,,112,32,SELLER015,2,0
O001797,C0050,2025-04-07,S004,Delhi Select,North,P008,Yoga Mat,Sports,Fitness,2,1299,10,2338.2,1332.77,1005.43,Debit Card,Web,Returned,7,131,39,SELLER016,3,1
O001798,C0067,2025-07-20,S005,Hyderabad Hub,South,P003,Coffee Maker,Home Appliances,Kitchen,3,3499,15,8922.45,5175.02,3747.43,Wallet,Mobile App,Cancelled,,150,46,SELLER017,4,0
O001799,C0084,2025-10-06,S006,Pune Market,West,P014,Office Chair,Office,Furniture,4,8999,20,28796.8,14974.34,13822.46,Net Banking,Store,Delivered,9,169,53,SELLER018,5,0
O001800,C0101,2025-01-19,S001,Bengaluru Central,South,P009,Backpack,Fashion,Bags,1,1799,0,1799,953.47,845.53,UPI,Web,Delivered,2,8,25,SELLER001,1,0
O001801,C0118,2025-04-05,S002,Chennai Marina,South,P004,Running Shoes,Fashion,Footwear,2,2999,5,5698.1,3076.97,2621.13,Credit Card,Mobile App,Delivered,3,27,32,SELLER002,2,0
O001802,C0135,2025-07-18,S003,Mumbai West,West,P015,Skincare Set,Beauty,Personal Care,3,2499,10,6747.3,3711.02,3036.28,Debit Card,Store,Shipped,4,46,39,SELLER003,3,0
O001803,C0152,2025-10-04,S004,Delhi Select,North,P010,Water Bottle,Sports,Fitness,4,699,15,2376.6,1330.9,1045.7,Wallet,Web,Processing,,65,46,SELLER004,4,0
O001804,C0169,2025-01-17,S005,Hyderabad Hub,South,P005,Bluetooth Speaker,Electronics,Audio,1,1899,20,1519.2,865.94,653.26,Net Banking,Mobile App,Returned,6,84,53,SELLER005,5,1
O001805,C0186,2025-04-03,S006,Pune Market,West,P016,Bluetooth Keyboard,Electronics,Accessories,2,2799,0,5598,3246.84,2351.16,UPI,Store,Cancelled,,103,25,SELLER006,1,0
O001806,C0203,2025-07-16,S001,Bengaluru Central,South,P011,Cotton Bedsheet,Home,Bedding,3,1599,5,4557.15,2369.72,2187.43,Credit Card,Web,Delivered,8,122,32,SELLER007,2,0
O001807,C0220,2025-10-02,S002,Chennai Marina,South,P006,Laptop Stand,Office,Accessories,4,1499,10,5396.4,2860.09,2536.31,Debit Card,Mobile App,Delivered,9,141,39,SELLER008,3,0
O001808,C0237,2025-01-15,S003,Mumbai West,West,P001,Wireless Headphones,Electronics,Audio,1,2499,15,2124.15,1147.04,977.11,Wallet,Store,Delivered,2,160,46,SELLER009,4,0
O001809,C0004,2025-04-01,S004,Delhi Select,North,P012,Non-stick Pan,Home Appliances,Kitchen,2,2199,20,3518.4,1935.12,1583.28,Net Banking,Web,Shipped,3,179,53,SELLER010,5,0
O001810,C0021,2025-07-14,S005,Hyderabad Hub,South,P007,Desk Lamp,Home,Lighting,3,999,0,2997,1678.32,1318.68,UPI,Mobile App,Processing,,18,25,SELLER011,1,0
O001811,C0038,2025-10-27,S006,Pune Market,West,P002,Smart Watch,Electronics,Wearables,4,5999,5,22796.2,12993.83,9802.37,Credit Card,Store,Returned,5,37,32,SELLER012,2,1
O001812,C0055,2025-01-13,S001,Bengaluru Central,South,P013,USB-C Hub,Electronics,Accessories,1,2299,10,2069.1,1200.08,869.02,Debit Card,Web,Cancelled,,56,39,SELLER013,3,0
O001813,C0072,2025-04-26,S002,Chennai Marina,South,P008,Yoga Mat,Sports,Fitness,2,1299,15,2208.3,1148.32,1059.98,Wallet,Mobile App,Delivered,7,75,46,SELLER014,4,0
O001814,C0089,2025-07-12,S003,Mumbai West,West,P003,Coffee Maker,Home Appliances,Kitchen,3,3499,20,8397.6,4450.73,3946.87,Net Banking,Store,Delivered,8,94,53,SELLER015,5,0
O001815,C0106,2025-10-25,S004,Delhi Select,North,P014,Office Chair,Office,Furniture,4,8999,0,35996,19437.84,16558.16,UPI,Web,Delivered,9,113,25,SELLER016,1,0
O001816,C0123,2025-01-11,S005,Hyderabad Hub,South,P009,Backpack,Fashion,Bags,1,1799,5,1709.05,939.98,769.07,Credit Card,Mobile App,Shipped,2,132,32,SELLER017,2,0
O001817,C0140,2025-04-24,S006,Pune Market,West,P004,Running Shoes,Fashion,Footwear,2,2999,10,5398.2,3022.99,2375.21,Debit Card,Store,Processing,,151,39,SELLER018,3,0
O001818,C0157,2025-07-10,S001,Bengaluru Central,South,P015,Skincare Set,Beauty,Personal Care,3,2499,15,6372.45,3632.3,2740.15,Wallet,Web,Returned,4,170,46,SELLER001,4,1
O001819,C0174,2025-10-23,S002,Chennai Marina,South,P010,Water Bottle,Sports,Fitness,4,699,20,2236.8,1297.34,939.46,Net Banking,Mobile App,Cancelled,,9,53,SELLER002,5,0
O001820,C0191,2025-01-09,S003,Mumbai West,West,P005,Bluetooth Speaker,Electronics,Audio,1,1899,0,1899,987.48,911.52,UPI,Store,Delivered,6,28,25,SELLER003,1,0
O001821,C0208,2025-04-22,S004,Delhi Select,North,P016,Bluetooth Keyboard,Electronics,Accessories,2,2799,5,5318.1,2818.59,2499.51,Credit Card,Web,Delivered,7,47,32,SELLER004,2,0
O001822,C0225,2025-07-08,S005,Hyderabad Hub,South,P011,Cotton Bedsheet,Home,Bedding,3,1599,10,4317.3,2331.34,1985.96,Debit Card,Mobile App,Delivered,8,66,39,SELLER005,3,0
O001823,C0242,2025-10-21,S006,Pune Market,West,P006,Laptop Stand,Office,Accessories,4,1499,15,5096.6,2803.13,2293.47,Wallet,Store,Shipped,9,85,46,SELLER006,4,0
O001824,C0009,2025-01-07,S001,Bengaluru Central,South,P001,Wireless Headphones,Electronics,Audio,1,2499,20,1999.2,1119.55,879.65,Net Banking,Web,Processing,,104,53,SELLER007,5,0
O001825,C0026,2025-04-20,S002,Chennai Marina,South,P012,Non-stick Pan,Home Appliances,Kitchen,2,2199,0,4398,2506.86,1891.14,UPI,Mobile App,Returned,3,123,25,SELLER008,1,1
O001826,C0043,2025-07-06,S003,Mumbai West,West,P007,Desk Lamp,Home,Lighting,3,999,5,2847.15,1651.35,1195.8,Credit Card,Store,Cancelled,,142,32,SELLER009,2,0
O001827,C0060,2025-10-19,S004,Delhi Select,North,P002,Smart Watch,Electronics,Wearables,4,5999,10,21596.4,11230.13,10366.27,Debit Card,Web,Delivered,5,161,39,SELLER010,3,0
O001828,C0077,2025-01-05,S005,Hyderabad Hub,South,P013,USB-C Hub,Electronics,Accessories,1,2299,15,1954.15,1035.7,918.45,Wallet,Mobile App,Delivered,6,180,46,SELLER011,4,0
O001829,C0094,2025-04-18,S006,Pune Market,West,P008,Yoga Mat,Sports,Fitness,2,1299,20,2078.4,1122.34,956.06,Net Banking,Store,Delivered,7,19,53,SELLER012,5,0
O001830,C0111,2025-07-04,S001,Bengaluru Central,South,P003,Coffee Maker,Home Appliances,Kitchen,3,3499,0,10497,5773.35,4723.65,UPI,Web,Shipped,8,38,25,SELLER013,1,0
O001831,C0128,2025-10-17,S002,Chennai Marina,South,P014,Office Chair,Office,Furniture,4,8999,5,34196.2,19149.87,15046.33,Credit Card,Mobile App,Processing,,57,32,SELLER014,2,0
O001832,C0145,2025-01-03,S003,Mumbai West,West,P009,Backpack,Fashion,Bags,1,1799,10,1619.1,922.89,696.21,Debit Card,Store,Returned,2,76,39,SELLER015,3,1
O001833,C0162,2025-04-16,S004,Delhi Select,North,P004,Running Shoes,Fashion,Footwear,2,2999,15,5098.3,2957.01,2141.29,Wallet,Web,Cancelled,,95,46,SELLER016,4,0
O001834,C0179,2025-07-02,S005,Hyderabad Hub,South,P015,Skincare Set,Beauty,Personal Care,3,2499,20,5997.6,3118.75,2878.85,Net Banking,Mobile App,Delivered,4,114,53,SELLER017,5,0
O001835,C0196,2025-10-15,S006,Pune Market,West,P010,Water Bottle,Sports,Fitness,4,699,0,2796,1481.88,1314.12,UPI,Store,Delivered,5,133,25,SELLER018,1,0
O001836,C0213,2025-01-01,S001,Bengaluru Central,South,P005,Bluetooth Speaker,Electronics,Audio,1,1899,5,1804.05,974.19,829.86,Credit Card,Web,Delivered,6,152,32,SELLER001,2,0
O001837,C0230,2025-04-14,S002,Chennai Marina,South,P016,Bluetooth Keyboard,Electronics,Accessories,2,2799,10,5038.2,2771.01,2267.19,Debit Card,Mobile App,Shipped,7,171,39,SELLER002,3,0
O001838,C0247,2025-07-27,S003,Mumbai West,West,P011,Cotton Bedsheet,Home,Bedding,3,1599,15,4077.45,2283.37,1794.08,Wallet,Store,Processing,,10,46,SELLER003,4,0
O001839,C0014,2025-10-13,S004,Delhi Select,North,P006,Laptop Stand,Office,Accessories,4,1499,20,4796.8,2734.18,2062.62,Net Banking,Web,Returned,9,29,53,SELLER004,5,1
O001840,C0031,2025-01-26,S005,Hyderabad Hub,South,P001,Wireless Headphones,Electronics,Audio,1,2499,0,2499,1449.42,1049.58,UPI,Mobile App,Cancelled,,48,25,SELLER005,1,0
O001841,C0048,2025-04-12,S006,Pune Market,West,P012,Non-stick Pan,Home Appliances,Kitchen,2,2199,5,4178.1,2172.61,2005.49,Credit Card,Store,Delivered,3,67,32,SELLER006,2,0
O001842,C0065,2025-07-25,S001,Bengaluru Central,South,P007,Desk Lamp,Home,Lighting,3,999,10,2697.3,1429.57,1267.73,Debit Card,Web,Delivered,4,86,39,SELLER007,3,0
O001843,C0082,2025-10-11,S002,Chennai Marina,South,P002,Smart Watch,Electronics,Wearables,4,5999,15,20396.6,11014.16,9382.44,Wallet,Mobile App,Delivered,5,105,46,SELLER008,4,0
O001844,C0099,2025-01-24,S003,Mumbai West,West,P013,USB-C Hub,Electronics,Accessories,1,2299,20,1839.2,1011.56,827.64,Net Banking,Store,Shipped,6,124,53,SELLER009,5,0
O001845,C0116,2025-04-10,S004,Delhi Select,North,P008,Yoga Mat,Sports,Fitness,2,1299,0,2598,1454.88,1143.12,UPI,Web,Processing,,143,25,SELLER010,1,0
O001846,C0133,2025-07-23,S005,Hyderabad Hub,South,P003,Coffee Maker,Home Appliances,Kitchen,3,3499,5,9972.15,5684.13,4288.02,Credit Card,Mobile App,Returned,8,162,32,SELLER011,2,1
O001847,C0150,2025-10-09,S006,Pune Market,West,P014,Office Chair,Office,Furniture,4,8999,10,32396.4,18789.91,13606.49,Debit Card,Store,Cancelled,,181,39,SELLER012,3,0
O001848,C0167,2025-01-22,S001,Bengaluru Central,South,P009,Backpack,Fashion,Bags,1,1799,15,1529.15,795.16,733.99,Wallet,Web,Delivered,2,20,46,SELLER013,4,0
O001849,C0184,2025-04-08,S002,Chennai Marina,South,P004,Running Shoes,Fashion,Footwear,2,2999,20,4798.4,2543.15,2255.25,Net Banking,Mobile App,Delivered,3,39,53,SELLER014,5,0
O001850,C0201,2025-07-21,S003,Mumbai West,West,P015,Skincare Set,Beauty,Personal Care,3,2499,0,7497,4048.38,3448.62,UPI,Store,Delivered,4,58,25,SELLER015,1,0
O001851,C0218,2025-10-07,S004,Delhi Select,North,P010,Water Bottle,Sports,Fitness,4,699,5,2656.2,1460.91,1195.29,Credit Card,Web,Shipped,5,77,32,SELLER016,2,0
O001852,C0235,2025-01-20,S005,Hyderabad Hub,South,P005,Bluetooth Speaker,Electronics,Audio,1,1899,10,1709.1,957.1,752,Debit Card,Mobile App,Processing,,96,39,SELLER017,3,0
O001853,C0002,2025-04-06,S006,Pune Market,West,P016,Bluetooth Keyboard,Electronics,Accessories,2,2799,15,4758.3,2712.23,2046.07,Wallet,Store,Returned,7,115,46,SELLER018,4,1
O001854,C0019,2025-07-19,S001,Bengaluru Central,South,P011,Cotton Bedsheet,Home,Bedding,3,1599,20,3837.6,2225.81,1611.79,Net Banking,Web,Cancelled,,134,53,SELLER001,5,0
O001855,C0036,2025-10-05,S002,Chennai Marina,South,P006,Laptop Stand,Office,Accessories,4,1499,0,5996,3117.92,2878.08,UPI,Mobile App,Delivered,9,153,25,SELLER002,1,0
O001856,C0053,2025-01-18,S003,Mumbai West,West,P001,Wireless Headphones,Electronics,Audio,1,2499,5,2374.05,1258.25,1115.8,Credit Card,Store,Delivered,2,172,32,SELLER003,2,0
O001857,C0070,2025-04-04,S004,Delhi Select,North,P012,Non-stick Pan,Home Appliances,Kitchen,2,2199,10,3958.2,2137.43,1820.77,Debit Card,Web,Delivered,3,11,39,SELLER004,3,0
O001858,C0087,2025-07-17,S005,Hyderabad Hub,South,P007,Desk Lamp,Home,Lighting,3,999,15,2547.45,1401.1,1146.35,Wallet,Mobile App,Shipped,4,30,46,SELLER005,4,0
O001859,C0104,2025-10-03,S006,Pune Market,West,P002,Smart Watch,Electronics,Wearables,4,5999,20,19196.8,10750.21,8446.59,Net Banking,Store,Processing,,49,53,SELLER006,5,0
O001860,C0121,2025-01-16,S001,Bengaluru Central,South,P013,USB-C Hub,Electronics,Accessories,1,2299,0,2299,1310.43,988.57,UPI,Web,Returned,6,68,25,SELLER007,1,1
O001861,C0138,2025-04-02,S002,Chennai Marina,South,P008,Yoga Mat,Sports,Fitness,2,1299,5,2468.1,1431.5,1036.6,Credit Card,Mobile App,Cancelled,,87,32,SELLER008,2,0
O001862,C0155,2025-07-15,S003,Mumbai West,West,P003,Coffee Maker,Home Appliances,Kitchen,3,3499,10,9447.3,4912.6,4534.7,Debit Card,Store,Delivered,8,106,39,SELLER009,3,0
O001863,C0172,2025-10-01,S004,Delhi Select,North,P014,Office Chair,Office,Furniture,4,8999,15,30596.6,16216.2,14380.4,Wallet,Web,Delivered,9,125,46,SELLER010,4,0
O001864,C0189,2025-01-14,S005,Hyderabad Hub,South,P009,Backpack,Fashion,Bags,1,1799,20,1439.2,777.17,662.03,Net Banking,Mobile App,Delivered,2,144,53,SELLER011,5,0
O001865,C0206,2025-04-27,S006,Pune Market,West,P004,Running Shoes,Fashion,Footwear,2,2999,0,5998,3298.9,2699.1,UPI,Store,Shipped,3,163,25,SELLER012,1,0
O001866,C0223,2025-07-13,S001,Bengaluru Central,South,P015,Skincare Set,Beauty,Personal Care,3,2499,5,7122.15,3988.4,3133.75,Credit Card,Web,Processing,,182,32,SELLER013,2,0
O001867,C0240,2025-10-26,S002,Chennai Marina,South,P010,Water Bottle,Sports,Fitness,4,699,10,2516.4,1434.35,1082.05,Debit Card,Mobile App,Returned,5,21,39,SELLER014,3,1
O001868,C0007,2025-01-12,S003,Mumbai West,West,P005,Bluetooth Speaker,Electronics,Audio,1,1899,15,1614.15,936.21,677.94,Wallet,Store,Cancelled,,40,46,SELLER015,4,0
O001869,C0024,2025-04-25,S004,Delhi Select,North,P016,Bluetooth Keyboard,Electronics,Accessories,2,2799,20,4478.4,2328.77,2149.63,Net Banking,Web,Delivered,7,59,53,SELLER016,5,0
O001870,C0041,2025-07-11,S005,Hyderabad Hub,South,P011,Cotton Bedsheet,Home,Bedding,3,1599,0,4797,2542.41,2254.59,UPI,Mobile App,Delivered,8,78,25,SELLER017,1,0
O001871,C0058,2025-10-24,S006,Pune Market,West,P006,Laptop Stand,Office,Accessories,4,1499,5,5696.2,3075.95,2620.25,Credit Card,Store,Delivered,9,97,32,SELLER018,2,0
O001872,C0075,2025-01-10,S001,Bengaluru Central,South,P001,Wireless Headphones,Electronics,Audio,1,2499,10,2249.1,1237.01,1012.09,Debit Card,Web,Shipped,2,116,39,SELLER001,3,0
O001873,C0092,2025-04-23,S002,Chennai Marina,South,P012,Non-stick Pan,Home Appliances,Kitchen,2,2199,15,3738.3,2093.45,1644.85,Wallet,Mobile App,Processing,,135,46,SELLER002,4,0
O001874,C0109,2025-07-09,S003,Mumbai West,West,P007,Desk Lamp,Home,Lighting,3,999,20,2397.6,1366.63,1030.97,Net Banking,Store,Returned,4,154,53,SELLER003,5,1
O001875,C0126,2025-10-22,S004,Delhi Select,North,P002,Smart Watch,Electronics,Wearables,4,5999,0,23996,13917.68,10078.32,UPI,Web,Cancelled,,173,25,SELLER004,1,0
O001876,C0143,2025-01-08,S005,Hyderabad Hub,South,P013,USB-C Hub,Electronics,Accessories,1,2299,5,2184.05,1135.71,1048.34,Credit Card,Mobile App,Delivered,6,12,32,SELLER005,2,0
O001877,C0160,2025-04-21,S006,Pune Market,West,P008,Yoga Mat,Sports,Fitness,2,1299,10,2338.2,1239.25,1098.95,Debit Card,Store,Delivered,7,31,39,SELLER006,3,0
O001878,C0177,2025-07-07,S001,Bengaluru Central,South,P003,Coffee Maker,Home Appliances,Kitchen,3,3499,15,8922.45,4818.12,4104.33,Wallet,Web,Delivered,8,50,46,SELLER007,4,0
O001879,C0194,2025-10-20,S002,Chennai Marina,South,P014,Office Chair,Office,Furniture,4,8999,20,28796.8,15838.24,12958.56,Net Banking,Mobile App,Shipped,9,69,53,SELLER008,5,0
O001880,C0211,2025-01-06,S003,Mumbai West,West,P009,Backpack,Fashion,Bags,1,1799,0,1799,1007.44,791.56,UPI,Store,Processing,,88,25,SELLER009,1,0
O001881,C0228,2025-04-19,S004,Delhi Select,North,P004,Running Shoes,Fashion,Footwear,2,2999,5,5698.1,3247.92,2450.18,Credit Card,Web,Returned,3,107,32,SELLER010,2,1
O001882,C0245,2025-07-05,S005,Hyderabad Hub,South,P015,Skincare Set,Beauty,Personal Care,3,2499,10,6747.3,3913.43,2833.87,Debit Card,Mobile App,Cancelled,,126,39,SELLER011,3,0
O001883,C0012,2025-10-18,S006,Pune Market,West,P010,Water Bottle,Sports,Fitness,4,699,15,2376.6,1235.83,1140.77,Wallet,Store,Delivered,5,145,46,SELLER012,4,0
O001884,C0029,2025-01-04,S001,Bengaluru Central,South,P005,Bluetooth Speaker,Electronics,Audio,1,1899,20,1519.2,805.18,714.02,Net Banking,Web,Delivered,6,164,53,SELLER013,5,0
O001885,C0046,2025-04-17,S002,Chennai Marina,South,P016,Bluetooth Keyboard,Electronics,Accessories,2,2799,0,5598,3022.92,2575.08,UPI,Mobile App,Delivered,7,183,25,SELLER014,1,0
O001886,C0063,2025-07-03,S003,Mumbai West,West,P011,Cotton Bedsheet,Home,Bedding,3,1599,5,4557.15,2506.43,2050.72,Credit Card,Store,Shipped,8,22,32,SELLER015,2,0
O001887,C0080,2025-10-16,S004,Delhi Select,North,P006,Laptop Stand,Office,Accessories,4,1499,10,5396.4,3021.98,2374.42,Debit Card,Web,Processing,,41,39,SELLER016,3,0
O001888,C0097,2025-01-02,S005,Hyderabad Hub,South,P001,Wireless Headphones,Electronics,Audio,1,2499,15,2124.15,1210.77,913.38,Wallet,Mobile App,Returned,2,60,46,SELLER017,4,1
O001889,C0114,2025-04-15,S006,Pune Market,West,P012,Non-stick Pan,Home Appliances,Kitchen,2,2199,20,3518.4,2040.67,1477.73,Net Banking,Store,Cancelled,,79,53,SELLER018,5,0
O001890,C0131,2025-07-01,S001,Bengaluru Central,South,P007,Desk Lamp,Home,Lighting,3,999,0,2997,1558.44,1438.56,UPI,Web,Delivered,4,98,25,SELLER001,1,0
O001891,C0148,2025-10-14,S002,Chennai Marina,South,P002,Smart Watch,Electronics,Wearables,4,5999,5,22796.2,12081.99,10714.21,Credit Card,Mobile App,Delivered,5,117,32,SELLER002,2,0
O001892,C0165,2025-01-27,S003,Mumbai West,West,P013,USB-C Hub,Electronics,Accessories,1,2299,10,2069.1,1117.31,951.79,Debit Card,Store,Delivered,6,136,39,SELLER003,3,0
O001893,C0182,2025-04-13,S004,Delhi Select,North,P008,Yoga Mat,Sports,Fitness,2,1299,15,2208.3,1214.57,993.73,Wallet,Web,Shipped,7,155,46,SELLER004,4,0
O001894,C0199,2025-07-26,S005,Hyderabad Hub,South,P003,Coffee Maker,Home Appliances,Kitchen,3,3499,20,8397.6,4702.66,3694.94,Net Banking,Mobile App,Processing,,174,53,SELLER005,5,0
O001895,C0216,2025-10-12,S006,Pune Market,West,P014,Office Chair,Office,Furniture,4,8999,0,35996,20517.72,15478.28,UPI,Store,Returned,9,13,25,SELLER006,1,1
O001896,C0233,2025-01-25,S001,Bengaluru Central,South,P009,Backpack,Fashion,Bags,1,1799,5,1709.05,991.25,717.8,Credit Card,Web,Cancelled,,32,32,SELLER007,2,0
O001897,C0250,2025-04-11,S002,Chennai Marina,South,P004,Running Shoes,Fashion,Footwear,2,2999,10,5398.2,2807.06,2591.14,Debit Card,Mobile App,Delivered,3,51,39,SELLER008,3,0
O001898,C0017,2025-07-24,S003,Mumbai West,West,P015,Skincare Set,Beauty,Personal Care,3,2499,15,6372.45,3377.4,2995.05,Wallet,Store,Delivered,4,70,46,SELLER009,4,0
O001899,C0034,2025-10-10,S004,Delhi Select,North,P010,Water Bottle,Sports,Fitness,4,699,20,2236.8,1207.87,1028.93,Net Banking,Web,Delivered,5,89,53,SELLER010,5,0
O001900,C0051,2025-01-23,S005,Hyderabad Hub,South,P005,Bluetooth Speaker,Electronics,Audio,1,1899,0,1899,1044.45,854.55,UPI,Mobile App,Shipped,6,108,25,SELLER011,1,0
O001901,C0068,2025-04-09,S006,Pune Market,West,P016,Bluetooth Keyboard,Electronics,Accessories,2,2799,5,5318.1,2978.14,2339.96,Credit Card,Store,Processing,,127,32,SELLER012,2,0
O001902,C0085,2025-07-22,S001,Bengaluru Central,South,P011,Cotton Bedsheet,Home,Bedding,3,1599,10,4317.3,2460.86,1856.44,Debit Card,Web,Returned,8,146,39,SELLER013,3,1
O001903,C0102,2025-10-08,S002,Chennai Marina,South,P006,Laptop Stand,Office,Accessories,4,1499,15,5096.6,2956.03,2140.57,Wallet,Mobile App,Cancelled,,165,46,SELLER014,4,0
O001904,C0119,2025-01-21,S003,Mumbai West,West,P001,Wireless Headphones,Electronics,Audio,1,2499,20,1999.2,1039.58,959.62,Net Banking,Store,Delivered,2,184,53,SELLER015,5,0
O001905,C0136,2025-04-07,S004,Delhi Select,North,P012,Non-stick Pan,Home Appliances,Kitchen,2,2199,0,4398,2330.94,2067.06,UPI,Web,Delivered,3,23,25,SELLER016,1,0
O001906,C0153,2025-07-20,S005,Hyderabad Hub,South,P007,Desk Lamp,Home,Lighting,3,999,5,2847.15,1537.46,1309.69,Credit Card,Mobile App,Delivered,4,42,32,SELLER017,2,0
O001907,C0170,2025-10-06,S006,Pune Market,West,P002,Smart Watch,Electronics,Wearables,4,5999,10,21596.4,11878.02,9718.38,Debit Card,Store,Shipped,5,61,39,SELLER018,3,0
O001908,C0187,2025-01-19,S001,Bengaluru Central,South,P013,USB-C Hub,Electronics,Accessories,1,2299,15,1954.15,1094.32,859.83,Wallet,Web,Processing,,80,46,SELLER001,4,0
O001909,C0204,2025-04-05,S002,Chennai Marina,South,P008,Yoga Mat,Sports,Fitness,2,1299,20,2078.4,1184.69,893.71,Net Banking,Mobile App,Returned,7,99,53,SELLER002,5,1
O001910,C0221,2025-07-18,S003,Mumbai West,West,P003,Coffee Maker,Home Appliances,Kitchen,3,3499,0,10497,6088.26,4408.74,UPI,Store,Cancelled,,118,25,SELLER003,1,0
O001911,C0238,2025-10-04,S004,Delhi Select,North,P014,Office Chair,Office,Furniture,4,8999,5,34196.2,17782.02,16414.18,Credit Card,Web,Delivered,9,137,32,SELLER004,2,0
O001912,C0005,2025-01-17,S005,Hyderabad Hub,South,P009,Backpack,Fashion,Bags,1,1799,10,1619.1,858.12,760.98,Debit Card,Mobile App,Delivered,2,156,39,SELLER005,3,0
O001913,C0022,2025-04-03,S006,Pune Market,West,P004,Running Shoes,Fashion,Footwear,2,2999,15,5098.3,2753.08,2345.22,Wallet,Store,Delivered,3,175,46,SELLER006,4,0
O001914,C0039,2025-07-16,S001,Bengaluru Central,South,P015,Skincare Set,Beauty,Personal Care,3,2499,20,5997.6,3298.68,2698.92,Net Banking,Web,Shipped,4,14,53,SELLER007,5,0
O001915,C0056,2025-10-02,S002,Chennai Marina,South,P010,Water Bottle,Sports,Fitness,4,699,0,2796,1565.76,1230.24,UPI,Mobile App,Processing,,33,25,SELLER008,1,0
O001916,C0073,2025-01-15,S003,Mumbai West,West,P005,Bluetooth Speaker,Electronics,Audio,1,1899,5,1804.05,1028.31,775.74,Credit Card,Store,Returned,6,52,32,SELLER009,2,1
O001917,C0090,2025-04-01,S004,Delhi Select,North,P016,Bluetooth Keyboard,Electronics,Accessories,2,2799,10,5038.2,2922.16,2116.04,Debit Card,Web,Cancelled,,71,39,SELLER010,3,0
O001918,C0107,2025-07-14,S005,Hyderabad Hub,South,P011,Cotton Bedsheet,Home,Bedding,3,1599,15,4077.45,2120.27,1957.18,Wallet,Mobile App,Delivered,8,90,46,SELLER011,4,0
O001919,C0124,2025-10-27,S006,Pune Market,West,P006,Laptop Stand,Office,Accessories,4,1499,20,4796.8,2542.3,2254.5,Net Banking,Store,Delivered,9,109,53,SELLER012,5,0
O001920,C0141,2025-01-13,S001,Bengaluru Central,South,P001,Wireless Headphones,Electronics,Audio,1,2499,0,2499,1349.46,1149.54,UPI,Web,Delivered,2,128,25,SELLER013,1,0
O001921,C0158,2025-04-26,S002,Chennai Marina,South,P012,Non-stick Pan,Home Appliances,Kitchen,2,2199,5,4178.1,2297.96,1880.14,Credit Card,Mobile App,Shipped,3,147,32,SELLER014,2,0
O001922,C0175,2025-07-12,S003,Mumbai West,West,P007,Desk Lamp,Home,Lighting,3,999,10,2697.3,1510.49,1186.81,Debit Card,Store,Processing,,166,39,SELLER015,3,0
O001923,C0192,2025-10-25,S004,Delhi Select,North,P002,Smart Watch,Electronics,Wearables,4,5999,15,20396.6,11626.06,8770.54,Wallet,Web,Returned,5,185,46,SELLER016,4,1
O001924,C0209,2025-01-11,S005,Hyderabad Hub,South,P013,USB-C Hub,Electronics,Accessories,1,2299,20,1839.2,1066.74,772.46,Net Banking,Mobile App,Cancelled,,24,53,SELLER017,5,0
O001925,C0226,2025-04-24,S006,Pune Market,West,P008,Yoga Mat,Sports,Fitness,2,1299,0,2598,1350.96,1247.04,UPI,Store,Delivered,7,43,25,SELLER018,1,0
O001926,C0243,2025-07-10,S001,Bengaluru Central,South,P003,Coffee Maker,Home Appliances,Kitchen,3,3499,5,9972.15,5285.24,4686.91,Credit Card,Web,Delivered,8,62,32,SELLER001,2,0
O001927,C0010,2025-10-23,S002,Chennai Marina,South,P014,Office Chair,Office,Furniture,4,8999,10,32396.4,17494.06,14902.34,Debit Card,Mobile App,Delivered,9,81,39,SELLER002,3,0
O001928,C0027,2025-01-09,S003,Mumbai West,West,P009,Backpack,Fashion,Bags,1,1799,15,1529.15,841.03,688.12,Wallet,Store,Shipped,2,100,46,SELLER003,4,0
O001929,C0044,2025-04-22,S004,Delhi Select,North,P004,Running Shoes,Fashion,Footwear,2,2999,20,4798.4,2687.1,2111.3,Net Banking,Web,Processing,,119,53,SELLER004,5,0
O001930,C0061,2025-07-08,S005,Hyderabad Hub,South,P015,Skincare Set,Beauty,Personal Care,3,2499,0,7497,4273.29,3223.71,UPI,Mobile App,Returned,4,138,25,SELLER005,1,1
O001931,C0078,2025-10-21,S006,Pune Market,West,P010,Water Bottle,Sports,Fitness,4,699,5,2656.2,1540.6,1115.6,Credit Card,Store,Cancelled,,157,32,SELLER006,2,0
O001932,C0095,2025-01-07,S001,Bengaluru Central,South,P005,Bluetooth Speaker,Electronics,Audio,1,1899,10,1709.1,888.73,820.37,Debit Card,Web,Delivered,6,176,39,SELLER007,3,0
O001933,C0112,2025-04-20,S002,Chennai Marina,South,P016,Bluetooth Keyboard,Electronics,Accessories,2,2799,15,4758.3,2521.9,2236.4,Wallet,Mobile App,Delivered,7,15,46,SELLER008,4,0
O001934,C0129,2025-07-06,S003,Mumbai West,West,P011,Cotton Bedsheet,Home,Bedding,3,1599,20,3837.6,2072.3,1765.3,Net Banking,Store,Delivered,8,34,53,SELLER009,5,0
O001935,C0146,2025-10-19,S004,Delhi Select,North,P006,Laptop Stand,Office,Accessories,4,1499,0,5996,3297.8,2698.2,UPI,Web,Shipped,9,53,25,SELLER010,1,0
O001936,C0163,2025-01-05,S005,Hyderabad Hub,South,P001,Wireless Headphones,Electronics,Audio,1,2499,5,2374.05,1329.47,1044.58,Credit Card,Mobile App,Processing,,72,32,SELLER011,2,0
O001937,C0180,2025-04-18,S006,Pune Market,West,P012,Non-stick Pan,Home Appliances,Kitchen,2,2199,10,3958.2,2256.17,1702.03,Debit Card,Store,Returned,3,91,39,SELLER012,3,1
O001938,C0197,2025-07-04,S001,Bengaluru Central,South,P007,Desk Lamp,Home,Lighting,3,999,15,2547.45,1477.52,1069.93,Wallet,Web,Cancelled,,110,46,SELLER013,4,0
O001939,C0214,2025-10-17,S002,Chennai Marina,South,P002,Smart Watch,Electronics,Wearables,4,5999,20,19196.8,9982.34,9214.46,Net Banking,Mobile App,Delivered,5,129,53,SELLER014,5,0
O001940,C0231,2025-01-03,S003,Mumbai West,West,P013,USB-C Hub,Electronics,Accessories,1,2299,0,2299,1218.47,1080.53,UPI,Store,Delivered,6,148,25,SELLER015,1,0
O001941,C0248,2025-04-16,S004,Delhi Select,North,P008,Yoga Mat,Sports,Fitness,2,1299,5,2468.1,1332.77,1135.33,Credit Card,Web,Delivered,7,167,32,SELLER016,2,0
O001942,C0015,2025-07-02,S005,Hyderabad Hub,South,P003,Coffee Maker,Home Appliances,Kitchen,3,3499,10,9447.3,5196.02,4251.28,Debit Card,Mobile App,Shipped,8,186,39,SELLER017,3,0
O001943,C0032,2025-10-15,S006,Pune Market,West,P014,Office Chair,Office,Furniture,4,8999,15,30596.6,17134.1,13462.5,Wallet,Store,Processing,,25,46,SELLER018,4,0
O001944,C0049,2025-01-01,S001,Bengaluru Central,South,P009,Backpack,Fashion,Bags,1,1799,20,1439.2,820.34,618.86,Net Banking,Web,Returned,2,44,53,SELLER001,5,1
O001945,C0066,2025-04-14,S002,Chennai Marina,South,P004,Running Shoes,Fashion,Footwear,2,2999,0,5998,3478.84,2519.16,UPI,Mobile App,Cancelled,,63,25,SELLER002,1,0
O001946,C0083,2025-07-27,S003,Mumbai West,West,P015,Skincare Set,Beauty,Personal Care,3,2499,5,7122.15,3703.52,3418.63,Credit Card,Store,Delivered,4,82,32,SELLER003,2,0
O001947,C0100,2025-10-13,S004,Delhi Select,North,P010,Water Bottle,Sports,Fitness,4,699,10,2516.4,1333.69,1182.71,Debit Card,Web,Delivered,5,101,39,SELLER004,3,0
O001948,C0117,2025-01-26,S005,Hyderabad Hub,South,P005,Bluetooth Speaker,Electronics,Audio,1,1899,15,1614.15,871.64,742.51,Wallet,Mobile App,Delivered,6,120,46,SELLER005,4,0
O001949,C0134,2025-04-12,S006,Pune Market,West,P016,Bluetooth Keyboard,Electronics,Accessories,2,2799,20,4478.4,2463.12,2015.28,Net Banking,Store,Shipped,7,139,53,SELLER006,5,0
O001950,C0151,2025-07-25,S001,Bengaluru Central,South,P011,Cotton Bedsheet,Home,Bedding,3,1599,0,4797,2686.32,2110.68,UPI,Web,Processing,,158,25,SELLER007,1,0
O001951,C0168,2025-10-11,S002,Chennai Marina,South,P006,Laptop Stand,Office,Accessories,4,1499,5,5696.2,3246.83,2449.37,Credit Card,Mobile App,Returned,9,177,32,SELLER008,2,1
O001952,C0185,2025-01-24,S003,Mumbai West,West,P001,Wireless Headphones,Electronics,Audio,1,2499,10,2249.1,1304.48,944.62,Debit Card,Store,Cancelled,,16,39,SELLER009,3,0
O001953,C0202,2025-04-10,S004,Delhi Select,North,P012,Non-stick Pan,Home Appliances,Kitchen,2,2199,15,3738.3,1943.92,1794.38,Wallet,Web,Delivered,3,35,46,SELLER010,4,0
O001954,C0219,2025-07-23,S005,Hyderabad Hub,South,P007,Desk Lamp,Home,Lighting,3,999,20,2397.6,1270.73,1126.87,Net Banking,Mobile App,Delivered,4,54,53,SELLER011,5,0
O001955,C0236,2025-10-09,S006,Pune Market,West,P002,Smart Watch,Electronics,Wearables,4,5999,0,23996,12957.84,11038.16,UPI,Store,Delivered,5,73,25,SELLER012,1,0
O001956,C0003,2025-01-22,S001,Bengaluru Central,South,P013,USB-C Hub,Electronics,Accessories,1,2299,5,2184.05,1201.23,982.82,Credit Card,Web,Shipped,6,92,32,SELLER013,2,0
O001957,C0020,2025-04-08,S002,Chennai Marina,South,P008,Yoga Mat,Sports,Fitness,2,1299,10,2338.2,1309.39,1028.81,Debit Card,Mobile App,Processing,,111,39,SELLER014,3,0
O001958,C0037,2025-07-21,S003,Mumbai West,West,P003,Coffee Maker,Home Appliances,Kitchen,3,3499,15,8922.45,5085.8,3836.65,Wallet,Store,Returned,8,130,46,SELLER015,4,1
O001959,C0054,2025-10-07,S004,Delhi Select,North,P014,Office Chair,Office,Furniture,4,8999,20,28796.8,16702.14,12094.66,Net Banking,Web,Cancelled,,149,53,SELLER016,5,0
O001960,C0071,2025-01-20,S005,Hyderabad Hub,South,P009,Backpack,Fashion,Bags,1,1799,0,1799,935.48,863.52,UPI,Mobile App,Delivered,2,168,25,SELLER017,1,0
O001961,C0088,2025-04-06,S006,Pune Market,West,P004,Running Shoes,Fashion,Footwear,2,2999,5,5698.1,3019.99,2678.11,Credit Card,Store,Delivered,3,187,32,SELLER018,2,0
O001962,C0105,2025-07-19,S001,Bengaluru Central,South,P015,Skincare Set,Beauty,Personal Care,3,2499,10,6747.3,3643.54,3103.76,Debit Card,Web,Delivered,4,26,39,SELLER001,3,0
O001963,C0122,2025-10-05,S002,Chennai Marina,South,P010,Water Bottle,Sports,Fitness,4,699,15,2376.6,1307.13,1069.47,Wallet,Mobile App,Shipped,5,45,46,SELLER002,4,0
O001964,C0139,2025-01-18,S003,Mumbai West,West,P005,Bluetooth Speaker,Electronics,Audio,1,1899,20,1519.2,850.75,668.45,Net Banking,Store,Processing,,64,53,SELLER003,5,0
O001965,C0156,2025-04-04,S004,Delhi Select,North,P016,Bluetooth Keyboard,Electronics,Accessories,2,2799,0,5598,3190.86,2407.14,UPI,Web,Returned,7,83,25,SELLER004,1,1
O001966,C0173,2025-07-17,S005,Hyderabad Hub,South,P011,Cotton Bedsheet,Home,Bedding,3,1599,5,4557.15,2643.15,1914,Credit Card,Mobile App,Cancelled,,102,32,SELLER005,2,0
O001967,C0190,2025-10-03,S006,Pune Market,West,P006,Laptop Stand,Office,Accessories,4,1499,10,5396.4,2806.13,2590.27,Debit Card,Store,Delivered,9,121,39,SELLER006,3,0
O001968,C0207,2025-01-16,S001,Bengaluru Central,South,P001,Wireless Headphones,Electronics,Audio,1,2499,15,2124.15,1125.8,998.35,Wallet,Web,Delivered,2,140,46,SELLER007,4,0
O001969,C0224,2025-04-02,S002,Chennai Marina,South,P012,Non-stick Pan,Home Appliances,Kitchen,2,2199,20,3518.4,1899.94,1618.46,Net Banking,Mobile App,Delivered,3,159,53,SELLER008,5,0
O001970,C0241,2025-07-15,S003,Mumbai West,West,P007,Desk Lamp,Home,Lighting,3,999,0,2997,1648.35,1348.65,UPI,Store,Shipped,4,178,25,SELLER009,1,0
O001971,C0008,2025-10-01,S004,Delhi Select,North,P002,Smart Watch,Electronics,Wearables,4,5999,5,22796.2,12765.87,10030.33,Credit Card,Web,Processing,,17,32,SELLER010,2,0
O001972,C0025,2025-01-14,S005,Hyderabad Hub,South,P013,USB-C Hub,Electronics,Accessories,1,2299,10,2069.1,1179.39,889.71,Debit Card,Mobile App,Returned,6,36,39,SELLER011,3,1
O001973,C0042,2025-04-27,S006,Pune Market,West,P008,Yoga Mat,Sports,Fitness,2,1299,15,2208.3,1280.81,927.49,Wallet,Store,Cancelled,,55,46,SELLER012,4,0
O001974,C0059,2025-07-13,S001,Bengaluru Central,South,P003,Coffee Maker,Home Appliances,Kitchen,3,3499,20,8397.6,4366.75,4030.85,Net Banking,Web,Delivered,8,74,53,SELLER013,5,0
O001975,C0076,2025-10-26,S002,Chennai Marina,South,P014,Office Chair,Office,Furniture,4,8999,0,35996,19077.88,16918.12,UPI,Mobile App,Delivered,9,93,25,SELLER014,1,0
O001976,C0093,2025-01-12,S003,Mumbai West,West,P009,Backpack,Fashion,Bags,1,1799,5,1709.05,922.89,786.16,Credit Card,Store,Delivered,2,112,32,SELLER015,2,0
O001977,C0110,2025-04-25,S004,Delhi Select,North,P004,Running Shoes,Fashion,Footwear,2,2999,10,5398.2,2969.01,2429.19,Debit Card,Web,Shipped,3,131,39,SELLER016,3,0
O001978,C0127,2025-07-11,S005,Hyderabad Hub,South,P015,Skincare Set,Beauty,Personal Care,3,2499,15,6372.45,3568.57,2803.88,Wallet,Mobile App,Processing,,150,46,SELLER017,4,0
O001979,C0144,2025-10-24,S006,Pune Market,West,P010,Water Bottle,Sports,Fitness,4,699,20,2236.8,1274.98,961.82,Net Banking,Store,Returned,5,169,53,SELLER018,5,1
O001980,C0161,2025-01-10,S001,Bengaluru Central,South,P005,Bluetooth Speaker,Electronics,Audio,1,1899,0,1899,1101.42,797.58,UPI,Web,Cancelled,,8,25,SELLER001,1,0
O001981,C0178,2025-04-23,S002,Chennai Marina,South,P016,Bluetooth Keyboard,Electronics,Accessories,2,2799,5,5318.1,2765.41,2552.69,Credit Card,Mobile App,Delivered,7,27,32,SELLER002,2,0
O001982,C0195,2025-07-09,S003,Mumbai West,West,P011,Cotton Bedsheet,Home,Bedding,3,1599,10,4317.3,2288.17,2029.13,Debit Card,Store,Delivered,8,46,39,SELLER003,3,0
O001983,C0212,2025-10-22,S004,Delhi Select,North,P006,Laptop Stand,Office,Accessories,4,1499,15,5096.6,2752.16,2344.44,Wallet,Web,Delivered,9,65,46,SELLER004,4,0
O001984,C0229,2025-01-08,S005,Hyderabad Hub,South,P001,Wireless Headphones,Electronics,Audio,1,2499,20,1999.2,1099.56,899.64,Net Banking,Mobile App,Shipped,2,84,53,SELLER005,5,0
O001985,C0246,2025-04-21,S006,Pune Market,West,P012,Non-stick Pan,Home Appliances,Kitchen,2,2199,0,4398,2462.88,1935.12,UPI,Store,Processing,,103,25,SELLER006,1,0
O001986,C0013,2025-07-07,S001,Bengaluru Central,South,P007,Desk Lamp,Home,Lighting,3,999,5,2847.15,1622.88,1224.27,Credit Card,Web,Returned,4,122,32,SELLER007,2,1
O001987,C0030,2025-10-20,S002,Chennai Marina,South,P002,Smart Watch,Electronics,Wearables,4,5999,10,21596.4,12525.91,9070.49,Debit Card,Mobile App,Cancelled,,141,39,SELLER008,3,0
O001988,C0047,2025-01-06,S003,Mumbai West,West,P013,USB-C Hub,Electronics,Accessories,1,2299,15,1954.15,1016.16,937.99,Wallet,Store,Delivered,6,160,46,SELLER009,4,0
O001989,C0064,2025-04-19,S004,Delhi Select,North,P008,Yoga Mat,Sports,Fitness,2,1299,20,2078.4,1101.55,976.85,Net Banking,Web,Delivered,7,179,53,SELLER010,5,0
O001990,C0081,2025-07-05,S005,Hyderabad Hub,South,P003,Coffee Maker,Home Appliances,Kitchen,3,3499,0,10497,5668.38,4828.62,UPI,Mobile App,Delivered,8,18,25,SELLER011,1,0
O001991,C0098,2025-10-18,S006,Pune Market,West,P014,Office Chair,Office,Furniture,4,8999,5,34196.2,18807.91,15388.29,Credit Card,Store,Shipped,9,37,32,SELLER012,2,0
O001992,C0115,2025-01-04,S001,Bengaluru Central,South,P009,Backpack,Fashion,Bags,1,1799,10,1619.1,906.7,712.4,Debit Card,Web,Processing,,56,39,SELLER013,3,0
O001993,C0132,2025-04-17,S002,Chennai Marina,South,P004,Running Shoes,Fashion,Footwear,2,2999,15,5098.3,2906.03,2192.27,Wallet,Mobile App,Returned,3,75,46,SELLER014,4,1
O001994,C0149,2025-07-03,S003,Mumbai West,West,P015,Skincare Set,Beauty,Personal Care,3,2499,20,5997.6,3478.61,2518.99,Net Banking,Store,Cancelled,,94,53,SELLER015,5,0
O001995,C0166,2025-10-16,S004,Delhi Select,North,P010,Water Bottle,Sports,Fitness,4,699,0,2796,1453.92,1342.08,UPI,Web,Delivered,5,113,25,SELLER016,1,0
O001996,C0183,2025-01-02,S005,Hyderabad Hub,South,P005,Bluetooth Speaker,Electronics,Audio,1,1899,5,1804.05,956.15,847.9,Credit Card,Mobile App,Delivered,6,132,32,SELLER017,2,0
O001997,C0200,2025-04-15,S006,Pune Market,West,P016,Bluetooth Keyboard,Electronics,Accessories,2,2799,10,5038.2,2720.63,2317.57,Debit Card,Store,Delivered,7,151,39,SELLER018,3,0
O001998,C0217,2025-07-01,S001,Bengaluru Central,South,P011,Cotton Bedsheet,Home,Bedding,3,1599,15,4077.45,2242.6,1834.85,Wallet,Web,Shipped,8,170,46,SELLER001,4,0
O001999,C0234,2025-10-14,S002,Chennai Marina,South,P006,Laptop Stand,Office,Accessories,4,1499,20,4796.8,2686.21,2110.59,Net Banking,Mobile App,Processing,,9,53,SELLER002,5,0
O002000,C0001,2025-01-27,S003,Mumbai West,West,P001,Wireless Headphones,Electronics,Audio,1,2499,0,2499,1424.43,1074.57,UPI,Store,Returned,2,28,25,SELLER003,1,1
O002001,C0018,2025-04-13,S004,Delhi Select,North,P012,Non-stick Pan,Home Appliances,Kitchen,2,2199,5,4178.1,2423.3,1754.8,Credit Card,Web,Cancelled,,47,32,SELLER004,2,0
O002002,C0035,2025-07-26,S005,Hyderabad Hub,South,P007,Desk Lamp,Home,Lighting,3,999,10,2697.3,1402.6,1294.7,Debit Card,Mobile App,Delivered,4,66,39,SELLER005,3,0
O002003,C0052,2025-10-12,S006,Pune Market,West,P002,Smart Watch,Electronics,Wearables,4,5999,15,20396.6,10810.2,9586.4,Wallet,Store,Delivered,5,85,46,SELLER006,4,0
O002004,C0069,2025-01-25,S001,Bengaluru Central,South,P013,USB-C Hub,Electronics,Accessories,1,2299,20,1839.2,993.17,846.03,Net Banking,Web,Delivered,6,104,53,SELLER007,5,0
O002005,C0086,2025-04-11,S002,Chennai Marina,South,P008,Yoga Mat,Sports,Fitness,2,1299,0,2598,1428.9,1169.1,UPI,Mobile App,Shipped,7,123,25,SELLER008,1,0
O002006,C0103,2025-07-24,S003,Mumbai West,West,P003,Coffee Maker,Home Appliances,Kitchen,3,3499,5,9972.15,5584.4,4387.75,Credit Card,Store,Processing,,142,32,SELLER009,2,0
O002007,C0120,2025-10-10,S004,Delhi Select,North,P014,Office Chair,Office,Furniture,4,8999,10,32396.4,18465.95,13930.45,Debit Card,Web,Returned,9,161,39,SELLER010,3,1
O002008,C0137,2025-01-23,S005,Hyderabad Hub,South,P009,Backpack,Fashion,Bags,1,1799,15,1529.15,886.91,642.24,Wallet,Mobile App,Cancelled,,180,46,SELLER011,4,0
O002009,C0154,2025-04-09,S006,Pune Market,West,P004,Running Shoes,Fashion,Footwear,2,2999,20,4798.4,2495.17,2303.23,Net Banking,Store,Delivered,3,19,53,SELLER012,5,0
O002010,C0171,2025-07-22,S001,Bengaluru Central,South,P015,Skincare Set,Beauty,Personal Care,3,2499,0,7497,3973.41,3523.59,UPI,Web,Delivered,4,38,25,SELLER013,1,0
O002011,C0188,2025-10-08,S002,Chennai Marina,South,P010,Water Bottle,Sports,Fitness,4,699,5,2656.2,1434.35,1221.85,Credit Card,Mobile App,Delivered,5,57,32,SELLER014,2,0
O002012,C0205,2025-01-21,S003,Mumbai West,West,P005,Bluetooth Speaker,Electronics,Audio,1,1899,10,1709.1,940,769.1,Debit Card,Store,Shipped,6,76,39,SELLER015,3,0
O002013,C0222,2025-04-07,S004,Delhi Select,North,P016,Bluetooth Keyboard,Electronics,Accessories,2,2799,15,4758.3,2664.65,2093.65,Wallet,Web,Processing,,95,46,SELLER016,4,0
O002014,C0239,2025-07-20,S005,Hyderabad Hub,South,P011,Cotton Bedsheet,Home,Bedding,3,1599,20,3837.6,2187.43,1650.17,Net Banking,Mobile App,Returned,8,114,53,SELLER017,5,1
O002015,C0006,2025-10-06,S006,Pune Market,West,P006,Laptop Stand,Office,Accessories,4,1499,0,5996,3477.68,2518.32,UPI,Store,Cancelled,,133,25,SELLER018,1,0
O002016,C0023,2025-01-19,S001,Bengaluru Central,South,P001,Wireless Headphones,Electronics,Audio,1,2499,5,2374.05,1234.51,1139.54,Credit Card,Web,Delivered,2,152,32,SELLER001,2,0
O002017,C0040,2025-04-05,S002,Chennai Marina,South,P012,Non-stick Pan,Home Appliances,Kitchen,2,2199,10,3958.2,2097.85,1860.35,Debit Card,Mobile App,Delivered,3,171,39,SELLER002,3,0
O002018,C0057,2025-07-18,S003,Mumbai West,West,P007,Desk Lamp,Home,Lighting,3,999,15,2547.45,1375.62,1171.83,Wallet,Store,Delivered,4,10,46,SELLER003,4,0
O002019,C0074,2025-10-04,S004,Delhi Select,North,P002,Smart Watch,Electronics,Wearables,4,5999,20,19196.8,10558.24,8638.56,Net Banking,Web,Shipped,5,29,53,SELLER004,5,0
O002020,C0091,2025-01-17,S005,Hyderabad Hub,South,P013,USB-C Hub,Electronics,Accessories,1,2299,0,2299,1287.44,1011.56,UPI,Mobile App,Processing,,48,25,SELLER005,1,0
O002021,C0108,2025-04-03,S006,Pune Market,West,P008,Yoga Mat,Sports,Fitness,2,1299,5,2468.1,1406.82,1061.28,Credit Card,Store,Returned,7,67,32,SELLER006,2,1
O002022,C0125,2025-07-16,S001,Bengaluru Central,South,P003,Coffee Maker,Home Appliances,Kitchen,3,3499,10,9447.3,5479.43,3967.87,Debit Card,Web,Cancelled,,86,39,SELLER007,3,0
O002023,C0142,2025-10-02,S002,Chennai Marina,South,P014,Office Chair,Office,Furniture,4,8999,15,30596.6,15910.23,14686.37,Wallet,Mobile App,Delivered,9,105,46,SELLER008,4,0
O002024,C0159,2025-01-15,S003,Mumbai West,West,P009,Backpack,Fashion,Bags,1,1799,20,1439.2,762.78,676.42,Net Banking,Store,Delivered,2,124,53,SELLER009,5,0
O002025,C0176,2025-04-01,S004,Delhi Select,North,P004,Running Shoes,Fashion,Footwear,2,2999,0,5998,3238.92,2759.08,UPI,Web,Delivered,3,143,25,SELLER010,1,0
O002026,C0193,2025-07-14,S005,Hyderabad Hub,South,P015,Skincare Set,Beauty,Personal Care,3,2499,5,7122.15,3917.18,3204.97,Credit Card,Mobile App,Shipped,4,162,32,SELLER011,2,0
O002027,C0210,2025-10-27,S006,Pune Market,West,P010,Water Bottle,Sports,Fitness,4,699,10,2516.4,1409.18,1107.22,Debit Card,Store,Processing,,181,39,SELLER012,3,0
O002028,C0227,2025-01-13,S001,Bengaluru Central,South,P005,Bluetooth Speaker,Electronics,Audio,1,1899,15,1614.15,920.07,694.08,Wallet,Web,Returned,6,20,46,SELLER013,4,1
O002029,C0244,2025-04-26,S002,Chennai Marina,South,P016,Bluetooth Keyboard,Electronics,Accessories,2,2799,20,4478.4,2597.47,1880.93,Net Banking,Mobile App,Cancelled,,39,53,SELLER014,5,0
O002030,C0011,2025-07-12,S003,Mumbai West,West,P011,Cotton Bedsheet,Home,Bedding,3,1599,0,4797,2494.44,2302.56,UPI,Store,Delivered,8,58,25,SELLER015,1,0
O002031,C0028,2025-10-25,S004,Delhi Select,North,P006,Laptop Stand,Office,Accessories,4,1499,5,5696.2,3018.99,2677.21,Credit Card,Web,Delivered,9,77,32,SELLER016,2,0
O002032,C0045,2025-01-11,S005,Hyderabad Hub,South,P001,Wireless Headphones,Electronics,Audio,1,2499,10,2249.1,1214.51,1034.59,Debit Card,Mobile App,Delivered,2,96,39,SELLER017,3,0
O002033,C0062,2025-04-24,S006,Pune Market,West,P012,Non-stick Pan,Home Appliances,Kitchen,2,2199,15,3738.3,2056.07,1682.23,Wallet,Store,Shipped,3,115,46,SELLER018,4,0
O002034,C0079,2025-07-10,S001,Bengaluru Central,South,P007,Desk Lamp,Home,Lighting,3,999,20,2397.6,1342.66,1054.94,Net Banking,Web,Processing,,134,53,SELLER001,5,0
O002035,C0096,2025-10-23,S002,Chennai Marina,South,P002,Smart Watch,Electronics,Wearables,4,5999,0,23996,13677.72,10318.28,UPI,Mobile App,Returned,5,153,25,SELLER002,1,1
O002036,C0113,2025-01-09,S003,Mumbai West,West,P013,USB-C Hub,Electronics,Accessories,1,2299,5,2184.05,1266.75,917.3,Credit Card,Store,Cancelled,,172,32,SELLER003,2,0
O002037,C0130,2025-04-22,S004,Delhi Select,North,P008,Yoga Mat,Sports,Fitness,2,1299,10,2338.2,1215.86,1122.34,Debit Card,Web,Delivered,7,11,39,SELLER004,3,0
O002038,C0147,2025-07-08,S005,Hyderabad Hub,South,P003,Coffee Maker,Home Appliances,Kitchen,3,3499,15,8922.45,4728.9,4193.55,Wallet,Mobile App,Delivered,8,30,46,SELLER005,4,0
O002039,C0164,2025-10-21,S006,Pune Market,West,P014,Office Chair,Office,Furniture,4,8999,20,28796.8,15550.27,13246.53,Net Banking,Store,Delivered,9,49,53,SELLER006,5,0
O002040,C0181,2025-01-07,S001,Bengaluru Central,South,P009,Backpack,Fashion,Bags,1,1799,0,1799,989.45,809.55,UPI,Web,Shipped,2,68,25,SELLER007,1,0
O002041,C0198,2025-04-20,S002,Chennai Marina,South,P004,Running Shoes,Fashion,Footwear,2,2999,5,5698.1,3190.94,2507.16,Credit Card,Mobile App,Processing,,87,32,SELLER008,2,0
O002042,C0215,2025-07-06,S003,Mumbai West,West,P015,Skincare Set,Beauty,Personal Care,3,2499,10,6747.3,3845.96,2901.34,Debit Card,Store,Returned,4,106,39,SELLER009,3,1
O002043,C0232,2025-10-19,S004,Delhi Select,North,P010,Water Bottle,Sports,Fitness,4,699,15,2376.6,1378.43,998.17,Wallet,Web,Cancelled,,125,46,SELLER010,4,0
O002044,C0249,2025-01-05,S005,Hyderabad Hub,South,P005,Bluetooth Speaker,Electronics,Audio,1,1899,20,1519.2,789.98,729.22,Net Banking,Mobile App,Delivered,6,144,53,SELLER011,5,0
O002045,C0016,2025-04-18,S006,Pune Market,West,P016,Bluetooth Keyboard,Electronics,Accessories,2,2799,0,5598,2966.94,2631.06,UPI,Store,Delivered,7,163,25,SELLER012,1,0
O002046,C0033,2025-07-04,S001,Bengaluru Central,South,P011,Cotton Bedsheet,Home,Bedding,3,1599,5,4557.15,2460.86,2096.29,Credit Card,Web,Delivered,8,182,32,SELLER013,2,0
O002047,C0050,2025-10-17,S002,Chennai Marina,South,P006,Laptop Stand,Office,Accessories,4,1499,10,5396.4,2968.02,2428.38,Debit Card,Mobile App,Shipped,9,21,39,SELLER014,3,0
O002048,C0067,2025-01-03,S003,Mumbai West,West,P001,Wireless Headphones,Electronics,Audio,1,2499,15,2124.15,1189.52,934.63,Wallet,Store,Processing,,40,46,SELLER015,4,0
O002049,C0084,2025-04-16,S004,Delhi Select,North,P012,Non-stick Pan,Home Appliances,Kitchen,2,2199,20,3518.4,2005.49,1512.91,Net Banking,Web,Returned,3,59,53,SELLER016,5,1
O002050,C0101,2025-07-02,S005,Hyderabad Hub,South,P007,Desk Lamp,Home,Lighting,3,999,0,2997,1738.26,1258.74,UPI,Mobile App,Cancelled,,78,25,SELLER017,1,0
O002051,C0118,2025-10-15,S006,Pune Market,West,P002,Smart Watch,Electronics,Wearables,4,5999,5,22796.2,11854.02,10942.18,Credit Card,Store,Delivered,5,97,32,SELLER018,2,0
O002052,C0135,2025-01-01,S001,Bengaluru Central,South,P013,USB-C Hub,Electronics,Accessories,1,2299,10,2069.1,1096.62,972.48,Debit Card,Web,Delivered,6,116,39,SELLER001,3,0
O002053,C0152,2025-04-14,S002,Chennai Marina,South,P008,Yoga Mat,Sports,Fitness,2,1299,15,2208.3,1192.48,1015.82,Wallet,Mobile App,Delivered,7,135,46,SELLER002,4,0
O002054,C0169,2025-07-27,S003,Mumbai West,West,P003,Coffee Maker,Home Appliances,Kitchen,3,3499,20,8397.6,4618.68,3778.92,Net Banking,Store,Shipped,8,154,53,SELLER003,5,0
O002055,C0186,2025-10-13,S004,Delhi Select,North,P014,Office Chair,Office,Furniture,4,8999,0,35996,20157.76,15838.24,UPI,Web,Processing,,173,25,SELLER004,1,0
O002056,C0203,2025-01-26,S005,Hyderabad Hub,South,P009,Backpack,Fashion,Bags,1,1799,5,1709.05,974.16,734.89,Credit Card,Mobile App,Returned,2,12,32,SELLER005,2,1
O002057,C0220,2025-04-12,S006,Pune Market,West,P004,Running Shoes,Fashion,Footwear,2,2999,10,5398.2,3130.96,2267.24,Debit Card,Store,Cancelled,,31,39,SELLER006,3,0
O002058,C0237,2025-07-25,S001,Bengaluru Central,South,P015,Skincare Set,Beauty,Personal Care,3,2499,15,6372.45,3313.67,3058.78,Wallet,Web,Delivered,4,50,46,SELLER007,4,0
O002059,C0004,2025-10-11,S002,Chennai Marina,South,P010,Water Bottle,Sports,Fitness,4,699,20,2236.8,1185.5,1051.3,Net Banking,Mobile App,Delivered,5,69,53,SELLER008,5,0
O002060,C0021,2025-01-24,S003,Mumbai West,West,P005,Bluetooth Speaker,Electronics,Audio,1,1899,0,1899,1025.46,873.54,UPI,Store,Delivered,6,88,25,SELLER009,1,0
O002061,C0038,2025-04-10,S004,Delhi Select,North,P016,Bluetooth Keyboard,Electronics,Accessories,2,2799,5,5318.1,2924.96,2393.14,Credit Card,Web,Shipped,7,107,32,SELLER010,2,0
O002062,C0055,2025-07-23,S005,Hyderabad Hub,South,P011,Cotton Bedsheet,Home,Bedding,3,1599,10,4317.3,2417.69,1899.61,Debit Card,Mobile App,Processing,,126,39,SELLER011,3,0
O002063,C0072,2025-10-09,S006,Pune Market,West,P006,Laptop Stand,Office,Accessories,4,1499,15,5096.6,2905.06,2191.54,Wallet,Store,Returned,9,145,46,SELLER012,4,1
O002064,C0089,2025-01-22,S001,Bengaluru Central,South,P001,Wireless Headphones,Electronics,Audio,1,2499,20,1999.2,1159.54,839.66,Net Banking,Web,Cancelled,,164,53,SELLER013,5,0
O002065,C0106,2025-04-08,S002,Chennai Marina,South,P012,Non-stick Pan,Home Appliances,Kitchen,2,2199,0,4398,2286.96,2111.04,UPI,Mobile App,Delivered,3,183,25,SELLER014,1,0
O002066,C0123,2025-07-21,S003,Mumbai West,West,P007,Desk Lamp,Home,Lighting,3,999,5,2847.15,1508.99,1338.16,Credit Card,Store,Delivered,4,22,32,SELLER015,2,0
O002067,C0140,2025-10-07,S004,Delhi Select,North,P002,Smart Watch,Electronics,Wearables,4,5999,10,21596.4,11662.06,9934.34,Debit Card,Web,Delivered,5,41,39,SELLER016,3,0
O002068,C0157,2025-01-20,S005,Hyderabad Hub,South,P013,USB-C Hub,Electronics,Accessories,1,2299,15,1954.15,1074.78,879.37,Wallet,Mobile App,Shipped,6,60,46,SELLER017,4,0
O002069,C0174,2025-04-06,S006,Pune Market,West,P008,Yoga Mat,Sports,Fitness,2,1299,20,2078.4,1163.9,914.5,Net Banking,Store,Processing,,79,53,SELLER018,5,0
O002070,C0191,2025-07-19,S001,Bengaluru Central,South,P003,Coffee Maker,Home Appliances,Kitchen,3,3499,0,10497,5983.29,4513.71,UPI,Web,Returned,8,98,25,SELLER001,1,1
O002071,C0208,2025-10-05,S002,Chennai Marina,South,P014,Office Chair,Office,Furniture,4,8999,5,34196.2,19833.8,14362.4,Credit Card,Mobile App,Cancelled,,117,32,SELLER002,2,0
O002072,C0225,2025-01-18,S003,Mumbai West,West,P009,Backpack,Fashion,Bags,1,1799,10,1619.1,841.93,777.17,Debit Card,Store,Delivered,2,136,39,SELLER003,3,0
O002073,C0242,2025-04-04,S004,Delhi Select,North,P004,Running Shoes,Fashion,Footwear,2,2999,15,5098.3,2702.1,2396.2,Wallet,Web,Delivered,3,155,46,SELLER004,4,0
O002074,C0009,2025-07-17,S005,Hyderabad Hub,South,P015,Skincare Set,Beauty,Personal Care,3,2499,20,5997.6,3238.7,2758.9,Net Banking,Mobile App,Delivered,4,174,53,SELLER005,5,0
O002075,C0026,2025-10-03,S006,Pune Market,West,P010,Water Bottle,Sports,Fitness,4,699,0,2796,1537.8,1258.2,UPI,Store,Shipped,5,13,25,SELLER006,1,0
O002076,C0043,2025-01-16,S001,Bengaluru Central,South,P005,Bluetooth Speaker,Electronics,Audio,1,1899,5,1804.05,1010.27,793.78,Credit Card,Web,Processing,,32,32,SELLER007,2,0
O002077,C0060,2025-04-02,S002,Chennai Marina,South,P016,Bluetooth Keyboard,Electronics,Accessories,2,2799,10,5038.2,2871.77,2166.43,Debit Card,Mobile App,Returned,7,51,39,SELLER008,3,1
O002078,C0077,2025-07-15,S003,Mumbai West,West,P011,Cotton Bedsheet,Home,Bedding,3,1599,15,4077.45,2364.92,1712.53,Wallet,Store,Cancelled,,70,46,SELLER009,4,0
O002079,C0094,2025-10-01,S004,Delhi Select,North,P006,Laptop Stand,Office,Accessories,4,1499,20,4796.8,2494.34,2302.46,Net Banking,Web,Delivered,9,89,53,SELLER010,5,0
O002080,C0111,2025-01-14,S005,Hyderabad Hub,South,P001,Wireless Headphones,Electronics,Audio,1,2499,0,2499,1324.47,1174.53,UPI,Mobile App,Delivered,2,108,25,SELLER011,1,0
O002081,C0128,2025-04-27,S006,Pune Market,West,P012,Non-stick Pan,Home Appliances,Kitchen,2,2199,5,4178.1,2256.17,1921.93,Credit Card,Store,Delivered,3,127,32,SELLER012,2,0
O002082,C0145,2025-07-13,S001,Bengaluru Central,South,P007,Desk Lamp,Home,Lighting,3,999,10,2697.3,1483.52,1213.78,Debit Card,Web,Shipped,4,146,39,SELLER013,3,0
O002083,C0162,2025-10-26,S002,Chennai Marina,South,P002,Smart Watch,Electronics,Wearables,4,5999,15,20396.6,11422.1,8974.5,Wallet,Mobile App,Processing,,165,46,SELLER014,4,0
O002084,C0179,2025-01-12,S003,Mumbai West,West,P013,USB-C Hub,Electronics,Accessories,1,2299,20,1839.2,1048.34,790.86,Net Banking,Store,Returned,6,184,53,SELLER015,5,1
O002085,C0196,2025-04-25,S004,Delhi Select,North,P008,Yoga Mat,Sports,Fitness,2,1299,0,2598,1506.84,1091.16,UPI,Web,Cancelled,,23,25,SELLER016,1,0
O002086,C0213,2025-07-11,S005,Hyderabad Hub,South,P003,Coffee Maker,Home Appliances,Kitchen,3,3499,5,9972.15,5185.52,4786.63,Credit Card,Mobile App,Delivered,8,42,32,SELLER017,2,0
O002087,C0230,2025-10-24,S006,Pune Market,West,P014,Office Chair,Office,Furniture,4,8999,10,32396.4,17170.09,15226.31,Debit Card,Store,Delivered,9,61,39,SELLER018,3,0
O002088,C0247,2025-01-10,S001,Bengaluru Central,South,P009,Backpack,Fashion,Bags,1,1799,15,1529.15,825.74,703.41,Wallet,Web,Delivered,2,80,46,SELLER001,4,0
O002089,C0014,2025-04-23,S002,Chennai Marina,South,P004,Running Shoes,Fashion,Footwear,2,2999,20,4798.4,2639.12,2159.28,Net Banking,Mobile App,Shipped,3,99,53,SELLER002,5,0
O002090,C0031,2025-07-09,S003,Mumbai West,West,P015,Skincare Set,Beauty,Personal Care,3,2499,0,7497,4198.32,3298.68,UPI,Store,Processing,,118,25,SELLER003,1,0
O002091,C0048,2025-10-22,S004,Delhi Select,North,P010,Water Bottle,Sports,Fitness,4,699,5,2656.2,1514.03,1142.17,Credit Card,Web,Returned,5,137,32,SELLER004,2,1
O002092,C0065,2025-01-08,S005,Hyderabad Hub,South,P005,Bluetooth Speaker,Electronics,Audio,1,1899,10,1709.1,991.28,717.82,Debit Card,Mobile App,Cancelled,,156,39,SELLER005,3,0
O002093,C0082,2025-04-21,S006,Pune Market,West,P016,Bluetooth Keyboard,Electronics,Accessories,2,2799,15,4758.3,2474.32,2283.98,Wallet,Store,Delivered,7,175,46,SELLER006,4,0
O002094,C0099,2025-07-07,S001,Bengaluru Central,South,P011,Cotton Bedsheet,Home,Bedding,3,1599,20,3837.6,2033.93,1803.67,Net Banking,Web,Delivered,8,14,53,SELLER007,5,0
O002095,C0116,2025-10-20,S002,Chennai Marina,South,P006,Laptop Stand,Office,Accessories,4,1499,0,5996,3237.84,2758.16,UPI,Mobile App,Delivered,9,33,25,SELLER008,1,0
O002096,C0133,2025-01-06,S003,Mumbai West,West,P001,Wireless Headphones,Electronics,Audio,1,2499,5,2374.05,1305.73,1068.32,Credit Card,Store,Shipped,2,52,32,SELLER009,2,0
O002097,C0150,2025-04-19,S004,Delhi Select,North,P012,Non-stick Pan,Home Appliances,Kitchen,2,2199,10,3958.2,2216.59,1741.61,Debit Card,Web,Processing,,71,39,SELLER010,3,0
O002098,C0167,2025-07-05,S005,Hyderabad Hub,South,P007,Desk Lamp,Home,Lighting,3,999,15,2547.45,1452.05,1095.4,Wallet,Mobile App,Returned,4,90,46,SELLER011,4,1
O002099,C0184,2025-10-18,S006,Pune Market,West,P002,Smart Watch,Electronics,Wearables,4,5999,20,19196.8,11134.14,8062.66,Net Banking,Store,Cancelled,,109,53,SELLER012,5,0
O002100,C0201,2025-01-04,S001,Bengaluru Central,South,P013,USB-C Hub,Electronics,Accessories,1,2299,0,2299,1195.48,1103.52,UPI,Web,Delivered,6,128,25,SELLER013,1,0
O002101,C0218,2025-04-17,S002,Chennai Marina,South,P008,Yoga Mat,Sports,Fitness,2,1299,5,2468.1,1308.09,1160.01,Credit Card,Mobile App,Delivered,7,147,32,SELLER014,2,0
O002102,C0235,2025-07-03,S003,Mumbai West,West,P003,Coffee Maker,Home Appliances,Kitchen,3,3499,10,9447.3,5101.54,4345.76,Debit Card,Store,Delivered,8,166,39,SELLER015,3,0
O002103,C0002,2025-10-16,S004,Delhi Select,North,P014,Office Chair,Office,Furniture,4,8999,15,30596.6,16828.13,13768.47,Wallet,Web,Shipped,9,185,46,SELLER016,4,0
O002104,C0019,2025-01-02,S005,Hyderabad Hub,South,P009,Backpack,Fashion,Bags,1,1799,20,1439.2,805.95,633.25,Net Banking,Mobile App,Processing,,24,53,SELLER017,5,0
O002105,C0036,2025-04-15,S006,Pune Market,West,P004,Running Shoes,Fashion,Footwear,2,2999,0,5998,3418.86,2579.14,UPI,Store,Returned,3,43,25,SELLER018,1,1
O002106,C0053,2025-07-01,S001,Bengaluru Central,South,P015,Skincare Set,Beauty,Personal Care,3,2499,5,7122.15,4130.85,2991.3,Credit Card,Web,Cancelled,,62,32,SELLER001,2,0
O002107,C0070,2025-10-14,S002,Chennai Marina,South,P010,Water Bottle,Sports,Fitness,4,699,10,2516.4,1308.53,1207.87,Debit Card,Mobile App,Delivered,5,81,39,SELLER002,3,0
O002108,C0087,2025-01-27,S003,Mumbai West,West,P005,Bluetooth Speaker,Electronics,Audio,1,1899,15,1614.15,855.5,758.65,Wallet,Store,Delivered,6,100,46,SELLER003,4,0
O002109,C0104,2025-04-13,S004,Delhi Select,North,P016,Bluetooth Keyboard,Electronics,Accessories,2,2799,20,4478.4,2418.34,2060.06,Net Banking,Web,Delivered,7,119,53,SELLER004,5,0
O002110,C0121,2025-07-26,S005,Hyderabad Hub,South,P011,Cotton Bedsheet,Home,Bedding,3,1599,0,4797,2638.35,2158.65,UPI,Mobile App,Shipped,8,138,25,SELLER005,1,0
O002111,C0138,2025-10-12,S006,Pune Market,West,P006,Laptop Stand,Office,Accessories,4,1499,5,5696.2,3189.87,2506.33,Credit Card,Store,Processing,,157,32,SELLER006,2,0
O002112,C0155,2025-01-25,S001,Bengaluru Central,South,P001,Wireless Headphones,Electronics,Audio,1,2499,10,2249.1,1281.99,967.11,Debit Card,Web,Returned,2,176,39,SELLER007,3,1
O002113,C0172,2025-04-11,S002,Chennai Marina,South,P012,Non-stick Pan,Home Appliances,Kitchen,2,2199,15,3738.3,2168.21,1570.09,Wallet,Mobile App,Cancelled,,15,46,SELLER008,4,0
O002114,C0189,2025-07-24,S003,Mumbai West,West,P007,Desk Lamp,Home,Lighting,3,999,20,2397.6,1246.75,1150.85,Net Banking,Store,Delivered,4,34,53,SELLER009,5,0
O002115,C0206,2025-10-10,S004,Delhi Select,North,P002,Smart Watch,Electronics,Wearables,4,5999,0,23996,12717.88,11278.12,UPI,Web,Delivered,5,53,25,SELLER010,1,0
O002116,C0223,2025-01-23,S005,Hyderabad Hub,South,P013,USB-C Hub,Electronics,Accessories,1,2299,5,2184.05,1179.39,1004.66,Credit Card,Mobile App,Delivered,6,72,32,SELLER011,2,0
O002117,C0240,2025-04-09,S006,Pune Market,West,P008,Yoga Mat,Sports,Fitness,2,1299,10,2338.2,1286.01,1052.19,Debit Card,Store,Shipped,7,91,39,SELLER012,3,0
O002118,C0007,2025-07-22,S001,Bengaluru Central,South,P003,Coffee Maker,Home Appliances,Kitchen,3,3499,15,8922.45,4996.57,3925.88,Wallet,Web,Processing,,110,46,SELLER013,4,0
O002119,C0024,2025-10-08,S002,Chennai Marina,South,P014,Office Chair,Office,Furniture,4,8999,20,28796.8,16414.18,12382.62,Net Banking,Mobile App,Returned,9,129,53,SELLER014,5,1
O002120,C0041,2025-01-21,S003,Mumbai West,West,P009,Backpack,Fashion,Bags,1,1799,0,1799,1043.42,755.58,UPI,Store,Cancelled,,148,25,SELLER015,1,0
O002121,C0058,2025-04-07,S004,Delhi Select,North,P004,Running Shoes,Fashion,Footwear,2,2999,5,5698.1,2963.01,2735.09,Credit Card,Web,Delivered,3,167,32,SELLER016,2,0
O002122,C0075,2025-07-20,S005,Hyderabad Hub,South,P015,Skincare Set,Beauty,Personal Care,3,2499,10,6747.3,3576.07,3171.23,Debit Card,Mobile App,Delivered,4,186,39,SELLER017,3,0
O002123,C0092,2025-10-06,S006,Pune Market,West,P010,Water Bottle,Sports,Fitness,4,699,15,2376.6,1283.36,1093.24,Wallet,Store,Delivered,5,25,46,SELLER018,4,0
O002124,C0109,2025-01-19,S001,Bengaluru Central,South,P005,Bluetooth Speaker,Electronics,Audio,1,1899,20,1519.2,835.56,683.64,Net Banking,Web,Shipped,6,44,53,SELLER001,5,0
O002125,C0126,2025-04-05,S002,Chennai Marina,South,P016,Bluetooth Keyboard,Electronics,Accessories,2,2799,0,5598,3134.88,2463.12,UPI,Mobile App,Processing,,63,25,SELLER002,1,0
O002126,C0143,2025-07-18,S003,Mumbai West,West,P011,Cotton Bedsheet,Home,Bedding,3,1599,5,4557.15,2597.58,1959.57,Credit Card,Store,Returned,8,82,32,SELLER003,2,1
O002127,C0160,2025-10-04,S004,Delhi Select,North,P006,Laptop Stand,Office,Accessories,4,1499,10,5396.4,3129.91,2266.49,Debit Card,Web,Cancelled,,101,39,SELLER004,3,0
O002128,C0177,2025-01-17,S005,Hyderabad Hub,South,P001,Wireless Headphones,Electronics,Audio,1,2499,15,2124.15,1104.56,1019.59,Wallet,Mobile App,Delivered,2,120,46,SELLER005,4,0
O002129,C0194,2025-04-03,S006,Pune Market,West,P012,Non-stick Pan,Home Appliances,Kitchen,2,2199,20,3518.4,1864.75,1653.65,Net Banking,Store,Delivered,3,139,53,SELLER006,5,0
O002130,C0211,2025-07-16,S001,Bengaluru Central,South,P007,Desk Lamp,Home,Lighting,3,999,0,2997,1618.38,1378.62,UPI,Web,Delivered,4,158,25,SELLER007,1,0
O002131,C0228,2025-10-02,S002,Chennai Marina,South,P002,Smart Watch,Electronics,Wearables,4,5999,5,22796.2,12537.91,10258.29,Credit Card,Mobile App,Shipped,5,177,32,SELLER008,2,0
O002132,C0245,2025-01-15,S003,Mumbai West,West,P013,USB-C Hub,Electronics,Accessories,1,2299,10,2069.1,1158.7,910.4,Debit Card,Store,Processing,,16,39,SELLER009,3,0
O002133,C0012,2025-04-01,S004,Delhi Select,North,P008,Yoga Mat,Sports,Fitness,2,1299,15,2208.3,1258.73,949.57,Wallet,Web,Returned,7,35,46,SELLER010,4,1
O002134,C0029,2025-07-14,S005,Hyderabad Hub,South,P003,Coffee Maker,Home Appliances,Kitchen,3,3499,20,8397.6,4870.61,3526.99,Net Banking,Mobile App,Cancelled,,54,53,SELLER011,5,0
O002135,C0046,2025-10-27,S006,Pune Market,West,P014,Office Chair,Office,Furniture,4,8999,0,35996,18717.92,17278.08,UPI,Store,Delivered,9,73,25,SELLER012,1,0
O002136,C0063,2025-01-13,S001,Bengaluru Central,South,P009,Backpack,Fashion,Bags,1,1799,5,1709.05,905.8,803.25,Credit Card,Web,Delivered,2,92,32,SELLER013,2,0
O002137,C0080,2025-04-26,S002,Chennai Marina,South,P004,Running Shoes,Fashion,Footwear,2,2999,10,5398.2,2915.03,2483.17,Debit Card,Mobile App,Delivered,3,111,39,SELLER014,3,0
O002138,C0097,2025-07-12,S003,Mumbai West,West,P015,Skincare Set,Beauty,Personal Care,3,2499,15,6372.45,3504.85,2867.6,Wallet,Store,Shipped,4,130,46,SELLER015,4,0
O002139,C0114,2025-10-25,S004,Delhi Select,North,P010,Water Bottle,Sports,Fitness,4,699,20,2236.8,1252.61,984.19,Net Banking,Web,Processing,,149,53,SELLER016,5,0
O002140,C0131,2025-01-11,S005,Hyderabad Hub,South,P005,Bluetooth Speaker,Electronics,Audio,1,1899,0,1899,1082.43,816.57,UPI,Mobile App,Returned,6,168,25,SELLER017,1,1
O002141,C0148,2025-04-24,S006,Pune Market,West,P016,Bluetooth Keyboard,Electronics,Accessories,2,2799,5,5318.1,3084.5,2233.6,Credit Card,Store,Cancelled,,187,32,SELLER018,2,0
O002142,C0165,2025-07-10,S001,Bengaluru Central,South,P011,Cotton Bedsheet,Home,Bedding,3,1599,10,4317.3,2245,2072.3,Debit Card,Web,Delivered,8,26,39,SELLER001,3,0
O002143,C0182,2025-10-23,S002,Chennai Marina,South,P006,Laptop Stand,Office,Accessories,4,1499,15,5096.6,2701.2,2395.4,Wallet,Mobile App,Delivered,9,45,46,SELLER002,4,0
O002144,C0199,2025-01-09,S003,Mumbai West,West,P001,Wireless Headphones,Electronics,Audio,1,2499,20,1999.2,1079.57,919.63,Net Banking,Store,Delivered,2,64,53,SELLER003,5,0
O002145,C0216,2025-04-22,S004,Delhi Select,North,P012,Non-stick Pan,Home Appliances,Kitchen,2,2199,0,4398,2418.9,1979.1,UPI,Web,Shipped,3,83,25,SELLER004,1,0
O002146,C0233,2025-07-08,S005,Hyderabad Hub,South,P007,Desk Lamp,Home,Lighting,3,999,5,2847.15,1594.4,1252.75,Credit Card,Mobile App,Processing,,102,32,SELLER005,2,0
O002147,C0250,2025-10-21,S006,Pune Market,West,P002,Smart Watch,Electronics,Wearables,4,5999,10,21596.4,12309.95,9286.45,Debit Card,Store,Returned,5,121,39,SELLER006,3,1
O002148,C0017,2025-01-07,S001,Bengaluru Central,South,P013,USB-C Hub,Electronics,Accessories,1,2299,15,1954.15,1133.41,820.74,Wallet,Web,Cancelled,,140,46,SELLER007,4,0
O002149,C0034,2025-04-20,S002,Chennai Marina,South,P008,Yoga Mat,Sports,Fitness,2,1299,20,2078.4,1080.77,997.63,Net Banking,Mobile App,Delivered,7,159,53,SELLER008,5,0
O002150,C0051,2025-07-06,S003,Mumbai West,West,P003,Coffee Maker,Home Appliances,Kitchen,3,3499,0,10497,5563.41,4933.59,UPI,Store,Delivered,8,178,25,SELLER009,1,0
O002151,C0068,2025-10-19,S004,Delhi Select,North,P014,Office Chair,Office,Furniture,4,8999,5,34196.2,18465.95,15730.25,Credit Card,Web,Delivered,9,17,32,SELLER010,2,0
O002152,C0085,2025-01-05,S005,Hyderabad Hub,South,P009,Backpack,Fashion,Bags,1,1799,10,1619.1,890.5,728.6,Debit Card,Mobile App,Shipped,2,36,39,SELLER011,3,0
O002153,C0102,2025-04-18,S006,Pune Market,West,P004,Running Shoes,Fashion,Footwear,2,2999,15,5098.3,2855.05,2243.25,Wallet,Store,Processing,,55,46,SELLER012,4,0
O002154,C0119,2025-07-04,S001,Bengaluru Central,South,P015,Skincare Set,Beauty,Personal Care,3,2499,20,5997.6,3418.63,2578.97,Net Banking,Web,Returned,4,74,53,SELLER013,5,1
O002155,C0136,2025-10-17,S002,Chennai Marina,South,P010,Water Bottle,Sports,Fitness,4,699,0,2796,1621.68,1174.32,UPI,Mobile App,Cancelled,,93,25,SELLER014,1,0
O002156,C0153,2025-01-03,S003,Mumbai West,West,P005,Bluetooth Speaker,Electronics,Audio,1,1899,5,1804.05,938.11,865.94,Credit Card,Store,Delivered,6,112,32,SELLER015,2,0
O002157,C0170,2025-04-16,S004,Delhi Select,North,P016,Bluetooth Keyboard,Electronics,Accessories,2,2799,10,5038.2,2670.25,2367.95,Debit Card,Web,Delivered,7,131,39,SELLER016,3,0
O002158,C0187,2025-07-02,S005,Hyderabad Hub,South,P011,Cotton Bedsheet,Home,Bedding,3,1599,15,4077.45,2201.82,1875.63,Wallet,Mobile App,Delivered,8,150,46,SELLER017,4,0
O002159,C0204,2025-10-15,S006,Pune Market,West,P006,Laptop Stand,Office,Accessories,4,1499,20,4796.8,2638.24,2158.56,Net Banking,Store,Shipped,9,169,53,SELLER018,5,0
O002160,C0221,2025-01-01,S001,Bengaluru Central,South,P001,Wireless Headphones,Electronics,Audio,1,2499,0,2499,1399.44,1099.56,UPI,Web,Processing,,8,25,SELLER001,1,0
O002161,C0238,2025-04-14,S002,Chennai Marina,South,P012,Non-stick Pan,Home Appliances,Kitchen,2,2199,5,4178.1,2381.52,1796.58,Credit Card,Mobile App,Returned,3,27,32,SELLER002,2,1
O002162,C0005,2025-07-27,S003,Mumbai West,West,P007,Desk Lamp,Home,Lighting,3,999,10,2697.3,1564.43,1132.87,Debit Card,Store,Cancelled,,46,39,SELLER003,3,0
O002163,C0022,2025-10-13,S004,Delhi Select,North,P002,Smart Watch,Electronics,Wearables,4,5999,15,20396.6,10606.23,9790.37,Wallet,Web,Delivered,5,65,46,SELLER004,4,0
O002164,C0039,2025-01-26,S005,Hyderabad Hub,South,P013,USB-C Hub,Electronics,Accessories,1,2299,20,1839.2,974.78,864.42,Net Banking,Mobile App,Delivered,6,84,53,SELLER005,5,0
O002165,C0056,2025-04-12,S006,Pune Market,West,P008,Yoga Mat,Sports,Fitness,2,1299,0,2598,1402.92,1195.08,UPI,Store,Delivered,7,103,25,SELLER006,1,0
O002166,C0073,2025-07-25,S001,Bengaluru Central,South,P003,Coffee Maker,Home Appliances,Kitchen,3,3499,5,9972.15,5484.68,4487.47,Credit Card,Web,Shipped,8,122,32,SELLER007,2,0
O002167,C0090,2025-10-11,S002,Chennai Marina,South,P014,Office Chair,Office,Furniture,4,8999,10,32396.4,18141.98,14254.42,Debit Card,Mobile App,Processing,,141,39,SELLER008,3,0
O002168,C0107,2025-01-24,S003,Mumbai West,West,P009,Backpack,Fashion,Bags,1,1799,15,1529.15,871.62,657.53,Wallet,Store,Returned,2,160,46,SELLER009,4,1
O002169,C0124,2025-04-10,S004,Delhi Select,North,P004,Running Shoes,Fashion,Footwear,2,2999,20,4798.4,2783.07,2015.33,Net Banking,Web,Cancelled,,179,53,SELLER010,5,0
O002170,C0141,2025-07-23,S005,Hyderabad Hub,South,P015,Skincare Set,Beauty,Personal Care,3,2499,0,7497,3898.44,3598.56,UPI,Mobile App,Delivered,4,18,25,SELLER011,1,0
O002171,C0158,2025-10-09,S006,Pune Market,West,P010,Water Bottle,Sports,Fitness,4,699,5,2656.2,1407.79,1248.41,Credit Card,Store,Delivered,5,37,32,SELLER012,2,0
O002172,C0175,2025-01-22,S001,Bengaluru Central,South,P005,Bluetooth Speaker,Electronics,Audio,1,1899,10,1709.1,922.91,786.19,Debit Card,Web,Delivered,6,56,39,SELLER013,3,0
O002173,C0192,2025-04-08,S002,Chennai Marina,South,P016,Bluetooth Keyboard,Electronics,Accessories,2,2799,15,4758.3,2617.07,2141.23,Wallet,Mobile App,Shipped,7,75,46,SELLER014,4,0
O002174,C0209,2025-07-21,S003,Mumbai West,West,P011,Cotton Bedsheet,Home,Bedding,3,1599,20,3837.6,2149.06,1688.54,Net Banking,Store,Processing,,94,53,SELLER015,5,0
O002175,C0226,2025-10-07,S004,Delhi Select,North,P006,Laptop Stand,Office,Accessories,4,1499,0,5996,3417.72,2578.28,UPI,Web,Returned,9,113,25,SELLER016,1,1
O002176,C0243,2025-01-20,S005,Hyderabad Hub,South,P001,Wireless Headphones,Electronics,Audio,1,2499,5,2374.05,1376.95,997.1,Credit Card,Mobile App,Cancelled,,132,32,SELLER017,2,0
O002177,C0010,2025-04-06,S006,Pune Market,West,P012,Non-stick Pan,Home Appliances,Kitchen,2,2199,10,3958.2,2058.26,1899.94,Debit Card,Store,Delivered,3,151,39,SELLER018,3,0
O002178,C0027,2025-07-19,S001,Bengaluru Central,South,P007,Desk Lamp,Home,Lighting,3,999,15,2547.45,1350.15,1197.3,Wallet,Web,Delivered,4,170,46,SELLER001,4,0
O002179,C0044,2025-10-05,S002,Chennai Marina,South,P002,Smart Watch,Electronics,Wearables,4,5999,20,19196.8,10366.27,8830.53,Net Banking,Mobile App,Delivered,5,9,53,SELLER002,5,0
O002180,C0061,2025-01-18,S003,Mumbai West,West,P013,USB-C Hub,Electronics,Accessories,1,2299,0,2299,1264.45,1034.55,UPI,Store,Shipped,6,28,25,SELLER003,1,0
O002181,C0078,2025-04-04,S004,Delhi Select,North,P008,Yoga Mat,Sports,Fitness,2,1299,5,2468.1,1382.14,1085.96,Credit Card,Web,Processing,,47,32,SELLER004,2,0
O002182,C0095,2025-07-17,S005,Hyderabad Hub,South,P003,Coffee Maker,Home Appliances,Kitchen,3,3499,10,9447.3,5384.96,4062.34,Debit Card,Mobile App,Returned,8,66,39,SELLER005,3,1
O002183,C0112,2025-10-03,S006,Pune Market,West,P014,Office Chair,Office,Furniture,4,8999,15,30596.6,17746.03,12850.57,Wallet,Store,Cancelled,,85,46,SELLER006,4,0
O002184,C0129,2025-01-16,S001,Bengaluru Central,South,P009,Backpack,Fashion,Bags,1,1799,20,1439.2,748.38,690.82,Net Banking,Web,Delivered,2,104,53,SELLER007,5,0
O002185,C0146,2025-04-02,S002,Chennai Marina,South,P004,Running Shoes,Fashion,Footwear,2,2999,0,5998,3178.94,2819.06,UPI,Mobile App,Delivered,3,123,25,SELLER008,1,0
O002186,C0163,2025-07-15,S003,Mumbai West,West,P015,Skincare Set,Beauty,Personal Care,3,2499,5,7122.15,3845.96,3276.19,Credit Card,Store,Delivered,4,142,32,SELLER009,2,0
O002187,C0180,2025-10-01,S004,Delhi Select,North,P010,Water Bottle,Sports,Fitness,4,699,10,2516.4,1384.02,1132.38,Debit Card,Web,Shipped,5,161,39,SELLER010,3,0
O002188,C0197,2025-01-14,S005,Hyderabad Hub,South,P005,Bluetooth Speaker,Electronics,Audio,1,1899,15,1614.15,903.92,710.23,Wallet,Mobile App,Processing,,180,46,SELLER011,4,0
O002189,C0214,2025-04-27,S006,Pune Market,West,P016,Bluetooth Keyboard,Electronics,Accessories,2,2799,20,4478.4,2552.69,1925.71,Net Banking,Store,Returned,7,19,53,SELLER012,5,1
O002190,C0231,2025-07-13,S001,Bengaluru Central,South,P011,Cotton Bedsheet,Home,Bedding,3,1599,0,4797,2782.26,2014.74,UPI,Web,Cancelled,,38,25,SELLER013,1,0
O002191,C0248,2025-10-26,S002,Chennai Marina,South,P006,Laptop Stand,Office,Accessories,4,1499,5,5696.2,2962.02,2734.18,Credit Card,Mobile App,Delivered,9,57,32,SELLER014,2,0
O002192,C0015,2025-01-12,S003,Mumbai West,West,P001,Wireless Headphones,Electronics,Audio,1,2499,10,2249.1,1192.02,1057.08,Debit Card,Store,Delivered,2,76,39,SELLER015,3,0
O002193,C0032,2025-04-25,S004,Delhi Select,North,P012,Non-stick Pan,Home Appliances,Kitchen,2,2199,15,3738.3,2018.68,1719.62,Wallet,Web,Delivered,3,95,46,SELLER016,4,0
O002194,C0049,2025-07-11,S005,Hyderabad Hub,South,P007,Desk Lamp,Home,Lighting,3,999,20,2397.6,1318.68,1078.92,Net Banking,Mobile App,Shipped,4,114,53,SELLER017,5,0
O002195,C0066,2025-10-24,S006,Pune Market,West,P002,Smart Watch,Electronics,Wearables,4,5999,0,23996,13437.76,10558.24,UPI,Store,Processing,,133,25,SELLER018,1,0
O002196,C0083,2025-01-10,S001,Bengaluru Central,South,P013,USB-C Hub,Electronics,Accessories,1,2299,5,2184.05,1244.91,939.14,Credit Card,Web,Returned,6,152,32,SELLER001,2,1
O002197,C0100,2025-04-23,S002,Chennai Marina,South,P008,Yoga Mat,Sports,Fitness,2,1299,10,2338.2,1356.16,982.04,Debit Card,Mobile App,Cancelled,,171,39,SELLER002,3,0
O002198,C0117,2025-07-09,S003,Mumbai West,West,P003,Coffee Maker,Home Appliances,Kitchen,3,3499,15,8922.45,4639.67,4282.78,Wallet,Store,Delivered,8,10,46,SELLER003,4,0
O002199,C0134,2025-10-22,S004,Delhi Select,North,P014,Office Chair,Office,Furniture,4,8999,20,28796.8,15262.3,13534.5,Net Banking,Web,Delivered,9,29,53,SELLER004,5,0
O002200,C0151,2025-01-08,S005,Hyderabad Hub,South,P009,Backpack,Fashion,Bags,1,1799,0,1799,971.46,827.54,UPI,Mobile App,Delivered,2,48,25,SELLER005,1,0
O002201,C0168,2025-04-21,S006,Pune Market,West,P004,Running Shoes,Fashion,Footwear,2,2999,5,5698.1,3133.96,2564.14,Credit Card,Store,Shipped,3,67,32,SELLER006,2,0
O002202,C0185,2025-07-07,S001,Bengaluru Central,South,P015,Skincare Set,Beauty,Personal Care,3,2499,10,6747.3,3778.49,2968.81,Debit Card,Web,Processing,,86,39,SELLER007,3,0
O002203,C0202,2025-10-20,S002,Chennai Marina,South,P010,Water Bottle,Sports,Fitness,4,699,15,2376.6,1354.66,1021.94,Wallet,Mobile App,Returned,5,105,46,SELLER008,4,1
O002204,C0219,2025-01-06,S003,Mumbai West,West,P005,Bluetooth Speaker,Electronics,Audio,1,1899,20,1519.2,881.14,638.06,Net Banking,Store,Cancelled,,124,53,SELLER009,5,0
O002205,C0236,2025-04-19,S004,Delhi Select,North,P016,Bluetooth Keyboard,Electronics,Accessories,2,2799,0,5598,2910.96,2687.04,UPI,Web,Delivered,7,143,25,SELLER010,1,0
O002206,C0003,2025-07-05,S005,Hyderabad Hub,South,P011,Cotton Bedsheet,Home,Bedding,3,1599,5,4557.15,2415.29,2141.86,Credit Card,Mobile App,Delivered,8,162,32,SELLER011,2,0
O002207,C0020,2025-10-18,S006,Pune Market,West,P006,Laptop Stand,Office,Accessories,4,1499,10,5396.4,2914.06,2482.34,Debit Card,Store,Delivered,9,181,39,SELLER012,3,0
O002208,C0037,2025-01-04,S001,Bengaluru Central,South,P001,Wireless Headphones,Electronics,Audio,1,2499,15,2124.15,1168.28,955.87,Wallet,Web,Shipped,2,20,46,SELLER013,4,0
O002209,C0054,2025-04-17,S002,Chennai Marina,South,P012,Non-stick Pan,Home Appliances,Kitchen,2,2199,20,3518.4,1970.3,1548.1,Net Banking,Mobile App,Processing,,39,53,SELLER014,5,0
O002210,C0071,2025-07-03,S003,Mumbai West,West,P007,Desk Lamp,Home,Lighting,3,999,0,2997,1708.29,1288.71,UPI,Store,Returned,4,58,25,SELLER015,1,1
O002211,C0088,2025-10-16,S004,Delhi Select,North,P002,Smart Watch,Electronics,Wearables,4,5999,5,22796.2,13221.8,9574.4,Credit Card,Web,Cancelled,,77,32,SELLER016,2,0
O002212,C0105,2025-01-02,S005,Hyderabad Hub,South,P013,USB-C Hub,Electronics,Accessories,1,2299,10,2069.1,1075.93,993.17,Debit Card,Mobile App,Delivered,6,96,39,SELLER017,3,0
O002213,C0122,2025-04-15,S006,Pune Market,West,P008,Yoga Mat,Sports,Fitness,2,1299,15,2208.3,1170.4,1037.9,Wallet,Store,Delivered,7,115,46,SELLER018,4,0
O002214,C0139,2025-07-01,S001,Bengaluru Central,South,P003,Coffee Maker,Home Appliances,Kitchen,3,3499,20,8397.6,4534.7,3862.9,Net Banking,Web,Delivered,8,134,53,SELLER001,5,0
O002215,C0156,2025-10-14,S002,Chennai Marina,South,P014,Office Chair,Office,Furniture,4,8999,0,35996,19797.8,16198.2,UPI,Mobile App,Shipped,9,153,25,SELLER002,1,0
O002216,C0173,2025-01-27,S003,Mumbai West,West,P009,Backpack,Fashion,Bags,1,1799,5,1709.05,957.07,751.98,Credit Card,Store,Processing,,172,32,SELLER003,2,0
O002217,C0190,2025-04-13,S004,Delhi Select,North,P004,Running Shoes,Fashion,Footwear,2,2999,10,5398.2,3076.97,2321.23,Debit Card,Web,Returned,3,11,39,SELLER004,3,1
O002218,C0207,2025-07-26,S005,Hyderabad Hub,South,P015,Skincare Set,Beauty,Personal Care,3,2499,15,6372.45,3696.02,2676.43,Wallet,Mobile App,Cancelled,,30,46,SELLER005,4,0
O002219,C0224,2025-10-12,S006,Pune Market,West,P010,Water Bottle,Sports,Fitness,4,699,20,2236.8,1163.14,1073.66,Net Banking,Store,Delivered,5,49,53,SELLER006,5,0
O002220,C0241,2025-01-25,S001,Bengaluru Central,South,P005,Bluetooth Speaker,Electronics,Audio,1,1899,0,1899,1006.47,892.53,UPI,Web,Delivered,6,68,25,SELLER007,1,0
O002221,C0008,2025-04-11,S002,Chennai Marina,South,P016,Bluetooth Keyboard,Electronics,Accessories,2,2799,5,5318.1,2871.77,2446.33,Credit Card,Mobile App,Delivered,7,87,32,SELLER008,2,0
O002222,C0025,2025-07-24,S003,Mumbai West,West,P011,Cotton Bedsheet,Home,Bedding,3,1599,10,4317.3,2374.52,1942.78,Debit Card,Store,Shipped,8,106,39,SELLER009,3,0
O002223,C0042,2025-10-10,S004,Delhi Select,North,P006,Laptop Stand,Office,Accessories,4,1499,15,5096.6,2854.1,2242.5,Wallet,Web,Processing,,125,46,SELLER010,4,0
O002224,C0059,2025-01-23,S005,Hyderabad Hub,South,P001,Wireless Headphones,Electronics,Audio,1,2499,20,1999.2,1139.54,859.66,Net Banking,Mobile App,Returned,2,144,53,SELLER011,5,1
O002225,C0076,2025-04-09,S006,Pune Market,West,P012,Non-stick Pan,Home Appliances,Kitchen,2,2199,0,4398,2550.84,1847.16,UPI,Store,Cancelled,,163,25,SELLER012,1,0
O002226,C0093,2025-07-22,S001,Bengaluru Central,South,P007,Desk Lamp,Home,Lighting,3,999,5,2847.15,1480.52,1366.63,Credit Card,Web,Delivered,4,182,32,SELLER013,2,0
O002227,C0110,2025-10-08,S002,Chennai Marina,South,P002,Smart Watch,Electronics,Wearables,4,5999,10,21596.4,11446.09,10150.31,Debit Card,Mobile App,Delivered,5,21,39,SELLER014,3,0
O002228,C0127,2025-01-21,S003,Mumbai West,West,P013,USB-C Hub,Electronics,Accessories,1,2299,15,1954.15,1055.24,898.91,Wallet,Store,Delivered,6,40,46,SELLER015,4,0
O002229,C0144,2025-04-07,S004,Delhi Select,North,P008,Yoga Mat,Sports,Fitness,2,1299,20,2078.4,1143.12,935.28,Net Banking,Web,Shipped,7,59,53,SELLER016,5,0
O002230,C0161,2025-07-20,S005,Hyderabad Hub,South,P003,Coffee Maker,Home Appliances,Kitchen,3,3499,0,10497,5878.32,4618.68,UPI,Mobile App,Processing,,78,25,SELLER017,1,0
O002231,C0178,2025-10-06,S006,Pune Market,West,P014,Office Chair,Office,Furniture,4,8999,5,34196.2,19491.83,14704.37,Credit Card,Store,Returned,9,97,32,SELLER018,2,1
O002232,C0195,2025-01-19,S001,Bengaluru Central,South,P009,Backpack,Fashion,Bags,1,1799,10,1619.1,939.08,680.02,Debit Card,Web,Cancelled,,116,39,SELLER001,3,0
O002233,C0212,2025-04-05,S002,Chennai Marina,South,P004,Running Shoes,Fashion,Footwear,2,2999,15,5098.3,2651.12,2447.18,Wallet,Mobile App,Delivered,3,135,46,SELLER002,4,0
O002234,C0229,2025-07-18,S003,Mumbai West,West,P015,Skincare Set,Beauty,Personal Care,3,2499,20,5997.6,3178.73,2818.87,Net Banking,Store,Delivered,4,154,53,SELLER003,5,0
O002235,C0246,2025-10-04,S004,Delhi Select,North,P010,Water Bottle,Sports,Fitness,4,699,0,2796,1509.84,1286.16,UPI,Web,Delivered,5,173,25,SELLER004,1,0
O002236,C0013,2025-01-17,S005,Hyderabad Hub,South,P005,Bluetooth Speaker,Electronics,Audio,1,1899,5,1804.05,992.23,811.82,Credit Card,Mobile App,Shipped,6,12,32,SELLER005,2,0
O002237,C0030,2025-04-03,S006,Pune Market,West,P016,Bluetooth Keyboard,Electronics,Accessories,2,2799,10,5038.2,2821.39,2216.81,Debit Card,Store,Processing,,31,39,SELLER006,3,0
O002238,C0047,2025-07-16,S001,Bengaluru Central,South,P011,Cotton Bedsheet,Home,Bedding,3,1599,15,4077.45,2324.15,1753.3,Wallet,Web,Returned,8,50,46,SELLER007,4,1
O002239,C0064,2025-10-02,S002,Chennai Marina,South,P006,Laptop Stand,Office,Accessories,4,1499,20,4796.8,2782.14,2014.66,Net Banking,Mobile App,Cancelled,,69,53,SELLER008,5,0
O002240,C0081,2025-01-15,S003,Mumbai West,West,P001,Wireless Headphones,Electronics,Audio,1,2499,0,2499,1299.48,1199.52,UPI,Store,Delivered,2,88,25,SELLER009,1,0
O002241,C0098,2025-04-01,S004,Delhi Select,North,P012,Non-stick Pan,Home Appliances,Kitchen,2,2199,5,4178.1,2214.39,1963.71,Credit Card,Web,Delivered,3,107,32,SELLER010,2,0
O002242,C0115,2025-07-14,S005,Hyderabad Hub,South,P007,Desk Lamp,Home,Lighting,3,999,10,2697.3,1456.54,1240.76,Debit Card,Mobile App,Delivered,4,126,39,SELLER011,3,0
O002243,C0132,2025-10-27,S006,Pune Market,West,P002,Smart Watch,Electronics,Wearables,4,5999,15,20396.6,11218.13,9178.47,Wallet,Store,Shipped,5,145,46,SELLER012,4,0
O002244,C0149,2025-01-13,S001,Bengaluru Central,South,P013,USB-C Hub,Electronics,Accessories,1,2299,20,1839.2,1029.95,809.25,Net Banking,Web,Processing,,164,53,SELLER013,5,0
O002245,C0166,2025-04-26,S002,Chennai Marina,South,P008,Yoga Mat,Sports,Fitness,2,1299,0,2598,1480.86,1117.14,UPI,Mobile App,Returned,7,183,25,SELLER014,1,1
O002246,C0183,2025-07-12,S003,Mumbai West,West,P003,Coffee Maker,Home Appliances,Kitchen,3,3499,5,9972.15,5783.85,4188.3,Credit Card,Store,Cancelled,,22,32,SELLER015,2,0
O002247,C0200,2025-10-25,S004,Delhi Select,North,P014,Office Chair,Office,Furniture,4,8999,10,32396.4,16846.13,15550.27,Debit Card,Web,Delivered,9,41,39,SELLER016,3,0
O002248,C0217,2025-01-11,S005,Hyderabad Hub,South,P009,Backpack,Fashion,Bags,1,1799,15,1529.15,810.45,718.7,Wallet,Mobile App,Delivered,2,60,46,SELLER017,4,0
O002249,C0234,2025-04-24,S006,Pune Market,West,P004,Running Shoes,Fashion,Footwear,2,2999,20,4798.4,2591.14,2207.26,Net Banking,Store,Delivered,3,79,53,SELLER018,5,0
O002250,C0001,2025-07-10,S001,Bengaluru Central,South,P015,Skincare Set,Beauty,Personal Care,3,2499,0,7497,4123.35,3373.65,UPI,Web,Shipped,4,98,25,SELLER001,1,0
O002251,C0018,2025-10-23,S002,Chennai Marina,South,P010,Water Bottle,Sports,Fitness,4,699,5,2656.2,1487.47,1168.73,Credit Card,Mobile App,Processing,,117,32,SELLER002,2,0
O002252,C0035,2025-01-09,S003,Mumbai West,West,P005,Bluetooth Speaker,Electronics,Audio,1,1899,10,1709.1,974.19,734.91,Debit Card,Store,Returned,6,136,39,SELLER003,3,1
O002253,C0052,2025-04-22,S004,Delhi Select,North,P016,Bluetooth Keyboard,Electronics,Accessories,2,2799,15,4758.3,2759.81,1998.49,Wallet,Web,Cancelled,,155,46,SELLER004,4,0
O002254,C0069,2025-07-08,S005,Hyderabad Hub,South,P011,Cotton Bedsheet,Home,Bedding,3,1599,20,3837.6,1995.55,1842.05,Net Banking,Mobile App,Delivered,8,174,53,SELLER005,5,0
O002255,C0086,2025-10-21,S006,Pune Market,West,P006,Laptop Stand,Office,Accessories,4,1499,0,5996,3177.88,2818.12,UPI,Store,Delivered,9,13,25,SELLER006,1,0
O002256,C0103,2025-01-07,S001,Bengaluru Central,South,P001,Wireless Headphones,Electronics,Audio,1,2499,5,2374.05,1281.99,1092.06,Credit Card,Web,Delivered,2,32,32,SELLER007,2,0
O002257,C0120,2025-04-20,S002,Chennai Marina,South,P012,Non-stick Pan,Home Appliances,Kitchen,2,2199,10,3958.2,2177.01,1781.19,Debit Card,Mobile App,Shipped,3,51,39,SELLER008,3,0
O002258,C0137,2025-07-06,S003,Mumbai West,West,P007,Desk Lamp,Home,Lighting,3,999,15,2547.45,1426.57,1120.88,Wallet,Store,Processing,,70,46,SELLER009,4,0
O002259,C0154,2025-10-19,S004,Delhi Select,North,P002,Smart Watch,Electronics,Wearables,4,5999,20,19196.8,10942.18,8254.62,Net Banking,Web,Returned,5,89,53,SELLER010,5,1
O002260,C0171,2025-01-05,S005,Hyderabad Hub,South,P013,USB-C Hub,Electronics,Accessories,1,2299,0,2299,1333.42,965.58,UPI,Mobile App,Cancelled,,108,25,SELLER011,1,0
O002261,C0188,2025-04-18,S006,Pune Market,West,P008,Yoga Mat,Sports,Fitness,2,1299,5,2468.1,1283.41,1184.69,Credit Card,Store,Delivered,7,127,32,SELLER012,2,0
O002262,C0205,2025-07-04,S001,Bengaluru Central,South,P003,Coffee Maker,Home Appliances,Kitchen,3,3499,10,9447.3,5007.07,4440.23,Debit Card,Web,Delivered,8,146,39,SELLER013,3,0
O002263,C0222,2025-10-17,S002,Chennai Marina,South,P014,Office Chair,Office,Furniture,4,8999,15,30596.6,16522.16,14074.44,Wallet,Mobile App,Delivered,9,165,46,SELLER014,4,0
O002264,C0239,2025-01-03,S003,Mumbai West,West,P009,Backpack,Fashion,Bags,1,1799,20,1439.2,791.56,647.64,Net Banking,Store,Shipped,2,184,53,SELLER015,5,0
O002265,C0006,2025-04-16,S004,Delhi Select,North,P004,Running Shoes,Fashion,Footwear,2,2999,0,5998,3358.88,2639.12,UPI,Web,Processing,,23,25,SELLER016,1,0
O002266,C0023,2025-07-02,S005,Hyderabad Hub,South,P015,Skincare Set,Beauty,Personal Care,3,2499,5,7122.15,4059.63,3062.52,Credit Card,Mobile App,Returned,4,42,32,SELLER017,2,1
O002267,C0040,2025-10-15,S006,Pune Market,West,P010,Water Bottle,Sports,Fitness,4,699,10,2516.4,1459.51,1056.89,Debit Card,Store,Cancelled,,61,39,SELLER018,3,0
O002268,C0057,2025-01-01,S001,Bengaluru Central,South,P005,Bluetooth Speaker,Electronics,Audio,1,1899,15,1614.15,839.36,774.79,Wallet,Web,Delivered,6,80,46,SELLER001,4,0
O002269,C0074,2025-04-14,S002,Chennai Marina,South,P016,Bluetooth Keyboard,Electronics,Accessories,2,2799,20,4478.4,2373.55,2104.85,Net Banking,Mobile App,Delivered,7,99,53,SELLER002,5,0
O002270,C0091,2025-07-27,S003,Mumbai West,West,P011,Cotton Bedsheet,Home,Bedding,3,1599,0,4797,2590.38,2206.62,UPI,Store,Delivered,8,118,25,SELLER003,1,0
O002271,C0108,2025-10-13,S004,Delhi Select,North,P006,Laptop Stand,Office,Accessories,4,1499,5,5696.2,3132.91,2563.29,Credit Card,Web,Shipped,9,137,32,SELLER004,2,0
O002272,C0125,2025-01-26,S005,Hyderabad Hub,South,P001,Wireless Headphones,Electronics,Audio,1,2499,10,2249.1,1259.5,989.6,Debit Card,Mobile App,Processing,,156,39,SELLER005,3,0
O002273,C0142,2025-04-12,S006,Pune Market,West,P012,Non-stick Pan,Home Appliances,Kitchen,2,2199,15,3738.3,2130.83,1607.47,Wallet,Store,Returned,3,175,46,SELLER006,4,1
O002274,C0159,2025-07-25,S001,Bengaluru Central,South,P007,Desk Lamp,Home,Lighting,3,999,20,2397.6,1390.61,1006.99,Net Banking,Web,Cancelled,,14,53,SELLER007,5,0
O002275,C0176,2025-10-11,S002,Chennai Marina,South,P002,Smart Watch,Electronics,Wearables,4,5999,0,23996,12477.92,11518.08,UPI,Mobile App,Delivered,5,33,25,SELLER008,1,0
O002276,C0193,2025-01-24,S003,Mumbai West,West,P013,USB-C Hub,Electronics,Accessories,1,2299,5,2184.05,1157.55,1026.5,Credit Card,Store,Delivered,6,52,32,SELLER009,2,0
O002277,C0210,2025-04-10,S004,Delhi Select,North,P008,Yoga Mat,Sports,Fitness,2,1299,10,2338.2,1262.63,1075.57,Debit Card,Web,Delivered,7,71,39,SELLER010,3,0
O002278,C0227,2025-07-23,S005,Hyderabad Hub,South,P003,Coffee Maker,Home Appliances,Kitchen,3,3499,15,8922.45,4907.35,4015.1,Wallet,Mobile App,Shipped,8,90,46,SELLER011,4,0
O002279,C0244,2025-10-09,S006,Pune Market,West,P014,Office Chair,Office,Furniture,4,8999,20,28796.8,16126.21,12670.59,Net Banking,Store,Processing,,109,53,SELLER012,5,0
O002280,C0011,2025-01-22,S001,Bengaluru Central,South,P009,Backpack,Fashion,Bags,1,1799,0,1799,1025.43,773.57,UPI,Web,Returned,2,128,25,SELLER013,1,1
O002281,C0028,2025-04-08,S002,Chennai Marina,South,P004,Running Shoes,Fashion,Footwear,2,2999,5,5698.1,3304.9,2393.2,Credit Card,Mobile App,Cancelled,,147,32,SELLER014,2,0
O002282,C0045,2025-07-21,S003,Mumbai West,West,P015,Skincare Set,Beauty,Personal Care,3,2499,10,6747.3,3508.6,3238.7,Debit Card,Store,Delivered,4,166,39,SELLER015,3,0
O002283,C0062,2025-10-07,S004,Delhi Select,North,P010,Water Bottle,Sports,Fitness,4,699,15,2376.6,1259.6,1117,Wallet,Web,Delivered,5,185,46,SELLER016,4,0
O002284,C0079,2025-01-20,S005,Hyderabad Hub,South,P005,Bluetooth Speaker,Electronics,Audio,1,1899,20,1519.2,820.37,698.83,Net Banking,Mobile App,Delivered,6,24,53,SELLER017,5,0
O002285,C0096,2025-04-06,S006,Pune Market,West,P016,Bluetooth Keyboard,Electronics,Accessories,2,2799,0,5598,3078.9,2519.1,UPI,Store,Shipped,7,43,25,SELLER018,1,0
O002286,C0113,2025-07-19,S001,Bengaluru Central,South,P011,Cotton Bedsheet,Home,Bedding,3,1599,5,4557.15,2552,2005.15,Credit Card,Web,Processing,,62,32,SELLER001,2,0
O002287,C0130,2025-10-05,S002,Chennai Marina,South,P006,Laptop Stand,Office,Accessories,4,1499,10,5396.4,3075.95,2320.45,Debit Card,Mobile App,Returned,9,81,39,SELLER002,3,1
O002288,C0147,2025-01-18,S003,Mumbai West,West,P001,Wireless Headphones,Electronics,Audio,1,2499,15,2124.15,1232.01,892.14,Wallet,Store,Cancelled,,100,46,SELLER003,4,0
O002289,C0164,2025-04-04,S004,Delhi Select,North,P012,Non-stick Pan,Home Appliances,Kitchen,2,2199,20,3518.4,1829.57,1688.83,Net Banking,Web,Delivered,3,119,53,SELLER004,5,0
O002290,C0181,2025-07-17,S005,Hyderabad Hub,South,P007,Desk Lamp,Home,Lighting,3,999,0,2997,1588.41,1408.59,UPI,Mobile App,Delivered,4,138,25,SELLER005,1,0
O002291,C0198,2025-10-03,S006,Pune Market,West,P002,Smart Watch,Electronics,Wearables,4,5999,5,22796.2,12309.95,10486.25,Credit Card,Store,Delivered,5,157,32,SELLER006,2,0
O002292,C0215,2025-01-16,S001,Bengaluru Central,South,P013,USB-C Hub,Electronics,Accessories,1,2299,10,2069.1,1138.01,931.09,Debit Card,Web,Shipped,6,176,39,SELLER007,3,0
O002293,C0232,2025-04-02,S002,Chennai Marina,South,P008,Yoga Mat,Sports,Fitness,2,1299,15,2208.3,1236.65,971.65,Wallet,Mobile App,Processing,,15,46,SELLER008,4,0
O002294,C0249,2025-07-15,S003,Mumbai West,West,P003,Coffee Maker,Home Appliances,Kitchen,3,3499,20,8397.6,4786.63,3610.97,Net Banking,Store,Returned,8,34,53,SELLER009,5,1
O002295,C0016,2025-10-01,S004,Delhi Select,North,P014,Office Chair,Office,Furniture,4,8999,0,35996,20877.68,15118.32,UPI,Web,Cancelled,,53,25,SELLER010,1,0
O002296,C0033,2025-01-14,S005,Hyderabad Hub,South,P009,Backpack,Fashion,Bags,1,1799,5,1709.05,888.71,820.34,Credit Card,Mobile App,Delivered,2,72,32,SELLER011,2,0
O002297,C0050,2025-04-27,S006,Pune Market,West,P004,Running Shoes,Fashion,Footwear,2,2999,10,5398.2,2861.05,2537.15,Debit Card,Store,Delivered,3,91,39,SELLER012,3,0
O002298,C0067,2025-07-13,S001,Bengaluru Central,South,P015,Skincare Set,Beauty,Personal Care,3,2499,15,6372.45,3441.12,2931.33,Wallet,Web,Delivered,4,110,46,SELLER013,4,0
O002299,C0084,2025-10-26,S002,Chennai Marina,South,P010,Water Bottle,Sports,Fitness,4,699,20,2236.8,1230.24,1006.56,Net Banking,Mobile App,Shipped,5,129,53,SELLER014,5,0
O002300,C0101,2025-01-12,S003,Mumbai West,West,P005,Bluetooth Speaker,Electronics,Audio,1,1899,0,1899,1063.44,835.56,UPI,Store,Processing,,148,25,SELLER015,1,0
O002301,C0118,2025-04-25,S004,Delhi Select,North,P016,Bluetooth Keyboard,Electronics,Accessories,2,2799,5,5318.1,3031.32,2286.78,Credit Card,Web,Returned,7,167,32,SELLER016,2,1
O002302,C0135,2025-07-11,S005,Hyderabad Hub,South,P011,Cotton Bedsheet,Home,Bedding,3,1599,10,4317.3,2504.03,1813.27,Debit Card,Mobile App,Cancelled,,186,39,SELLER017,3,0
O002303,C0152,2025-10-24,S006,Pune Market,West,P006,Laptop Stand,Office,Accessories,4,1499,15,5096.6,2650.23,2446.37,Wallet,Store,Delivered,9,25,46,SELLER018,4,0
O002304,C0169,2025-01-10,S001,Bengaluru Central,South,P001,Wireless Headphones,Electronics,Audio,1,2499,20,1999.2,1059.58,939.62,Net Banking,Web,Delivered,2,44,53,SELLER001,5,0
O002305,C0186,2025-04-23,S002,Chennai Marina,South,P012,Non-stick Pan,Home Appliances,Kitchen,2,2199,0,4398,2374.92,2023.08,UPI,Mobile App,Delivered,3,63,25,SELLER002,1,0
O002306,C0203,2025-07-09,S003,Mumbai West,West,P007,Desk Lamp,Home,Lighting,3,999,5,2847.15,1565.93,1281.22,Credit Card,Store,Shipped,4,82,32,SELLER003,2,0
O002307,C0220,2025-10-22,S004,Delhi Select,North,P002,Smart Watch,Electronics,Wearables,4,5999,10,21596.4,12093.98,9502.42,Debit Card,Web,Processing,,101,39,SELLER004,3,0
O002308,C0237,2025-01-08,S005,Hyderabad Hub,South,P013,USB-C Hub,Electronics,Accessories,1,2299,15,1954.15,1113.87,840.28,Wallet,Mobile App,Returned,6,120,46,SELLER005,4,1
O002309,C0004,2025-04-21,S006,Pune Market,West,P008,Yoga Mat,Sports,Fitness,2,1299,20,2078.4,1205.47,872.93,Net Banking,Store,Cancelled,,139,53,SELLER006,5,0
O002310,C0021,2025-07-07,S001,Bengaluru Central,South,P003,Coffee Maker,Home Appliances,Kitchen,3,3499,0,10497,5458.44,5038.56,UPI,Web,Delivered,8,158,25,SELLER007,1,0
O002311,C0038,2025-10-20,S002,Chennai Marina,South,P014,Office Chair,Office,Furniture,4,8999,5,34196.2,18123.99,16072.21,Credit Card,Mobile App,Delivered,9,177,32,SELLER008,2,0
O002312,C0055,2025-01-06,S003,Mumbai West,West,P009,Backpack,Fashion,Bags,1,1799,10,1619.1,874.31,744.79,Debit Card,Store,Delivered,2,16,39,SELLER009,3,0
O002313,C0072,2025-04-19,S004,Delhi Select,North,P004,Running Shoes,Fashion,Footwear,2,2999,15,5098.3,2804.07,2294.23,Wallet,Web,Shipped,3,35,46,SELLER010,4,0
O002314,C0089,2025-07-05,S005,Hyderabad Hub,South,P015,Skincare Set,Beauty,Personal Care,3,2499,20,5997.6,3358.66,2638.94,Net Banking,Mobile App,Processing,,54,53,SELLER011,5,0
O002315,C0106,2025-10-18,S006,Pune Market,West,P010,Water Bottle,Sports,Fitness,4,699,0,2796,1593.72,1202.28,UPI,Store,Returned,5,73,25,SELLER012,1,1
O002316,C0123,2025-01-04,S001,Bengaluru Central,South,P005,Bluetooth Speaker,Electronics,Audio,1,1899,5,1804.05,1046.35,757.7,Credit Card,Web,Cancelled,,92,32,SELLER013,2,0
O002317,C0140,2025-04-17,S002,Chennai Marina,South,P016,Bluetooth Keyboard,Electronics,Accessories,2,2799,10,5038.2,2619.86,2418.34,Debit Card,Mobile App,Delivered,7,111,39,SELLER014,3,0
O002318,C0157,2025-07-03,S003,Mumbai West,West,P011,Cotton Bedsheet,Home,Bedding,3,1599,15,4077.45,2161.05,1916.4,Wallet,Store,Delivered,8,130,46,SELLER015,4,0
O002319,C0174,2025-10-16,S004,Delhi Select,North,P006,Laptop Stand,Office,Accessories,4,1499,20,4796.8,2590.27,2206.53,Net Banking,Web,Delivered,9,149,53,SELLER016,5,0
O002320,C0191,2025-01-02,S005,Hyderabad Hub,South,P001,Wireless Headphones,Electronics,Audio,1,2499,0,2499,1374.45,1124.55,UPI,Mobile App,Shipped,2,168,25,SELLER017,1,0
O002321,C0208,2025-04-15,S006,Pune Market,West,P012,Non-stick Pan,Home Appliances,Kitchen,2,2199,5,4178.1,2339.74,1838.36,Credit Card,Store,Processing,,187,32,SELLER018,2,0
O002322,C0225,2025-07-01,S001,Bengaluru Central,South,P007,Desk Lamp,Home,Lighting,3,999,10,2697.3,1537.46,1159.84,Debit Card,Web,Returned,4,26,39,SELLER001,3,1
O002323,C0242,2025-10-14,S002,Chennai Marina,South,P002,Smart Watch,Electronics,Wearables,4,5999,15,20396.6,11830.03,8566.57,Wallet,Mobile App,Cancelled,,45,46,SELLER002,4,0
O002324,C0009,2025-01-27,S003,Mumbai West,West,P013,USB-C Hub,Electronics,Accessories,1,2299,20,1839.2,956.38,882.82,Net Banking,Store,Delivered,6,64,53,SELLER003,5,0
O002325,C0026,2025-04-13,S004,Delhi Select,North,P008,Yoga Mat,Sports,Fitness,2,1299,0,2598,1376.94,1221.06,UPI,Web,Delivered,7,83,25,SELLER004,1,0
O002326,C0043,2025-07-26,S005,Hyderabad Hub,South,P003,Coffee Maker,Home Appliances,Kitchen,3,3499,5,9972.15,5384.96,4587.19,Credit Card,Mobile App,Delivered,8,102,32,SELLER005,2,0
O002327,C0060,2025-10-12,S006,Pune Market,West,P014,Office Chair,Office,Furniture,4,8999,10,32396.4,17818.02,14578.38,Debit Card,Store,Shipped,9,121,39,SELLER006,3,0
O002328,C0077,2025-01-25,S001,Bengaluru Central,South,P009,Backpack,Fashion,Bags,1,1799,15,1529.15,856.32,672.83,Wallet,Web,Processing,,140,46,SELLER007,4,0
O002329,C0094,2025-04-11,S002,Chennai Marina,South,P004,Running Shoes,Fashion,Footwear,2,2999,20,4798.4,2735.09,2063.31,Net Banking,Mobile App,Returned,3,159,53,SELLER008,5,1
O002330,C0111,2025-07-24,S003,Mumbai West,West,P015,Skincare Set,Beauty,Personal Care,3,2499,0,7497,4348.26,3148.74,UPI,Store,Cancelled,,178,25,SELLER009,1,0
O002331,C0128,2025-10-10,S004,Delhi Select,North,P010,Water Bottle,Sports,Fitness,4,699,5,2656.2,1381.22,1274.98,Credit Card,Web,Delivered,5,17,32,SELLER010,2,0
O002332,C0145,2025-01-23,S005,Hyderabad Hub,South,P005,Bluetooth Speaker,Electronics,Audio,1,1899,10,1709.1,905.82,803.28,Debit Card,Mobile App,Delivered,6,36,39,SELLER011,3,0
O002333,C0162,2025-04-09,S006,Pune Market,West,P016,Bluetooth Keyboard,Electronics,Accessories,2,2799,15,4758.3,2569.48,2188.82,Wallet,Store,Delivered,7,55,46,SELLER012,4,0
O002334,C0179,2025-07-22,S001,Bengaluru Central,South,P011,Cotton Bedsheet,Home,Bedding,3,1599,20,3837.6,2110.68,1726.92,Net Banking,Web,Shipped,8,74,53,SELLER013,5,0
O002335,C0196,2025-10-08,S002,Chennai Marina,South,P006,Laptop Stand,Office,Accessories,4,1499,0,5996,3357.76,2638.24,UPI,Mobile App,Processing,,93,25,SELLER014,1,0
O002336,C0213,2025-01-21,S003,Mumbai West,West,P001,Wireless Headphones,Electronics,Audio,1,2499,5,2374.05,1353.21,1020.84,Credit Card,Store,Returned,2,112,32,SELLER015,2,1
O002337,C0230,2025-04-07,S004,Delhi Select,North,P012,Non-stick Pan,Home Appliances,Kitchen,2,2199,10,3958.2,2295.76,1662.44,Debit Card,Web,Cancelled,,131,39,SELLER016,3,0
O002338,C0247,2025-07-20,S005,Hyderabad Hub,South,P007,Desk Lamp,Home,Lighting,3,999,15,2547.45,1324.67,1222.78,Wallet,Mobile App,Delivered,4,150,46,SELLER017,4,0
O002339,C0014,2025-10-06,S006,Pune Market,West,P002,Smart Watch,Electronics,Wearables,4,5999,20,19196.8,10174.3,9022.5,Net Banking,Store,Delivered,5,169,53,SELLER018,5,0
O002340,C0031,2025-01-19,S001,Bengaluru Central,South,P013,USB-C Hub,Electronics,Accessories,1,2299,0,2299,1241.46,1057.54,UPI,Web,Delivered,6,8,25,SELLER001,1,0
O002341,C0048,2025-04-05,S002,Chennai Marina,South,P008,Yoga Mat,Sports,Fitness,2,1299,5,2468.1,1357.46,1110.64,Credit Card,Mobile App,Shipped,7,27,32,SELLER002,2,0
O002342,C0065,2025-07-18,S003,Mumbai West,West,P003,Coffee Maker,Home Appliances,Kitchen,3,3499,10,9447.3,5290.49,4156.81,Debit Card,Store,Processing,,46,39,SELLER003,3,0
O002343,C0082,2025-10-04,S004,Delhi Select,North,P014,Office Chair,Office,Furniture,4,8999,15,30596.6,17440.06,13156.54,Wallet,Web,Returned,9,65,46,SELLER004,4,1
O002344,C0099,2025-01-17,S005,Hyderabad Hub,South,P009,Backpack,Fashion,Bags,1,1799,20,1439.2,834.74,604.46,Net Banking,Mobile App,Cancelled,,84,53,SELLER005,5,0
O002345,C0116,2025-04-03,S006,Pune Market,West,P004,Running Shoes,Fashion,Footwear,2,2999,0,5998,3118.96,2879.04,UPI,Store,Delivered,3,103,25,SELLER006,1,0
O002346,C0133,2025-07-16,S001,Bengaluru Central,South,P015,Skincare Set,Beauty,Personal Care,3,2499,5,7122.15,3774.74,3347.41,Credit Card,Web,Delivered,4,122,32,SELLER007,2,0
O002347,C0150,2025-10-02,S002,Chennai Marina,South,P010,Water Bottle,Sports,Fitness,4,699,10,2516.4,1358.86,1157.54,Debit Card,Mobile App,Delivered,5,141,39,SELLER008,3,0
O002348,C0167,2025-01-15,S003,Mumbai West,West,P005,Bluetooth Speaker,Electronics,Audio,1,1899,15,1614.15,887.78,726.37,Wallet,Store,Shipped,6,160,46,SELLER009,4,0
O002349,C0184,2025-04-01,S004,Delhi Select,North,P016,Bluetooth Keyboard,Electronics,Accessories,2,2799,20,4478.4,2507.9,1970.5,Net Banking,Web,Processing,,179,53,SELLER010,5,0
O002350,C0201,2025-07-14,S005,Hyderabad Hub,South,P011,Cotton Bedsheet,Home,Bedding,3,1599,0,4797,2734.29,2062.71,UPI,Mobile App,Returned,8,18,25,SELLER011,1,1
O002351,C0218,2025-10-27,S006,Pune Market,West,P006,Laptop Stand,Office,Accessories,4,1499,5,5696.2,3303.8,2392.4,Credit Card,Store,Cancelled,,37,32,SELLER012,2,0
O002352,C0235,2025-01-13,S001,Bengaluru Central,South,P001,Wireless Headphones,Electronics,Audio,1,2499,10,2249.1,1169.53,1079.57,Debit Card,Web,Delivered,2,56,39,SELLER013,3,0
O002353,C0002,2025-04-26,S002,Chennai Marina,South,P012,Non-stick Pan,Home Appliances,Kitchen,2,2199,15,3738.3,1981.3,1757,Wallet,Mobile App,Delivered,3,75,46,SELLER014,4,0
O002354,C0019,2025-07-12,S003,Mumbai West,West,P007,Desk Lamp,Home,Lighting,3,999,20,2397.6,1294.7,1102.9,Net Banking,Store,Delivered,4,94,53,SELLER015,5,0
O002355,C0036,2025-10-25,S004,Delhi Select,North,P002,Smart Watch,Electronics,Wearables,4,5999,0,23996,13197.8,10798.2,UPI,Web,Shipped,5,113,25,SELLER016,1,0
O002356,C0053,2025-01-11,S005,Hyderabad Hub,South,P013,USB-C Hub,Electronics,Accessories,1,2299,5,2184.05,1223.07,960.98,Credit Card,Mobile App,Processing,,132,32,SELLER017,2,0
O002357,C0070,2025-04-24,S006,Pune Market,West,P008,Yoga Mat,Sports,Fitness,2,1299,10,2338.2,1332.77,1005.43,Debit Card,Store,Returned,7,151,39,SELLER018,3,1
O002358,C0087,2025-07-10,S001,Bengaluru Central,South,P003,Coffee Maker,Home Appliances,Kitchen,3,3499,15,8922.45,5175.02,3747.43,Wallet,Web,Cancelled,,170,46,SELLER001,4,0
O002359,C0104,2025-10-23,S002,Chennai Marina,South,P014,Office Chair,Office,Furniture,4,8999,20,28796.8,14974.34,13822.46,Net Banking,Mobile App,Delivered,9,9,53,SELLER002,5,0
O002360,C0121,2025-01-09,S003,Mumbai West,West,P009,Backpack,Fashion,Bags,1,1799,0,1799,953.47,845.53,UPI,Store,Delivered,2,28,25,SELLER003,1,0
O002361,C0138,2025-04-22,S004,Delhi Select,North,P004,Running Shoes,Fashion,Footwear,2,2999,5,5698.1,3076.97,2621.13,Credit Card,Web,Delivered,3,47,32,SELLER004,2,0
O002362,C0155,2025-07-08,S005,Hyderabad Hub,South,P015,Skincare Set,Beauty,Personal Care,3,2499,10,6747.3,3711.02,3036.28,Debit Card,Mobile App,Shipped,4,66,39,SELLER005,3,0
O002363,C0172,2025-10-21,S006,Pune Market,West,P010,Water Bottle,Sports,Fitness,4,699,15,2376.6,1330.9,1045.7,Wallet,Store,Processing,,85,46,SELLER006,4,0
O002364,C0189,2025-01-07,S001,Bengaluru Central,South,P005,Bluetooth Speaker,Electronics,Audio,1,1899,20,1519.2,865.94,653.26,Net Banking,Web,Returned,6,104,53,SELLER007,5,1
O002365,C0206,2025-04-20,S002,Chennai Marina,South,P016,Bluetooth Keyboard,Electronics,Accessories,2,2799,0,5598,3246.84,2351.16,UPI,Mobile App,Cancelled,,123,25,SELLER008,1,0
O002366,C0223,2025-07-06,S003,Mumbai West,West,P011,Cotton Bedsheet,Home,Bedding,3,1599,5,4557.15,2369.72,2187.43,Credit Card,Store,Delivered,8,142,32,SELLER009,2,0
O002367,C0240,2025-10-19,S004,Delhi Select,North,P006,Laptop Stand,Office,Accessories,4,1499,10,5396.4,2860.09,2536.31,Debit Card,Web,Delivered,9,161,39,SELLER010,3,0
O002368,C0007,2025-01-05,S005,Hyderabad Hub,South,P001,Wireless Headphones,Electronics,Audio,1,2499,15,2124.15,1147.04,977.11,Wallet,Mobile App,Delivered,2,180,46,SELLER011,4,0
O002369,C0024,2025-04-18,S006,Pune Market,West,P012,Non-stick Pan,Home Appliances,Kitchen,2,2199,20,3518.4,1935.12,1583.28,Net Banking,Store,Shipped,3,19,53,SELLER012,5,0
O002370,C0041,2025-07-04,S001,Bengaluru Central,South,P007,Desk Lamp,Home,Lighting,3,999,0,2997,1678.32,1318.68,UPI,Web,Processing,,38,25,SELLER013,1,0
O002371,C0058,2025-10-17,S002,Chennai Marina,South,P002,Smart Watch,Electronics,Wearables,4,5999,5,22796.2,12993.83,9802.37,Credit Card,Mobile App,Returned,5,57,32,SELLER014,2,1
O002372,C0075,2025-01-03,S003,Mumbai West,West,P013,USB-C Hub,Electronics,Accessories,1,2299,10,2069.1,1200.08,869.02,Debit Card,Store,Cancelled,,76,39,SELLER015,3,0
O002373,C0092,2025-04-16,S004,Delhi Select,North,P008,Yoga Mat,Sports,Fitness,2,1299,15,2208.3,1148.32,1059.98,Wallet,Web,Delivered,7,95,46,SELLER016,4,0
O002374,C0109,2025-07-02,S005,Hyderabad Hub,South,P003,Coffee Maker,Home Appliances,Kitchen,3,3499,20,8397.6,4450.73,3946.87,Net Banking,Mobile App,Delivered,8,114,53,SELLER017,5,0
O002375,C0126,2025-10-15,S006,Pune Market,West,P014,Office Chair,Office,Furniture,4,8999,0,35996,19437.84,16558.16,UPI,Store,Delivered,9,133,25,SELLER018,1,0
O002376,C0143,2025-01-01,S001,Bengaluru Central,South,P009,Backpack,Fashion,Bags,1,1799,5,1709.05,939.98,769.07,Credit Card,Web,Shipped,2,152,32,SELLER001,2,0
O002377,C0160,2025-04-14,S002,Chennai Marina,South,P004,Running Shoes,Fashion,Footwear,2,2999,10,5398.2,3022.99,2375.21,Debit Card,Mobile App,Processing,,171,39,SELLER002,3,0
O002378,C0177,2025-07-27,S003,Mumbai West,West,P015,Skincare Set,Beauty,Personal Care,3,2499,15,6372.45,3632.3,2740.15,Wallet,Store,Returned,4,10,46,SELLER003,4,1
O002379,C0194,2025-10-13,S004,Delhi Select,North,P010,Water Bottle,Sports,Fitness,4,699,20,2236.8,1297.34,939.46,Net Banking,Web,Cancelled,,29,53,SELLER004,5,0
O002380,C0211,2025-01-26,S005,Hyderabad Hub,South,P005,Bluetooth Speaker,Electronics,Audio,1,1899,0,1899,987.48,911.52,UPI,Mobile App,Delivered,6,48,25,SELLER005,1,0
O002381,C0228,2025-04-12,S006,Pune Market,West,P016,Bluetooth Keyboard,Electronics,Accessories,2,2799,5,5318.1,2818.59,2499.51,Credit Card,Store,Delivered,7,67,32,SELLER006,2,0
O002382,C0245,2025-07-25,S001,Bengaluru Central,South,P011,Cotton Bedsheet,Home,Bedding,3,1599,10,4317.3,2331.34,1985.96,Debit Card,Web,Delivered,8,86,39,SELLER007,3,0
O002383,C0012,2025-10-11,S002,Chennai Marina,South,P006,Laptop Stand,Office,Accessories,4,1499,15,5096.6,2803.13,2293.47,Wallet,Mobile App,Shipped,9,105,46,SELLER008,4,0
O002384,C0029,2025-01-24,S003,Mumbai West,West,P001,Wireless Headphones,Electronics,Audio,1,2499,20,1999.2,1119.55,879.65,Net Banking,Store,Processing,,124,53,SELLER009,5,0
O002385,C0046,2025-04-10,S004,Delhi Select,North,P012,Non-stick Pan,Home Appliances,Kitchen,2,2199,0,4398,2506.86,1891.14,UPI,Web,Returned,3,143,25,SELLER010,1,1
O002386,C0063,2025-07-23,S005,Hyderabad Hub,South,P007,Desk Lamp,Home,Lighting,3,999,5,2847.15,1651.35,1195.8,Credit Card,Mobile App,Cancelled,,162,32,SELLER011,2,0
O002387,C0080,2025-10-09,S006,Pune Market,West,P002,Smart Watch,Electronics,Wearables,4,5999,10,21596.4,11230.13,10366.27,Debit Card,Store,Delivered,5,181,39,SELLER012,3,0
O002388,C0097,2025-01-22,S001,Bengaluru Central,South,P013,USB-C Hub,Electronics,Accessories,1,2299,15,1954.15,1035.7,918.45,Wallet,Web,Delivered,6,20,46,SELLER013,4,0
O002389,C0114,2025-04-08,S002,Chennai Marina,South,P008,Yoga Mat,Sports,Fitness,2,1299,20,2078.4,1122.34,956.06,Net Banking,Mobile App,Delivered,7,39,53,SELLER014,5,0
O002390,C0131,2025-07-21,S003,Mumbai West,West,P003,Coffee Maker,Home Appliances,Kitchen,3,3499,0,10497,5773.35,4723.65,UPI,Store,Shipped,8,58,25,SELLER015,1,0
O002391,C0148,2025-10-07,S004,Delhi Select,North,P014,Office Chair,Office,Furniture,4,8999,5,34196.2,19149.87,15046.33,Credit Card,Web,Processing,,77,32,SELLER016,2,0
O002392,C0165,2025-01-20,S005,Hyderabad Hub,South,P009,Backpack,Fashion,Bags,1,1799,10,1619.1,922.89,696.21,Debit Card,Mobile App,Returned,2,96,39,SELLER017,3,1
O002393,C0182,2025-04-06,S006,Pune Market,West,P004,Running Shoes,Fashion,Footwear,2,2999,15,5098.3,2957.01,2141.29,Wallet,Store,Cancelled,,115,46,SELLER018,4,0
O002394,C0199,2025-07-19,S001,Bengaluru Central,South,P015,Skincare Set,Beauty,Personal Care,3,2499,20,5997.6,3118.75,2878.85,Net Banking,Web,Delivered,4,134,53,SELLER001,5,0
O002395,C0216,2025-10-05,S002,Chennai Marina,South,P010,Water Bottle,Sports,Fitness,4,699,0,2796,1481.88,1314.12,UPI,Mobile App,Delivered,5,153,25,SELLER002,1,0
O002396,C0233,2025-01-18,S003,Mumbai West,West,P005,Bluetooth Speaker,Electronics,Audio,1,1899,5,1804.05,974.19,829.86,Credit Card,Store,Delivered,6,172,32,SELLER003,2,0
O002397,C0250,2025-04-04,S004,Delhi Select,North,P016,Bluetooth Keyboard,Electronics,Accessories,2,2799,10,5038.2,2771.01,2267.19,Debit Card,Web,Shipped,7,11,39,SELLER004,3,0
O002398,C0017,2025-07-17,S005,Hyderabad Hub,South,P011,Cotton Bedsheet,Home,Bedding,3,1599,15,4077.45,2283.37,1794.08,Wallet,Mobile App,Processing,,30,46,SELLER005,4,0
O002399,C0034,2025-10-03,S006,Pune Market,West,P006,Laptop Stand,Office,Accessories,4,1499,20,4796.8,2734.18,2062.62,Net Banking,Store,Returned,9,49,53,SELLER006,5,1
O002400,C0051,2025-01-16,S001,Bengaluru Central,South,P001,Wireless Headphones,Electronics,Audio,1,2499,0,2499,1449.42,1049.58,UPI,Web,Cancelled,,68,25,SELLER007,1,0
O002401,C0068,2025-04-02,S002,Chennai Marina,South,P012,Non-stick Pan,Home Appliances,Kitchen,2,2199,5,4178.1,2172.61,2005.49,Credit Card,Mobile App,Delivered,3,87,32,SELLER008,2,0
O002402,C0085,2025-07-15,S003,Mumbai West,West,P007,Desk Lamp,Home,Lighting,3,999,10,2697.3,1429.57,1267.73,Debit Card,Store,Delivered,4,106,39,SELLER009,3,0
O002403,C0102,2025-10-01,S004,Delhi Select,North,P002,Smart Watch,Electronics,Wearables,4,5999,15,20396.6,11014.16,9382.44,Wallet,Web,Delivered,5,125,46,SELLER010,4,0
O002404,C0119,2025-01-14,S005,Hyderabad Hub,South,P013,USB-C Hub,Electronics,Accessories,1,2299,20,1839.2,1011.56,827.64,Net Banking,Mobile App,Shipped,6,144,53,SELLER011,5,0
O002405,C0136,2025-04-27,S006,Pune Market,West,P008,Yoga Mat,Sports,Fitness,2,1299,0,2598,1454.88,1143.12,UPI,Store,Processing,,163,25,SELLER012,1,0
O002406,C0153,2025-07-13,S001,Bengaluru Central,South,P003,Coffee Maker,Home Appliances,Kitchen,3,3499,5,9972.15,5684.13,4288.02,Credit Card,Web,Returned,8,182,32,SELLER013,2,1
O002407,C0170,2025-10-26,S002,Chennai Marina,South,P014,Office Chair,Office,Furniture,4,8999,10,32396.4,18789.91,13606.49,Debit Card,Mobile App,Cancelled,,21,39,SELLER014,3,0
O002408,C0187,2025-01-12,S003,Mumbai West,West,P009,Backpack,Fashion,Bags,1,1799,15,1529.15,795.16,733.99,Wallet,Store,Delivered,2,40,46,SELLER015,4,0
O002409,C0204,2025-04-25,S004,Delhi Select,North,P004,Running Shoes,Fashion,Footwear,2,2999,20,4798.4,2543.15,2255.25,Net Banking,Web,Delivered,3,59,53,SELLER016,5,0
O002410,C0221,2025-07-11,S005,Hyderabad Hub,South,P015,Skincare Set,Beauty,Personal Care,3,2499,0,7497,4048.38,3448.62,UPI,Mobile App,Delivered,4,78,25,SELLER017,1,0
O002411,C0238,2025-10-24,S006,Pune Market,West,P010,Water Bottle,Sports,Fitness,4,699,5,2656.2,1460.91,1195.29,Credit Card,Store,Shipped,5,97,32,SELLER018,2,0
O002412,C0005,2025-01-10,S001,Bengaluru Central,South,P005,Bluetooth Speaker,Electronics,Audio,1,1899,10,1709.1,957.1,752,Debit Card,Web,Processing,,116,39,SELLER001,3,0
O002413,C0022,2025-04-23,S002,Chennai Marina,South,P016,Bluetooth Keyboard,Electronics,Accessories,2,2799,15,4758.3,2712.23,2046.07,Wallet,Mobile App,Returned,7,135,46,SELLER002,4,1
O002414,C0039,2025-07-09,S003,Mumbai West,West,P011,Cotton Bedsheet,Home,Bedding,3,1599,20,3837.6,2225.81,1611.79,Net Banking,Store,Cancelled,,154,53,SELLER003,5,0
O002415,C0056,2025-10-22,S004,Delhi Select,North,P006,Laptop Stand,Office,Accessories,4,1499,0,5996,3117.92,2878.08,UPI,Web,Delivered,9,173,25,SELLER004,1,0
O002416,C0073,2025-01-08,S005,Hyderabad Hub,South,P001,Wireless Headphones,Electronics,Audio,1,2499,5,2374.05,1258.25,1115.8,Credit Card,Mobile App,Delivered,2,12,32,SELLER005,2,0
O002417,C0090,2025-04-21,S006,Pune Market,West,P012,Non-stick Pan,Home Appliances,Kitchen,2,2199,10,3958.2,2137.43,1820.77,Debit Card,Store,Delivered,3,31,39,SELLER006,3,0
O002418,C0107,2025-07-07,S001,Bengaluru Central,South,P007,Desk Lamp,Home,Lighting,3,999,15,2547.45,1401.1,1146.35,Wallet,Web,Shipped,4,50,46,SELLER007,4,0
O002419,C0124,2025-10-20,S002,Chennai Marina,South,P002,Smart Watch,Electronics,Wearables,4,5999,20,19196.8,10750.21,8446.59,Net Banking,Mobile App,Processing,,69,53,SELLER008,5,0
O002420,C0141,2025-01-06,S003,Mumbai West,West,P013,USB-C Hub,Electronics,Accessories,1,2299,0,2299,1310.43,988.57,UPI,Store,Returned,6,88,25,SELLER009,1,1
O002421,C0158,2025-04-19,S004,Delhi Select,North,P008,Yoga Mat,Sports,Fitness,2,1299,5,2468.1,1431.5,1036.6,Credit Card,Web,Cancelled,,107,32,SELLER010,2,0
O002422,C0175,2025-07-05,S005,Hyderabad Hub,South,P003,Coffee Maker,Home Appliances,Kitchen,3,3499,10,9447.3,4912.6,4534.7,Debit Card,Mobile App,Delivered,8,126,39,SELLER011,3,0
O002423,C0192,2025-10-18,S006,Pune Market,West,P014,Office Chair,Office,Furniture,4,8999,15,30596.6,16216.2,14380.4,Wallet,Store,Delivered,9,145,46,SELLER012,4,0
O002424,C0209,2025-01-04,S001,Bengaluru Central,South,P009,Backpack,Fashion,Bags,1,1799,20,1439.2,777.17,662.03,Net Banking,Web,Delivered,2,164,53,SELLER013,5,0
O002425,C0226,2025-04-17,S002,Chennai Marina,South,P004,Running Shoes,Fashion,Footwear,2,2999,0,5998,3298.9,2699.1,UPI,Mobile App,Shipped,3,183,25,SELLER014,1,0
O002426,C0243,2025-07-03,S003,Mumbai West,West,P015,Skincare Set,Beauty,Personal Care,3,2499,5,7122.15,3988.4,3133.75,Credit Card,Store,Processing,,22,32,SELLER015,2,0
O002427,C0010,2025-10-16,S004,Delhi Select,North,P010,Water Bottle,Sports,Fitness,4,699,10,2516.4,1434.35,1082.05,Debit Card,Web,Returned,5,41,39,SELLER016,3,1
O002428,C0027,2025-01-02,S005,Hyderabad Hub,South,P005,Bluetooth Speaker,Electronics,Audio,1,1899,15,1614.15,936.21,677.94,Wallet,Mobile App,Cancelled,,60,46,SELLER017,4,0
O002429,C0044,2025-04-15,S006,Pune Market,West,P016,Bluetooth Keyboard,Electronics,Accessories,2,2799,20,4478.4,2328.77,2149.63,Net Banking,Store,Delivered,7,79,53,SELLER018,5,0
O002430,C0061,2025-07-01,S001,Bengaluru Central,South,P011,Cotton Bedsheet,Home,Bedding,3,1599,0,4797,2542.41,2254.59,UPI,Web,Delivered,8,98,25,SELLER001,1,0
O002431,C0078,2025-10-14,S002,Chennai Marina,South,P006,Laptop Stand,Office,Accessories,4,1499,5,5696.2,3075.95,2620.25,Credit Card,Mobile App,Delivered,9,117,32,SELLER002,2,0
O002432,C0095,2025-01-27,S003,Mumbai West,West,P001,Wireless Headphones,Electronics,Audio,1,2499,10,2249.1,1237.01,1012.09,Debit Card,Store,Shipped,2,136,39,SELLER003,3,0
O002433,C0112,2025-04-13,S004,Delhi Select,North,P012,Non-stick Pan,Home Appliances,Kitchen,2,2199,15,3738.3,2093.45,1644.85,Wallet,Web,Processing,,155,46,SELLER004,4,0
O002434,C0129,2025-07-26,S005,Hyderabad Hub,South,P007,Desk Lamp,Home,Lighting,3,999,20,2397.6,1366.63,1030.97,Net Banking,Mobile App,Returned,4,174,53,SELLER005,5,1
O002435,C0146,2025-10-12,S006,Pune Market,West,P002,Smart Watch,Electronics,Wearables,4,5999,0,23996,13917.68,10078.32,UPI,Store,Cancelled,,13,25,SELLER006,1,0
O002436,C0163,2025-01-25,S001,Bengaluru Central,South,P013,USB-C Hub,Electronics,Accessories,1,2299,5,2184.05,1135.71,1048.34,Credit Card,Web,Delivered,6,32,32,SELLER007,2,0
O002437,C0180,2025-04-11,S002,Chennai Marina,South,P008,Yoga Mat,Sports,Fitness,2,1299,10,2338.2,1239.25,1098.95,Debit Card,Mobile App,Delivered,7,51,39,SELLER008,3,0
O002438,C0197,2025-07-24,S003,Mumbai West,West,P003,Coffee Maker,Home Appliances,Kitchen,3,3499,15,8922.45,4818.12,4104.33,Wallet,Store,Delivered,8,70,46,SELLER009,4,0
O002439,C0214,2025-10-10,S004,Delhi Select,North,P014,Office Chair,Office,Furniture,4,8999,20,28796.8,15838.24,12958.56,Net Banking,Web,Shipped,9,89,53,SELLER010,5,0
O002440,C0231,2025-01-23,S005,Hyderabad Hub,South,P009,Backpack,Fashion,Bags,1,1799,0,1799,1007.44,791.56,UPI,Mobile App,Processing,,108,25,SELLER011,1,0
O002441,C0248,2025-04-09,S006,Pune Market,West,P004,Running Shoes,Fashion,Footwear,2,2999,5,5698.1,3247.92,2450.18,Credit Card,Store,Returned,3,127,32,SELLER012,2,1
O002442,C0015,2025-07-22,S001,Bengaluru Central,South,P015,Skincare Set,Beauty,Personal Care,3,2499,10,6747.3,3913.43,2833.87,Debit Card,Web,Cancelled,,146,39,SELLER013,3,0
O002443,C0032,2025-10-08,S002,Chennai Marina,South,P010,Water Bottle,Sports,Fitness,4,699,15,2376.6,1235.83,1140.77,Wallet,Mobile App,Delivered,5,165,46,SELLER014,4,0
O002444,C0049,2025-01-21,S003,Mumbai West,West,P005,Bluetooth Speaker,Electronics,Audio,1,1899,20,1519.2,805.18,714.02,Net Banking,Store,Delivered,6,184,53,SELLER015,5,0
O002445,C0066,2025-04-07,S004,Delhi Select,North,P016,Bluetooth Keyboard,Electronics,Accessories,2,2799,0,5598,3022.92,2575.08,UPI,Web,Delivered,7,23,25,SELLER016,1,0
O002446,C0083,2025-07-20,S005,Hyderabad Hub,South,P011,Cotton Bedsheet,Home,Bedding,3,1599,5,4557.15,2506.43,2050.72,Credit Card,Mobile App,Shipped,8,42,32,SELLER017,2,0
O002447,C0100,2025-10-06,S006,Pune Market,West,P006,Laptop Stand,Office,Accessories,4,1499,10,5396.4,3021.98,2374.42,Debit Card,Store,Processing,,61,39,SELLER018,3,0
O002448,C0117,2025-01-19,S001,Bengaluru Central,South,P001,Wireless Headphones,Electronics,Audio,1,2499,15,2124.15,1210.77,913.38,Wallet,Web,Returned,2,80,46,SELLER001,4,1
O002449,C0134,2025-04-05,S002,Chennai Marina,South,P012,Non-stick Pan,Home Appliances,Kitchen,2,2199,20,3518.4,2040.67,1477.73,Net Banking,Mobile App,Cancelled,,99,53,SELLER002,5,0
O002450,C0151,2025-07-18,S003,Mumbai West,West,P007,Desk Lamp,Home,Lighting,3,999,0,2997,1558.44,1438.56,UPI,Store,Delivered,4,118,25,SELLER003,1,0
O002451,C0168,2025-10-04,S004,Delhi Select,North,P002,Smart Watch,Electronics,Wearables,4,5999,5,22796.2,12081.99,10714.21,Credit Card,Web,Delivered,5,137,32,SELLER004,2,0
O002452,C0185,2025-01-17,S005,Hyderabad Hub,South,P013,USB-C Hub,Electronics,Accessories,1,2299,10,2069.1,1117.31,951.79,Debit Card,Mobile App,Delivered,6,156,39,SELLER005,3,0
O002453,C0202,2025-04-03,S006,Pune Market,West,P008,Yoga Mat,Sports,Fitness,2,1299,15,2208.3,1214.57,993.73,Wallet,Store,Shipped,7,175,46,SELLER006,4,0
O002454,C0219,2025-07-16,S001,Bengaluru Central,South,P003,Coffee Maker,Home Appliances,Kitchen,3,3499,20,8397.6,4702.66,3694.94,Net Banking,Web,Processing,,14,53,SELLER007,5,0
O002455,C0236,2025-10-02,S002,Chennai Marina,South,P014,Office Chair,Office,Furniture,4,8999,0,35996,20517.72,15478.28,UPI,Mobile App,Returned,9,33,25,SELLER008,1,1
O002456,C0003,2025-01-15,S003,Mumbai West,West,P009,Backpack,Fashion,Bags,1,1799,5,1709.05,991.25,717.8,Credit Card,Store,Cancelled,,52,32,SELLER009,2,0
O002457,C0020,2025-04-01,S004,Delhi Select,North,P004,Running Shoes,Fashion,Footwear,2,2999,10,5398.2,2807.06,2591.14,Debit Card,Web,Delivered,3,71,39,SELLER010,3,0
O002458,C0037,2025-07-14,S005,Hyderabad Hub,South,P015,Skincare Set,Beauty,Personal Care,3,2499,15,6372.45,3377.4,2995.05,Wallet,Mobile App,Delivered,4,90,46,SELLER011,4,0
O002459,C0054,2025-10-27,S006,Pune Market,West,P010,Water Bottle,Sports,Fitness,4,699,20,2236.8,1207.87,1028.93,Net Banking,Store,Delivered,5,109,53,SELLER012,5,0
O002460,C0071,2025-01-13,S001,Bengaluru Central,South,P005,Bluetooth Speaker,Electronics,Audio,1,1899,0,1899,1044.45,854.55,UPI,Web,Shipped,6,128,25,SELLER013,1,0
O002461,C0088,2025-04-26,S002,Chennai Marina,South,P016,Bluetooth Keyboard,Electronics,Accessories,2,2799,5,5318.1,2978.14,2339.96,Credit Card,Mobile App,Processing,,147,32,SELLER014,2,0
O002462,C0105,2025-07-12,S003,Mumbai West,West,P011,Cotton Bedsheet,Home,Bedding,3,1599,10,4317.3,2460.86,1856.44,Debit Card,Store,Returned,8,166,39,SELLER015,3,1
O002463,C0122,2025-10-25,S004,Delhi Select,North,P006,Laptop Stand,Office,Accessories,4,1499,15,5096.6,2956.03,2140.57,Wallet,Web,Cancelled,,185,46,SELLER016,4,0
O002464,C0139,2025-01-11,S005,Hyderabad Hub,South,P001,Wireless Headphones,Electronics,Audio,1,2499,20,1999.2,1039.58,959.62,Net Banking,Mobile App,Delivered,2,24,53,SELLER017,5,0
O002465,C0156,2025-04-24,S006,Pune Market,West,P012,Non-stick Pan,Home Appliances,Kitchen,2,2199,0,4398,2330.94,2067.06,UPI,Store,Delivered,3,43,25,SELLER018,1,0
O002466,C0173,2025-07-10,S001,Bengaluru Central,South,P007,Desk Lamp,Home,Lighting,3,999,5,2847.15,1537.46,1309.69,Credit Card,Web,Delivered,4,62,32,SELLER001,2,0
O002467,C0190,2025-10-23,S002,Chennai Marina,South,P002,Smart Watch,Electronics,Wearables,4,5999,10,21596.4,11878.02,9718.38,Debit Card,Mobile App,Shipped,5,81,39,SELLER002,3,0
O002468,C0207,2025-01-09,S003,Mumbai West,West,P013,USB-C Hub,Electronics,Accessories,1,2299,15,1954.15,1094.32,859.83,Wallet,Store,Processing,,100,46,SELLER003,4,0
O002469,C0224,2025-04-22,S004,Delhi Select,North,P008,Yoga Mat,Sports,Fitness,2,1299,20,2078.4,1184.69,893.71,Net Banking,Web,Returned,7,119,53,SELLER004,5,1
O002470,C0241,2025-07-08,S005,Hyderabad Hub,South,P003,Coffee Maker,Home Appliances,Kitchen,3,3499,0,10497,6088.26,4408.74,UPI,Mobile App,Cancelled,,138,25,SELLER005,1,0
O002471,C0008,2025-10-21,S006,Pune Market,West,P014,Office Chair,Office,Furniture,4,8999,5,34196.2,17782.02,16414.18,Credit Card,Store,Delivered,9,157,32,SELLER006,2,0
O002472,C0025,2025-01-07,S001,Bengaluru Central,South,P009,Backpack,Fashion,Bags,1,1799,10,1619.1,858.12,760.98,Debit Card,Web,Delivered,2,176,39,SELLER007,3,0
O002473,C0042,2025-04-20,S002,Chennai Marina,South,P004,Running Shoes,Fashion,Footwear,2,2999,15,5098.3,2753.08,2345.22,Wallet,Mobile App,Delivered,3,15,46,SELLER008,4,0
O002474,C0059,2025-07-06,S003,Mumbai West,West,P015,Skincare Set,Beauty,Personal Care,3,2499,20,5997.6,3298.68,2698.92,Net Banking,Store,Shipped,4,34,53,SELLER009,5,0
O002475,C0076,2025-10-19,S004,Delhi Select,North,P010,Water Bottle,Sports,Fitness,4,699,0,2796,1565.76,1230.24,UPI,Web,Processing,,53,25,SELLER010,1,0
O002476,C0093,2025-01-05,S005,Hyderabad Hub,South,P005,Bluetooth Speaker,Electronics,Audio,1,1899,5,1804.05,1028.31,775.74,Credit Card,Mobile App,Returned,6,72,32,SELLER011,2,1
O002477,C0110,2025-04-18,S006,Pune Market,West,P016,Bluetooth Keyboard,Electronics,Accessories,2,2799,10,5038.2,2922.16,2116.04,Debit Card,Store,Cancelled,,91,39,SELLER012,3,0
O002478,C0127,2025-07-04,S001,Bengaluru Central,South,P011,Cotton Bedsheet,Home,Bedding,3,1599,15,4077.45,2120.27,1957.18,Wallet,Web,Delivered,8,110,46,SELLER013,4,0
O002479,C0144,2025-10-17,S002,Chennai Marina,South,P006,Laptop Stand,Office,Accessories,4,1499,20,4796.8,2542.3,2254.5,Net Banking,Mobile App,Delivered,9,129,53,SELLER014,5,0
O002480,C0161,2025-01-03,S003,Mumbai West,West,P001,Wireless Headphones,Electronics,Audio,1,2499,0,2499,1349.46,1149.54,UPI,Store,Delivered,2,148,25,SELLER015,1,0
O002481,C0178,2025-04-16,S004,Delhi Select,North,P012,Non-stick Pan,Home Appliances,Kitchen,2,2199,5,4178.1,2297.96,1880.14,Credit Card,Web,Shipped,3,167,32,SELLER016,2,0
O002482,C0195,2025-07-02,S005,Hyderabad Hub,South,P007,Desk Lamp,Home,Lighting,3,999,10,2697.3,1510.49,1186.81,Debit Card,Mobile App,Processing,,186,39,SELLER017,3,0
O002483,C0212,2025-10-15,S006,Pune Market,West,P002,Smart Watch,Electronics,Wearables,4,5999,15,20396.6,11626.06,8770.54,Wallet,Store,Returned,5,25,46,SELLER018,4,1
O002484,C0229,2025-01-01,S001,Bengaluru Central,South,P013,USB-C Hub,Electronics,Accessories,1,2299,20,1839.2,1066.74,772.46,Net Banking,Web,Cancelled,,44,53,SELLER001,5,0
O002485,C0246,2025-04-14,S002,Chennai Marina,South,P008,Yoga Mat,Sports,Fitness,2,1299,0,2598,1350.96,1247.04,UPI,Mobile App,Delivered,7,63,25,SELLER002,1,0
O002486,C0013,2025-07-27,S003,Mumbai West,West,P003,Coffee Maker,Home Appliances,Kitchen,3,3499,5,9972.15,5285.24,4686.91,Credit Card,Store,Delivered,8,82,32,SELLER003,2,0
O002487,C0030,2025-10-13,S004,Delhi Select,North,P014,Office Chair,Office,Furniture,4,8999,10,32396.4,17494.06,14902.34,Debit Card,Web,Delivered,9,101,39,SELLER004,3,0
O002488,C0047,2025-01-26,S005,Hyderabad Hub,South,P009,Backpack,Fashion,Bags,1,1799,15,1529.15,841.03,688.12,Wallet,Mobile App,Shipped,2,120,46,SELLER005,4,0
O002489,C0064,2025-04-12,S006,Pune Market,West,P004,Running Shoes,Fashion,Footwear,2,2999,20,4798.4,2687.1,2111.3,Net Banking,Store,Processing,,139,53,SELLER006,5,0
O002490,C0081,2025-07-25,S001,Bengaluru Central,South,P015,Skincare Set,Beauty,Personal Care,3,2499,0,7497,4273.29,3223.71,UPI,Web,Returned,4,158,25,SELLER007,1,1
O002491,C0098,2025-10-11,S002,Chennai Marina,South,P010,Water Bottle,Sports,Fitness,4,699,5,2656.2,1540.6,1115.6,Credit Card,Mobile App,Cancelled,,177,32,SELLER008,2,0
O002492,C0115,2025-01-24,S003,Mumbai West,West,P005,Bluetooth Speaker,Electronics,Audio,1,1899,10,1709.1,888.73,820.37,Debit Card,Store,Delivered,6,16,39,SELLER009,3,0
O002493,C0132,2025-04-10,S004,Delhi Select,North,P016,Bluetooth Keyboard,Electronics,Accessories,2,2799,15,4758.3,2521.9,2236.4,Wallet,Web,Delivered,7,35,46,SELLER010,4,0
O002494,C0149,2025-07-23,S005,Hyderabad Hub,South,P011,Cotton Bedsheet,Home,Bedding,3,1599,20,3837.6,2072.3,1765.3,Net Banking,Mobile App,Delivered,8,54,53,SELLER011,5,0
O002495,C0166,2025-10-09,S006,Pune Market,West,P006,Laptop Stand,Office,Accessories,4,1499,0,5996,3297.8,2698.2,UPI,Store,Shipped,9,73,25,SELLER012,1,0
O002496,C0183,2025-01-22,S001,Bengaluru Central,South,P001,Wireless Headphones,Electronics,Audio,1,2499,5,2374.05,1329.47,1044.58,Credit Card,Web,Processing,,92,32,SELLER013,2,0
O002497,C0200,2025-04-08,S002,Chennai Marina,South,P012,Non-stick Pan,Home Appliances,Kitchen,2,2199,10,3958.2,2256.17,1702.03,Debit Card,Mobile App,Returned,3,111,39,SELLER014,3,1
O002498,C0217,2025-07-21,S003,Mumbai West,West,P007,Desk Lamp,Home,Lighting,3,999,15,2547.45,1477.52,1069.93,Wallet,Store,Cancelled,,130,46,SELLER015,4,0
O002499,C0234,2025-10-07,S004,Delhi Select,North,P002,Smart Watch,Electronics,Wearables,4,5999,20,19196.8,9982.34,9214.46,Net Banking,Web,Delivered,5,149,53,SELLER016,5,0
O002500,C0001,2025-01-20,S005,Hyderabad Hub,South,P013,USB-C Hub,Electronics,Accessories,1,2299,0,2299,1218.47,1080.53,UPI,Mobile App,Delivered,6,168,25,SELLER017,1,0
